LINUX RAW PREVIOUS BOOT LOG
================================================================================
Hostname: ip-172-31-21-130
Collection Time: 2026-08-21 10:22:40.994738
================================================================================

Aug 20 19:22:21 ip-172-31-21-130 kernel: Linux version 7.0.0-1010-aws (buildd@lcy02-amd64-063) (x86_64-linux-gnu-gcc-13 (Ubuntu 13.3.0-6ubuntu2~24.04.1) 13.3.0, GNU ld (GNU Binutils for Ubuntu) 2.42) #10~24.04.1-Ubuntu SMP PREEMPT Mon Jul 27 17:41:33 UTC 2026 (Ubuntu 7.0.0-1010.10~24.04.1-aws 7.0.12)
Aug 20 19:22:21 ip-172-31-21-130 kernel: Command line: BOOT_IMAGE=/vmlinuz-7.0.0-1010-aws root=PARTUUID=fe814a98-f7fd-4c3d-9642-c18fe64c6e5d ro console=tty1 console=ttyS0 nvme_core.io_timeout=4294967295 panic=-1
Aug 20 19:22:21 ip-172-31-21-130 kernel: KERNEL supported cpus:
Aug 20 19:22:21 ip-172-31-21-130 kernel:   Intel GenuineIntel
Aug 20 19:22:21 ip-172-31-21-130 kernel:   AMD AuthenticAMD
Aug 20 19:22:21 ip-172-31-21-130 kernel:   Hygon HygonGenuine
Aug 20 19:22:21 ip-172-31-21-130 kernel:   Centaur CentaurHauls
Aug 20 19:22:21 ip-172-31-21-130 kernel:   zhaoxin   Shanghai  
Aug 20 19:22:21 ip-172-31-21-130 kernel: x86/CPU: Model not found in latest microcode list
Aug 20 19:22:21 ip-172-31-21-130 kernel: BIOS-provided physical RAM map:
Aug 20 19:22:21 ip-172-31-21-130 kernel: BIOS-e820: [mem 0x0000000000000000-0x000000000009dfff]  System RAM
Aug 20 19:22:21 ip-172-31-21-130 kernel: BIOS-e820: [mem 0x000000000009e000-0x000000000009ffff]  device reserved
Aug 20 19:22:21 ip-172-31-21-130 kernel: BIOS-e820: [gap 0x00000000000a0000-0x00000000000dffff]
Aug 20 19:22:21 ip-172-31-21-130 kernel: BIOS-e820: [mem 0x00000000000e0000-0x00000000000fffff]  device reserved
Aug 20 19:22:21 ip-172-31-21-130 kernel: BIOS-e820: [mem 0x0000000000100000-0x00000000efffffff]  System RAM
Aug 20 19:22:21 ip-172-31-21-130 kernel: BIOS-e820: [gap 0x00000000f0000000-0x00000000fbffffff]
Aug 20 19:22:21 ip-172-31-21-130 kernel: BIOS-e820: [mem 0x00000000fc000000-0x00000000ffffffff]  device reserved
Aug 20 19:22:21 ip-172-31-21-130 kernel: BIOS-e820: [mem 0x0000000100000000-0x000000020fffffff]  System RAM
Aug 20 19:22:21 ip-172-31-21-130 kernel: NX (Execute Disable) protection: active
Aug 20 19:22:21 ip-172-31-21-130 kernel: APIC: Static calls initialized
Aug 20 19:22:21 ip-172-31-21-130 kernel: SMBIOS 2.7 present.
Aug 20 19:22:21 ip-172-31-21-130 kernel: DMI: Xen HVM domU, BIOS 4.11.amazon 08/24/2006
Aug 20 19:22:21 ip-172-31-21-130 kernel: DMI: Memory slots populated: 1/1
Aug 20 19:22:21 ip-172-31-21-130 kernel: Hypervisor detected: Xen HVM
Aug 20 19:22:21 ip-172-31-21-130 kernel: Xen version 4.11.
Aug 20 19:22:21 ip-172-31-21-130 kernel: platform_pci_unplug: Netfront and the Xen platform PCI driver have been compiled for this kernel: unplug emulated NICs.
Aug 20 19:22:21 ip-172-31-21-130 kernel: platform_pci_unplug: Blkfront and the Xen platform PCI driver have been compiled for this kernel: unplug emulated disks.
                                         You might have to change the root device
                                         from /dev/hd[a-d] to /dev/xvd[a-d]
                                         in your root= kernel command line option
Aug 20 19:22:21 ip-172-31-21-130 kernel: HVMOP_pagetable_dying not supported
Aug 20 19:22:21 ip-172-31-21-130 kernel: tsc: Detected 2299.998 MHz processor
Aug 20 19:22:21 ip-172-31-21-130 kernel: e820: update [mem 0x00000000-0x00000fff] System RAM ==> device reserved
Aug 20 19:22:21 ip-172-31-21-130 kernel: e820: remove [mem 0x000a0000-0x000fffff] System RAM
Aug 20 19:22:21 ip-172-31-21-130 kernel: last_pfn = 0x210000 max_arch_pfn = 0x400000000
Aug 20 19:22:21 ip-172-31-21-130 kernel: MTRR map: 4 entries (3 fixed + 1 variable; max 19), built from 8 variable MTRRs
Aug 20 19:22:21 ip-172-31-21-130 kernel: x86/PAT: Configuration [0-7]: WB  WC  UC- UC  WB  WP  UC- WT  
Aug 20 19:22:21 ip-172-31-21-130 kernel: last_pfn = 0xf0000 max_arch_pfn = 0x400000000
Aug 20 19:22:21 ip-172-31-21-130 kernel: found SMP MP-table at [mem 0x000fbb70-0x000fbb7f]
Aug 20 19:22:21 ip-172-31-21-130 kernel: RAMDISK: [mem 0x3631f000-0x37186fff]
Aug 20 19:22:21 ip-172-31-21-130 kernel: ACPI: Early table checksum verification disabled
Aug 20 19:22:21 ip-172-31-21-130 kernel: ACPI: RSDP 0x00000000000EA020 000024 (v02 Xen   )
Aug 20 19:22:21 ip-172-31-21-130 kernel: ACPI: XSDT 0x00000000FC00D4F0 00005C (v01 Xen    HVM      00000000 HVML 00000000)
Aug 20 19:22:21 ip-172-31-21-130 kernel: ACPI: FACP 0x00000000FC00D3F0 0000F4 (v04 Xen    HVM      00000000 HVML 00000000)
Aug 20 19:22:21 ip-172-31-21-130 kernel: ACPI: DSDT 0x00000000FC001000 00BD14 (v02 Xen    HVM      00000000 INTL 20090123)
Aug 20 19:22:21 ip-172-31-21-130 kernel: ACPI: FACS 0x00000000FC00D2F0 000040
Aug 20 19:22:21 ip-172-31-21-130 kernel: ACPI: FACS 0x00000000FC00D2F0 000040
Aug 20 19:22:21 ip-172-31-21-130 kernel: ACPI: SSDT 0x00000000FC00CD20 000033 (v02 Xen    HVM      00000000 INTL 20090123)
Aug 20 19:22:21 ip-172-31-21-130 kernel: ACPI: SSDT 0x00000000FC00CD60 000031 (v02 Xen    HVM      00000000 INTL 20090123)
Aug 20 19:22:21 ip-172-31-21-130 kernel: ACPI: APIC 0x00000000FC00CDA0 0000D8 (v02 Xen    HVM      00000000 HVML 00000000)
Aug 20 19:22:21 ip-172-31-21-130 kernel: ACPI: HPET 0x00000000FC00D280 000038 (v01 Xen    HVM      00000000 HVML 00000000)
Aug 20 19:22:21 ip-172-31-21-130 kernel: ACPI: WAET 0x00000000FC00D2C0 000028 (v01 Xen    HVM      00000000 HVML 00000000)
Aug 20 19:22:21 ip-172-31-21-130 kernel: ACPI: Reserving FACP table memory at [mem 0xfc00d3f0-0xfc00d4e3]
Aug 20 19:22:21 ip-172-31-21-130 kernel: ACPI: Reserving DSDT table memory at [mem 0xfc001000-0xfc00cd13]
Aug 20 19:22:21 ip-172-31-21-130 kernel: ACPI: Reserving FACS table memory at [mem 0xfc00d2f0-0xfc00d32f]
Aug 20 19:22:21 ip-172-31-21-130 kernel: ACPI: Reserving FACS table memory at [mem 0xfc00d2f0-0xfc00d32f]
Aug 20 19:22:21 ip-172-31-21-130 kernel: ACPI: Reserving SSDT table memory at [mem 0xfc00cd20-0xfc00cd52]
Aug 20 19:22:21 ip-172-31-21-130 kernel: ACPI: Reserving SSDT table memory at [mem 0xfc00cd60-0xfc00cd90]
Aug 20 19:22:21 ip-172-31-21-130 kernel: ACPI: Reserving APIC table memory at [mem 0xfc00cda0-0xfc00ce77]
Aug 20 19:22:21 ip-172-31-21-130 kernel: ACPI: Reserving HPET table memory at [mem 0xfc00d280-0xfc00d2b7]
Aug 20 19:22:21 ip-172-31-21-130 kernel: ACPI: Reserving WAET table memory at [mem 0xfc00d2c0-0xfc00d2e7]
Aug 20 19:22:21 ip-172-31-21-130 kernel: No NUMA configuration found
Aug 20 19:22:21 ip-172-31-21-130 kernel: Faking a node at [mem 0x0000000000000000-0x000000020fffffff]
Aug 20 19:22:21 ip-172-31-21-130 kernel: NODE_DATA(0) allocated [mem 0x20ffd2280-0x20fffcfff]
Aug 20 19:22:21 ip-172-31-21-130 kernel: ACPI: PM-Timer IO Port: 0xb008
Aug 20 19:22:21 ip-172-31-21-130 kernel: IOAPIC[0]: apic_id 1, version 17, address 0xfec00000, GSI 0-47
Aug 20 19:22:21 ip-172-31-21-130 kernel: ACPI: INT_SRC_OVR (bus 0 bus_irq 0 global_irq 2 dfl dfl)
Aug 20 19:22:21 ip-172-31-21-130 kernel: ACPI: INT_SRC_OVR (bus 0 bus_irq 5 global_irq 5 low level)
Aug 20 19:22:21 ip-172-31-21-130 kernel: ACPI: INT_SRC_OVR (bus 0 bus_irq 10 global_irq 10 low level)
Aug 20 19:22:21 ip-172-31-21-130 kernel: ACPI: INT_SRC_OVR (bus 0 bus_irq 11 global_irq 11 low level)
Aug 20 19:22:21 ip-172-31-21-130 kernel: ACPI: Using ACPI (MADT) for SMP configuration information
Aug 20 19:22:21 ip-172-31-21-130 kernel: ACPI: HPET id: 0x8086a201 base: 0xfed00000
Aug 20 19:22:21 ip-172-31-21-130 kernel: TSC deadline timer available
Aug 20 19:22:21 ip-172-31-21-130 kernel: CPU topo: Max. logical packages:   1
Aug 20 19:22:21 ip-172-31-21-130 kernel: CPU topo: Max. logical nodes:      1
Aug 20 19:22:21 ip-172-31-21-130 kernel: CPU topo: Num. nodes per package:  1
Aug 20 19:22:21 ip-172-31-21-130 kernel: CPU topo: Max. logical dies:       1
Aug 20 19:22:21 ip-172-31-21-130 kernel: CPU topo: Max. dies per package:   1
Aug 20 19:22:21 ip-172-31-21-130 kernel: CPU topo: Max. threads per core:   1
Aug 20 19:22:21 ip-172-31-21-130 kernel: CPU topo: Num. cores per package:     2
Aug 20 19:22:21 ip-172-31-21-130 kernel: CPU topo: Num. threads per package:   2
Aug 20 19:22:21 ip-172-31-21-130 kernel: CPU topo: Allowing 2 present CPUs plus 13 hotplug CPUs
Aug 20 19:22:21 ip-172-31-21-130 kernel: PM: hibernation: Registered nosave memory: [mem 0x00000000-0x00000fff]
Aug 20 19:22:21 ip-172-31-21-130 kernel: PM: hibernation: Registered nosave memory: [mem 0x0009e000-0x000fffff]
Aug 20 19:22:21 ip-172-31-21-130 kernel: PM: hibernation: Registered nosave memory: [mem 0xf0000000-0xffffffff]
Aug 20 19:22:21 ip-172-31-21-130 kernel: [gap 0xf0000000-0xfbffffff] available for PCI devices
Aug 20 19:22:21 ip-172-31-21-130 kernel: Booting paravirtualized kernel on Xen HVM
Aug 20 19:22:21 ip-172-31-21-130 kernel: clocksource: refined-jiffies: mask: 0xffffffff max_cycles: 0xffffffff, max_idle_ns: 1910969940391419 ns
Aug 20 19:22:21 ip-172-31-21-130 kernel: Zone ranges:
Aug 20 19:22:21 ip-172-31-21-130 kernel:   DMA      [mem 0x0000000000001000-0x0000000000ffffff]
Aug 20 19:22:21 ip-172-31-21-130 kernel:   DMA32    [mem 0x0000000001000000-0x00000000ffffffff]
Aug 20 19:22:21 ip-172-31-21-130 kernel:   Normal   [mem 0x0000000100000000-0x000000020fffffff]
Aug 20 19:22:21 ip-172-31-21-130 kernel:   Device   empty
Aug 20 19:22:21 ip-172-31-21-130 kernel: Movable zone start for each node
Aug 20 19:22:21 ip-172-31-21-130 kernel: Early memory node ranges
Aug 20 19:22:21 ip-172-31-21-130 kernel:   node   0: [mem 0x0000000000001000-0x000000000009dfff]
Aug 20 19:22:21 ip-172-31-21-130 kernel:   node   0: [mem 0x0000000000100000-0x00000000efffffff]
Aug 20 19:22:21 ip-172-31-21-130 kernel:   node   0: [mem 0x0000000100000000-0x000000020fffffff]
Aug 20 19:22:21 ip-172-31-21-130 kernel: Initmem setup node 0 [mem 0x0000000000001000-0x000000020fffffff]
Aug 20 19:22:21 ip-172-31-21-130 kernel: On node 0, zone DMA: 1 pages in unavailable ranges
Aug 20 19:22:21 ip-172-31-21-130 kernel: On node 0, zone DMA: 98 pages in unavailable ranges
Aug 20 19:22:21 ip-172-31-21-130 kernel: setup_percpu: NR_CPUS:8192 nr_cpumask_bits:15 nr_cpu_ids:15 nr_node_ids:1
Aug 20 19:22:21 ip-172-31-21-130 kernel: percpu: Embedded 85 pages/cpu s225280 r8192 d114688 u524288
Aug 20 19:22:21 ip-172-31-21-130 kernel: pcpu-alloc: s225280 r8192 d114688 u524288 alloc=1*2097152
Aug 20 19:22:21 ip-172-31-21-130 kernel: pcpu-alloc: [0] 00 01 02 03 [0] 04 05 06 07 
Aug 20 19:22:21 ip-172-31-21-130 kernel: pcpu-alloc: [0] 08 09 10 11 [0] 12 13 14 -- 
Aug 20 19:22:21 ip-172-31-21-130 kernel: xen: PV spinlocks enabled
Aug 20 19:22:21 ip-172-31-21-130 kernel: PV qspinlock hash table entries: 256 (order: 0, 4096 bytes, linear)
Aug 20 19:22:21 ip-172-31-21-130 kernel: Kernel command line: BOOT_IMAGE=/vmlinuz-7.0.0-1010-aws root=PARTUUID=fe814a98-f7fd-4c3d-9642-c18fe64c6e5d ro console=tty1 console=ttyS0 nvme_core.io_timeout=4294967295 panic=-1
Aug 20 19:22:21 ip-172-31-21-130 kernel: random: crng init done
Aug 20 19:22:21 ip-172-31-21-130 kernel: printk: log buffer data + meta data: 262144 + 1114112 = 1376256 bytes
Aug 20 19:22:21 ip-172-31-21-130 kernel: Dentry cache hash table entries: 1048576 (order: 11, 8388608 bytes, linear)
Aug 20 19:22:21 ip-172-31-21-130 kernel: Inode-cache hash table entries: 524288 (order: 10, 4194304 bytes, linear)
Aug 20 19:22:21 ip-172-31-21-130 kernel: software IO TLB: area num 16.
Aug 20 19:22:21 ip-172-31-21-130 kernel: Fallback order for Node 0: 0 
Aug 20 19:22:21 ip-172-31-21-130 kernel: Built 1 zonelists, mobility grouping on.  Total pages: 2097053
Aug 20 19:22:21 ip-172-31-21-130 kernel: Policy zone: Normal
Aug 20 19:22:21 ip-172-31-21-130 kernel: mem auto-init: stack:all(zero), heap alloc:on, heap free:off
Aug 20 19:22:21 ip-172-31-21-130 kernel: SLUB: HWalign=64, Order=0-3, MinObjects=0, CPUs=15, Nodes=1
Aug 20 19:22:21 ip-172-31-21-130 kernel: Kernel/User page tables isolation: enabled
Aug 20 19:22:21 ip-172-31-21-130 kernel: ftrace section at ffffffffbb934260 sorted properly
Aug 20 19:22:21 ip-172-31-21-130 kernel: ftrace: allocating 63844 entries in 252 pages
Aug 20 19:22:21 ip-172-31-21-130 kernel: ftrace: allocated 252 pages with 6 groups
Aug 20 19:22:21 ip-172-31-21-130 kernel: rcu: Hierarchical RCU implementation.
Aug 20 19:22:21 ip-172-31-21-130 kernel: rcu:         RCU restricting CPUs from NR_CPUS=8192 to nr_cpu_ids=15.
Aug 20 19:22:21 ip-172-31-21-130 kernel:         Trampoline variant of Tasks RCU enabled.
Aug 20 19:22:21 ip-172-31-21-130 kernel:         Rude variant of Tasks RCU enabled.
Aug 20 19:22:21 ip-172-31-21-130 kernel:         Tracing variant of Tasks RCU enabled.
Aug 20 19:22:21 ip-172-31-21-130 kernel: rcu: RCU calculated value of scheduler-enlistment delay is 100 jiffies.
Aug 20 19:22:21 ip-172-31-21-130 kernel: rcu: Adjusting geometry for rcu_fanout_leaf=16, nr_cpu_ids=15
Aug 20 19:22:21 ip-172-31-21-130 kernel: RCU Tasks: Setting shift to 4 and lim to 1 rcu_task_cb_adjust=1 rcu_task_cpu_ids=15.
Aug 20 19:22:21 ip-172-31-21-130 kernel: RCU Tasks Rude: Setting shift to 4 and lim to 1 rcu_task_cb_adjust=1 rcu_task_cpu_ids=15.
Aug 20 19:22:21 ip-172-31-21-130 kernel: NR_IRQS: 524544, nr_irqs: 952, preallocated irqs: 16
Aug 20 19:22:21 ip-172-31-21-130 kernel: xen:events: Using 2-level ABI
Aug 20 19:22:21 ip-172-31-21-130 kernel: xen:events: Xen HVM callback vector for event delivery is enabled
Aug 20 19:22:21 ip-172-31-21-130 kernel: rcu: srcu_init: Setting srcu_struct sizes based on contention.
Aug 20 19:22:21 ip-172-31-21-130 kernel: Console: colour VGA+ 80x25
Aug 20 19:22:21 ip-172-31-21-130 kernel: printk: legacy console [tty1] enabled
Aug 20 19:22:21 ip-172-31-21-130 kernel: Cannot get hvm parameter CONSOLE_EVTCHN (18): -22!
Aug 20 19:22:21 ip-172-31-21-130 kernel: printk: legacy console [ttyS0] enabled
Aug 20 19:22:21 ip-172-31-21-130 kernel: ACPI: Core revision 20251212
Aug 20 19:22:21 ip-172-31-21-130 kernel: clocksource: hpet: mask: 0xffffffff max_cycles: 0xffffffff, max_idle_ns: 30580167144 ns
Aug 20 19:22:21 ip-172-31-21-130 kernel: APIC: Switch to symmetric I/O mode setup
Aug 20 19:22:21 ip-172-31-21-130 kernel: x2apic enabled
Aug 20 19:22:21 ip-172-31-21-130 kernel: APIC: Switched APIC routing to: physical x2apic
Aug 20 19:22:21 ip-172-31-21-130 kernel: ..TIMER: vector=0x30 apic1=0 pin1=2 apic2=0 pin2=0
Aug 20 19:22:21 ip-172-31-21-130 kernel: clocksource: tsc-early: mask: 0xffffffffffffffff max_cycles: 0x212733415c7, max_idle_ns: 440795236380 ns
Aug 20 19:22:21 ip-172-31-21-130 kernel: Calibrating delay loop (skipped), value calculated using timer frequency.. 4599.99 BogoMIPS (lpj=2299998)
Aug 20 19:22:21 ip-172-31-21-130 kernel: Last level iTLB entries: 4KB 64, 2MB 8, 4MB 8
Aug 20 19:22:21 ip-172-31-21-130 kernel: Last level dTLB entries: 4KB 64, 2MB 32, 4MB 32, 1GB 4
Aug 20 19:22:21 ip-172-31-21-130 kernel: mitigations: Enabled attack vectors: user_kernel, user_user, guest_host, guest_guest, SMT mitigations: auto
Aug 20 19:22:21 ip-172-31-21-130 kernel: Speculative Store Bypass: Vulnerable
Aug 20 19:22:21 ip-172-31-21-130 kernel: Spectre V2 : Mitigation: Retpolines
Aug 20 19:22:21 ip-172-31-21-130 kernel: ITS: Mitigation: Aligned branch/return thunks
Aug 20 19:22:21 ip-172-31-21-130 kernel: MDS: Vulnerable: Clear CPU buffers attempted, no microcode
Aug 20 19:22:21 ip-172-31-21-130 kernel: MMIO Stale Data: Vulnerable: Clear CPU buffers attempted, no microcode
Aug 20 19:22:21 ip-172-31-21-130 kernel: Spectre V1 : Mitigation: usercopy/swapgs barriers and __user pointer sanitization
Aug 20 19:22:21 ip-172-31-21-130 kernel: Spectre V2 : Spectre v2 / SpectreRSB: Filling RSB on context switch and VMEXIT
Aug 20 19:22:21 ip-172-31-21-130 kernel: active return thunk: its_return_thunk
Aug 20 19:22:21 ip-172-31-21-130 kernel: x86/fpu: Supporting XSAVE feature 0x001: 'x87 floating point registers'
Aug 20 19:22:21 ip-172-31-21-130 kernel: x86/fpu: Supporting XSAVE feature 0x002: 'SSE registers'
Aug 20 19:22:21 ip-172-31-21-130 kernel: x86/fpu: Supporting XSAVE feature 0x004: 'AVX registers'
Aug 20 19:22:21 ip-172-31-21-130 kernel: x86/fpu: xstate_offset[2]:  576, xstate_sizes[2]:  256
Aug 20 19:22:21 ip-172-31-21-130 kernel: x86/fpu: Enabled xstate features 0x7, context size is 832 bytes, using 'standard' format.
Aug 20 19:22:21 ip-172-31-21-130 kernel: Freeing SMP alternatives memory: 56K
Aug 20 19:22:21 ip-172-31-21-130 kernel: pid_max: default: 32768 minimum: 301
Aug 20 19:22:21 ip-172-31-21-130 kernel: landlock: Up and running.
Aug 20 19:22:21 ip-172-31-21-130 kernel: Yama: becoming mindful.
Aug 20 19:22:21 ip-172-31-21-130 kernel: AppArmor: AppArmor initialized
Aug 20 19:22:21 ip-172-31-21-130 kernel: AppArmor: AppArmor secmark mediation reserved: ready to be enabled
Aug 20 19:22:21 ip-172-31-21-130 kernel: Mount-cache hash table entries: 16384 (order: 5, 131072 bytes, linear)
Aug 20 19:22:21 ip-172-31-21-130 kernel: Mountpoint-cache hash table entries: 16384 (order: 5, 131072 bytes, linear)
Aug 20 19:22:21 ip-172-31-21-130 kernel: VFS: Finished mounting rootfs on nullfs
Aug 20 19:22:21 ip-172-31-21-130 kernel: clocksource: xen: mask: 0xffffffffffffffff max_cycles: 0x1cd42e4dffb, max_idle_ns: 881590591483 ns
Aug 20 19:22:21 ip-172-31-21-130 kernel: Xen: using vcpuop timer interface
Aug 20 19:22:21 ip-172-31-21-130 kernel: installing Xen timer for CPU 0
Aug 20 19:22:21 ip-172-31-21-130 kernel: smpboot: CPU0: Intel(R) Xeon(R) CPU E5-2686 v4 @ 2.30GHz (family: 0x6, model: 0x4f, stepping: 0x1)
Aug 20 19:22:21 ip-172-31-21-130 kernel: cpu 0 spinlock event irq 53
Aug 20 19:22:21 ip-172-31-21-130 kernel: Performance Events: unsupported CPU family 6 model 79 no PMU driver, software events only.
Aug 20 19:22:21 ip-172-31-21-130 kernel: signal: max sigframe size: 1776
Aug 20 19:22:21 ip-172-31-21-130 kernel: rcu: Hierarchical SRCU implementation.
Aug 20 19:22:21 ip-172-31-21-130 kernel: rcu:         Max phase no-delay instances is 400.
Aug 20 19:22:21 ip-172-31-21-130 kernel: Timer migration: 2 hierarchy levels; 8 children per group; 2 crossnode level
Aug 20 19:22:21 ip-172-31-21-130 kernel: NMI watchdog: Perf NMI watchdog permanently disabled
Aug 20 19:22:21 ip-172-31-21-130 kernel: smp: Bringing up secondary CPUs ...
Aug 20 19:22:21 ip-172-31-21-130 kernel: installing Xen timer for CPU 1
Aug 20 19:22:21 ip-172-31-21-130 kernel: smpboot: x86: Booting SMP configuration:
Aug 20 19:22:21 ip-172-31-21-130 kernel: .... node  #0, CPUs:        #1
Aug 20 19:22:21 ip-172-31-21-130 kernel: cpu 1 spinlock event irq 59
Aug 20 19:22:21 ip-172-31-21-130 kernel: smp: Brought up 1 node, 2 CPUs
Aug 20 19:22:21 ip-172-31-21-130 kernel: smpboot: Total of 2 processors activated (391242.09 BogoMIPS)
Aug 20 19:22:21 ip-172-31-21-130 kernel: Memory: 7087564K/8388212K available (23130K kernel code, 4948K rwdata, 16388K rodata, 5412K init, 5744K bss, 1291392K reserved, 0K cma-reserved)
Aug 20 19:22:21 ip-172-31-21-130 kernel: devtmpfs: initialized
Aug 20 19:22:21 ip-172-31-21-130 kernel: x86/mm: Memory block size: 128MB
Aug 20 19:22:21 ip-172-31-21-130 kernel: clocksource: jiffies: mask: 0xffffffff max_cycles: 0xffffffff, max_idle_ns: 1911260446275000 ns
Aug 20 19:22:21 ip-172-31-21-130 kernel: posixtimers hash table entries: 8192 (order: 5, 131072 bytes, linear)
Aug 20 19:22:21 ip-172-31-21-130 kernel: futex hash table entries: 4096 (262144 bytes on 1 NUMA nodes, total 256 KiB, linear).
Aug 20 19:22:21 ip-172-31-21-130 kernel: PM: RTC time: 19:22:18, date: 2026-08-20
Aug 20 19:22:21 ip-172-31-21-130 kernel: NET: Registered PF_NETLINK/PF_ROUTE protocol family
Aug 20 19:22:21 ip-172-31-21-130 kernel: DMA: preallocated 1024 KiB GFP_KERNEL pool for atomic allocations
Aug 20 19:22:21 ip-172-31-21-130 kernel: DMA: preallocated 1024 KiB GFP_KERNEL|GFP_DMA pool for atomic allocations
Aug 20 19:22:21 ip-172-31-21-130 kernel: DMA: preallocated 1024 KiB GFP_KERNEL|GFP_DMA32 pool for atomic allocations
Aug 20 19:22:21 ip-172-31-21-130 kernel: audit: initializing netlink subsys (disabled)
Aug 20 19:22:21 ip-172-31-21-130 kernel: audit: type=2000 audit(1787253734.219:1): state=initialized audit_enabled=0 res=1
Aug 20 19:22:21 ip-172-31-21-130 kernel: thermal_sys: Registered thermal governor 'fair_share'
Aug 20 19:22:21 ip-172-31-21-130 kernel: thermal_sys: Registered thermal governor 'bang_bang'
Aug 20 19:22:21 ip-172-31-21-130 kernel: thermal_sys: Registered thermal governor 'step_wise'
Aug 20 19:22:21 ip-172-31-21-130 kernel: thermal_sys: Registered thermal governor 'user_space'
Aug 20 19:22:21 ip-172-31-21-130 kernel: thermal_sys: Registered thermal governor 'power_allocator'
Aug 20 19:22:21 ip-172-31-21-130 kernel: cpuidle: using governor ladder
Aug 20 19:22:21 ip-172-31-21-130 kernel: cpuidle: using governor menu
Aug 20 19:22:21 ip-172-31-21-130 kernel: acpiphp: ACPI Hot Plug PCI Controller Driver version: 0.5
Aug 20 19:22:21 ip-172-31-21-130 kernel: PCI: Using configuration type 1 for base access
Aug 20 19:22:21 ip-172-31-21-130 kernel: kprobes: kprobe jump-optimization is enabled. All kprobes are optimized if possible.
Aug 20 19:22:21 ip-172-31-21-130 kernel: HugeTLB: registered 2.00 MiB page size, pre-allocated 0 pages
Aug 20 19:22:21 ip-172-31-21-130 kernel: HugeTLB: 28 KiB vmemmap can be freed for a 2.00 MiB page
Aug 20 19:22:21 ip-172-31-21-130 kernel: ACPI: Added _OSI(Module Device)
Aug 20 19:22:21 ip-172-31-21-130 kernel: ACPI: Added _OSI(Processor Device)
Aug 20 19:22:21 ip-172-31-21-130 kernel: ACPI: Added _OSI(Processor Aggregator Device)
Aug 20 19:22:21 ip-172-31-21-130 kernel: ACPI: 3 ACPI AML tables successfully acquired and loaded
Aug 20 19:22:21 ip-172-31-21-130 kernel: xen: --> pirq=16 -> irq=9 (gsi=9)
Aug 20 19:22:21 ip-172-31-21-130 kernel: ACPI: \_SB_: platform _OSC: OS support mask [006e7eff]
Aug 20 19:22:21 ip-172-31-21-130 kernel: ACPI: Interpreter enabled
Aug 20 19:22:21 ip-172-31-21-130 kernel: ACPI: PM: (supports S0 S4 S5)
Aug 20 19:22:21 ip-172-31-21-130 kernel: ACPI: Using IOAPIC for interrupt routing
Aug 20 19:22:21 ip-172-31-21-130 kernel: PCI: Using host bridge windows from ACPI; if necessary, use "pci=nocrs" and report a bug
Aug 20 19:22:21 ip-172-31-21-130 kernel: PCI: Using E820 reservations for host bridge windows
Aug 20 19:22:21 ip-172-31-21-130 kernel: ACPI: Enabled 2 GPEs in block 00 to 0F
Aug 20 19:22:21 ip-172-31-21-130 kernel: ACPI: PCI Root Bridge [PCI0] (domain 0000 [bus 00-ff])
Aug 20 19:22:21 ip-172-31-21-130 kernel: acpi PNP0A03:00: _OSC: OS supports [ASPM ClockPM Segments MSI EDR HPX-Type3]
Aug 20 19:22:21 ip-172-31-21-130 kernel: acpi PNP0A03:00: _OSC: not requesting OS control; OS requires [ExtendedConfig ASPM ClockPM MSI]
Aug 20 19:22:21 ip-172-31-21-130 kernel: acpi PNP0A03:00: _OSC: platform retains control of PCIe features (AE_ERROR)
Aug 20 19:22:21 ip-172-31-21-130 kernel: acpi PNP0A03:00: fail to add MMCONFIG information, can't access extended configuration space under this bridge
Aug 20 19:22:21 ip-172-31-21-130 kernel: acpiphp: Slot [0] registered
Aug 20 19:22:21 ip-172-31-21-130 kernel: acpiphp: Slot [3] registered
Aug 20 19:22:21 ip-172-31-21-130 kernel: acpiphp: Slot [4] registered
Aug 20 19:22:21 ip-172-31-21-130 kernel: acpiphp: Slot [5] registered
Aug 20 19:22:21 ip-172-31-21-130 kernel: acpiphp: Slot [6] registered
Aug 20 19:22:21 ip-172-31-21-130 kernel: acpiphp: Slot [7] registered
Aug 20 19:22:21 ip-172-31-21-130 kernel: acpiphp: Slot [8] registered
Aug 20 19:22:21 ip-172-31-21-130 kernel: acpiphp: Slot [9] registered
Aug 20 19:22:21 ip-172-31-21-130 kernel: acpiphp: Slot [10] registered
Aug 20 19:22:21 ip-172-31-21-130 kernel: acpiphp: Slot [11] registered
Aug 20 19:22:21 ip-172-31-21-130 kernel: acpiphp: Slot [12] registered
Aug 20 19:22:21 ip-172-31-21-130 kernel: acpiphp: Slot [13] registered
Aug 20 19:22:21 ip-172-31-21-130 kernel: acpiphp: Slot [14] registered
Aug 20 19:22:21 ip-172-31-21-130 kernel: acpiphp: Slot [15] registered
Aug 20 19:22:21 ip-172-31-21-130 kernel: acpiphp: Slot [16] registered
Aug 20 19:22:21 ip-172-31-21-130 kernel: acpiphp: Slot [17] registered
Aug 20 19:22:21 ip-172-31-21-130 kernel: acpiphp: Slot [18] registered
Aug 20 19:22:21 ip-172-31-21-130 kernel: acpiphp: Slot [19] registered
Aug 20 19:22:21 ip-172-31-21-130 kernel: acpiphp: Slot [20] registered
Aug 20 19:22:21 ip-172-31-21-130 kernel: acpiphp: Slot [21] registered
Aug 20 19:22:21 ip-172-31-21-130 kernel: acpiphp: Slot [22] registered
Aug 20 19:22:21 ip-172-31-21-130 kernel: acpiphp: Slot [23] registered
Aug 20 19:22:21 ip-172-31-21-130 kernel: acpiphp: Slot [24] registered
Aug 20 19:22:21 ip-172-31-21-130 kernel: acpiphp: Slot [25] registered
Aug 20 19:22:21 ip-172-31-21-130 kernel: acpiphp: Slot [26] registered
Aug 20 19:22:21 ip-172-31-21-130 kernel: acpiphp: Slot [27] registered
Aug 20 19:22:21 ip-172-31-21-130 kernel: acpiphp: Slot [28] registered
Aug 20 19:22:21 ip-172-31-21-130 kernel: acpiphp: Slot [29] registered
Aug 20 19:22:21 ip-172-31-21-130 kernel: acpiphp: Slot [30] registered
Aug 20 19:22:21 ip-172-31-21-130 kernel: acpiphp: Slot [31] registered
Aug 20 19:22:21 ip-172-31-21-130 kernel: PCI host bridge to bus 0000:00
Aug 20 19:22:21 ip-172-31-21-130 kernel: pci_bus 0000:00: root bus resource [io  0x0000-0x0cf7 window]
Aug 20 19:22:21 ip-172-31-21-130 kernel: pci_bus 0000:00: root bus resource [io  0x0d00-0xffff window]
Aug 20 19:22:21 ip-172-31-21-130 kernel: pci_bus 0000:00: root bus resource [mem 0x000a0000-0x000bffff window]
Aug 20 19:22:21 ip-172-31-21-130 kernel: pci_bus 0000:00: root bus resource [mem 0xf0000000-0xffffffff window]
Aug 20 19:22:21 ip-172-31-21-130 kernel: pci_bus 0000:00: root bus resource [bus 00-ff]
Aug 20 19:22:21 ip-172-31-21-130 kernel: pci 0000:00:00.0: [8086:1237] type 00 class 0x060000 conventional PCI endpoint
Aug 20 19:22:21 ip-172-31-21-130 kernel: pci 0000:00:01.0: [8086:7000] type 00 class 0x060100 conventional PCI endpoint
Aug 20 19:22:21 ip-172-31-21-130 kernel: pci 0000:00:01.1: [8086:7010] type 00 class 0x010180 conventional PCI endpoint
Aug 20 19:22:21 ip-172-31-21-130 kernel: pci 0000:00:01.1: BAR 4 [io  0xc000-0xc00f]
Aug 20 19:22:21 ip-172-31-21-130 kernel: pci 0000:00:01.1: BAR 0 [io  0x01f0-0x01f7]: legacy IDE quirk
Aug 20 19:22:21 ip-172-31-21-130 kernel: pci 0000:00:01.1: BAR 1 [io  0x03f6]: legacy IDE quirk
Aug 20 19:22:21 ip-172-31-21-130 kernel: pci 0000:00:01.1: BAR 2 [io  0x0170-0x0177]: legacy IDE quirk
Aug 20 19:22:21 ip-172-31-21-130 kernel: pci 0000:00:01.1: BAR 3 [io  0x0376]: legacy IDE quirk
Aug 20 19:22:21 ip-172-31-21-130 kernel: * Found PM-Timer Bug on the chipset. Due to workarounds for a bug,
                                         * this clock source is slow. Consider trying other clock sources
Aug 20 19:22:21 ip-172-31-21-130 kernel: pci 0000:00:01.3: [8086:7113] type 00 class 0x068000 conventional PCI endpoint
Aug 20 19:22:21 ip-172-31-21-130 kernel: pci 0000:00:01.3: quirk: [io  0xb000-0xb03f] claimed by PIIX4 ACPI
Aug 20 19:22:21 ip-172-31-21-130 kernel: pci 0000:00:02.0: [1013:00b8] type 00 class 0x030000 conventional PCI endpoint
Aug 20 19:22:21 ip-172-31-21-130 kernel: pci 0000:00:02.0: BAR 0 [mem 0xf8000000-0xf9ffffff pref]
Aug 20 19:22:21 ip-172-31-21-130 kernel: pci 0000:00:02.0: BAR 1 [mem 0xfbfff000-0xfbffffff]
Aug 20 19:22:21 ip-172-31-21-130 kernel: pci 0000:00:02.0: Video device with shadowed ROM at [mem 0x000c0000-0x000dffff]
Aug 20 19:22:21 ip-172-31-21-130 kernel: pci 0000:00:03.0: [5853:0001] type 00 class 0xff8000 conventional PCI endpoint
Aug 20 19:22:21 ip-172-31-21-130 kernel: pci 0000:00:03.0: BAR 0 [io  0xc100-0xc1ff]
Aug 20 19:22:21 ip-172-31-21-130 kernel: pci 0000:00:03.0: BAR 1 [mem 0xfa000000-0xfaffffff pref]
Aug 20 19:22:21 ip-172-31-21-130 kernel: ACPI: PCI: Interrupt link LNKA configured for IRQ 5
Aug 20 19:22:21 ip-172-31-21-130 kernel: ACPI: PCI: Interrupt link LNKB configured for IRQ 10
Aug 20 19:22:21 ip-172-31-21-130 kernel: ACPI: PCI: Interrupt link LNKC configured for IRQ 11
Aug 20 19:22:21 ip-172-31-21-130 kernel: ACPI: PCI: Interrupt link LNKD configured for IRQ 5
Aug 20 19:22:21 ip-172-31-21-130 kernel: xen:balloon: Initialising balloon driver
Aug 20 19:22:21 ip-172-31-21-130 kernel: iommu: Default domain type: Translated
Aug 20 19:22:21 ip-172-31-21-130 kernel: iommu: DMA domain TLB invalidation policy: lazy mode
Aug 20 19:22:21 ip-172-31-21-130 kernel: SCSI subsystem initialized
Aug 20 19:22:21 ip-172-31-21-130 kernel: libata version 3.00 loaded.
Aug 20 19:22:21 ip-172-31-21-130 kernel: ACPI: bus type USB registered
Aug 20 19:22:21 ip-172-31-21-130 kernel: usbcore: registered new interface driver usbfs
Aug 20 19:22:21 ip-172-31-21-130 kernel: usbcore: registered new interface driver hub
Aug 20 19:22:21 ip-172-31-21-130 kernel: usbcore: registered new device driver usb
Aug 20 19:22:21 ip-172-31-21-130 kernel: pps_core: LinuxPPS API ver. 1 registered
Aug 20 19:22:21 ip-172-31-21-130 kernel: pps_core: Software ver. 5.3.6 - Copyright 2005-2007 Rodolfo Giometti <giometti@linux.it>
Aug 20 19:22:21 ip-172-31-21-130 kernel: PTP clock support registered
Aug 20 19:22:21 ip-172-31-21-130 kernel: EDAC MC: Ver: 3.0.0
Aug 20 19:22:21 ip-172-31-21-130 kernel: NetLabel: Initializing
Aug 20 19:22:21 ip-172-31-21-130 kernel: NetLabel:  domain hash size = 128
Aug 20 19:22:21 ip-172-31-21-130 kernel: NetLabel:  protocols = UNLABELED CIPSOv4 CALIPSO
Aug 20 19:22:21 ip-172-31-21-130 kernel: NetLabel:  unlabeled traffic allowed by default
Aug 20 19:22:21 ip-172-31-21-130 kernel: mctp: management component transport protocol core
Aug 20 19:22:21 ip-172-31-21-130 kernel: NET: Registered PF_MCTP protocol family
Aug 20 19:22:21 ip-172-31-21-130 kernel: PCI: Using ACPI for IRQ routing
Aug 20 19:22:21 ip-172-31-21-130 kernel: PCI: pci_cache_line_size set to 64 bytes
Aug 20 19:22:21 ip-172-31-21-130 kernel: e820: register RAM buffer resource [mem 0x0009e000-0x0009ffff]
Aug 20 19:22:21 ip-172-31-21-130 kernel: pci 0000:00:02.0: vgaarb: setting as boot VGA device
Aug 20 19:22:21 ip-172-31-21-130 kernel: pci 0000:00:02.0: vgaarb: bridge control possible
Aug 20 19:22:21 ip-172-31-21-130 kernel: pci 0000:00:02.0: vgaarb: VGA device added: decodes=io+mem,owns=io+mem,locks=none
Aug 20 19:22:21 ip-172-31-21-130 kernel: vgaarb: loaded
Aug 20 19:22:21 ip-172-31-21-130 kernel: hpet: 3 channels of 0 reserved for per-cpu timers
Aug 20 19:22:21 ip-172-31-21-130 kernel: hpet0: at MMIO 0xfed00000, IRQs 2, 8, 0
Aug 20 19:22:21 ip-172-31-21-130 kernel: hpet0: 3 comparators, 64-bit 62.500000 MHz counter
Aug 20 19:22:21 ip-172-31-21-130 kernel: clocksource: Switched to clocksource xen
Aug 20 19:22:21 ip-172-31-21-130 kernel: VFS: Disk quotas dquot_6.6.0
Aug 20 19:22:21 ip-172-31-21-130 kernel: VFS: Dquot-cache hash table entries: 512 (order 0, 4096 bytes)
Aug 20 19:22:21 ip-172-31-21-130 kernel: AppArmor: AppArmor Filesystem Enabled
Aug 20 19:22:21 ip-172-31-21-130 kernel: acpi PNP0C02:00: Could not reserve [mem 0x00000000-0x0009ffff]
Aug 20 19:22:21 ip-172-31-21-130 kernel: acpi PNP0C02:01: Skipped [io  0x0010-0x001f]
Aug 20 19:22:21 ip-172-31-21-130 kernel: acpi PNP0C02:01: Skipped [io  0x0022-0x002d]
Aug 20 19:22:21 ip-172-31-21-130 kernel: acpi PNP0C02:01: Skipped [io  0x0030-0x003f]
Aug 20 19:22:21 ip-172-31-21-130 kernel: acpi PNP0C02:01: Skipped [io  0x0044-0x005f]
Aug 20 19:22:21 ip-172-31-21-130 kernel: acpi PNP0C02:01: Skipped [io  0x0062-0x0063]
Aug 20 19:22:21 ip-172-31-21-130 kernel: acpi PNP0C02:01: Skipped [io  0x0065-0x006f]
Aug 20 19:22:21 ip-172-31-21-130 kernel: acpi PNP0C02:01: Skipped [io  0x0072-0x007f]
Aug 20 19:22:21 ip-172-31-21-130 kernel: acpi PNP0C02:01: Skipped [io  0x0080]
Aug 20 19:22:21 ip-172-31-21-130 kernel: acpi PNP0C02:01: Skipped [io  0x0084-0x0086]
Aug 20 19:22:21 ip-172-31-21-130 kernel: acpi PNP0C02:01: Skipped [io  0x0088]
Aug 20 19:22:21 ip-172-31-21-130 kernel: acpi PNP0C02:01: Skipped [io  0x008c-0x008e]
Aug 20 19:22:21 ip-172-31-21-130 kernel: acpi PNP0C02:01: Skipped [io  0x0090-0x009f]
Aug 20 19:22:21 ip-172-31-21-130 kernel: acpi PNP0C02:01: Skipped [io  0x00a2-0x00bd]
Aug 20 19:22:21 ip-172-31-21-130 kernel: acpi PNP0C02:01: Skipped [io  0x00e0-0x00ef]
Aug 20 19:22:21 ip-172-31-21-130 kernel: acpi PNP0C02:01: Reserved [io  0x08a0-0x08a3]
Aug 20 19:22:21 ip-172-31-21-130 kernel: acpi PNP0C02:01: Reserved [io  0x0cc0-0x0ccf]
Aug 20 19:22:21 ip-172-31-21-130 kernel: acpi PNP0C02:01: Reserved [io  0x04d0-0x04d1]
Aug 20 19:22:21 ip-172-31-21-130 kernel: acpi PNP0C02:02: Reserved [io  0x10c0-0x1141]
Aug 20 19:22:21 ip-172-31-21-130 kernel: acpi PNP0C02:02: Reserved [io  0xb044-0xb047]
Aug 20 19:22:21 ip-172-31-21-130 kernel: pnp: PnP ACPI init
Aug 20 19:22:21 ip-172-31-21-130 kernel: xen: --> pirq=17 -> irq=8 (gsi=8)
Aug 20 19:22:21 ip-172-31-21-130 kernel: xen: --> pirq=18 -> irq=12 (gsi=12)
Aug 20 19:22:21 ip-172-31-21-130 kernel: xen: --> pirq=19 -> irq=1 (gsi=1)
Aug 20 19:22:21 ip-172-31-21-130 kernel: xen: --> pirq=20 -> irq=6 (gsi=6)
Aug 20 19:22:21 ip-172-31-21-130 kernel: pnp 00:03: [dma 2]
Aug 20 19:22:21 ip-172-31-21-130 kernel: xen: --> pirq=21 -> irq=4 (gsi=4)
Aug 20 19:22:21 ip-172-31-21-130 kernel: pnp: PnP ACPI: found 5 devices
Aug 20 19:22:21 ip-172-31-21-130 kernel: clocksource: acpi_pm: mask: 0xffffff max_cycles: 0xffffff, max_idle_ns: 2085701024 ns
Aug 20 19:22:21 ip-172-31-21-130 kernel: NET: Registered PF_INET protocol family
Aug 20 19:22:21 ip-172-31-21-130 kernel: IP idents hash table entries: 131072 (order: 8, 1048576 bytes, linear)
Aug 20 19:22:21 ip-172-31-21-130 kernel: tcp_listen_portaddr_hash hash table entries: 4096 (order: 4, 65536 bytes, linear)
Aug 20 19:22:21 ip-172-31-21-130 kernel: Table-perturb hash table entries: 65536 (order: 6, 262144 bytes, linear)
Aug 20 19:22:21 ip-172-31-21-130 kernel: TCP established hash table entries: 65536 (order: 7, 524288 bytes, linear)
Aug 20 19:22:21 ip-172-31-21-130 kernel: TCP bind hash table entries: 65536 (order: 9, 2097152 bytes, linear)
Aug 20 19:22:21 ip-172-31-21-130 kernel: TCP: Hash tables configured (established 65536 bind 65536)
Aug 20 19:22:21 ip-172-31-21-130 kernel: MPTCP token hash table entries: 8192 (order: 6, 196608 bytes, linear)
Aug 20 19:22:21 ip-172-31-21-130 kernel: UDP hash table entries: 4096 (order: 6, 262144 bytes, linear)
Aug 20 19:22:21 ip-172-31-21-130 kernel: UDP-Lite hash table entries: 4096 (order: 6, 262144 bytes, linear)
Aug 20 19:22:21 ip-172-31-21-130 kernel: NET: Registered PF_UNIX/PF_LOCAL protocol family
Aug 20 19:22:21 ip-172-31-21-130 kernel: NET: Registered PF_XDP protocol family
Aug 20 19:22:21 ip-172-31-21-130 kernel: pci_bus 0000:00: resource 4 [io  0x0000-0x0cf7 window]
Aug 20 19:22:21 ip-172-31-21-130 kernel: pci_bus 0000:00: resource 5 [io  0x0d00-0xffff window]
Aug 20 19:22:21 ip-172-31-21-130 kernel: pci_bus 0000:00: resource 6 [mem 0x000a0000-0x000bffff window]
Aug 20 19:22:21 ip-172-31-21-130 kernel: pci_bus 0000:00: resource 7 [mem 0xf0000000-0xffffffff window]
Aug 20 19:22:21 ip-172-31-21-130 kernel: pci 0000:00:01.0: PIIX3: Enabling Passive Release
Aug 20 19:22:21 ip-172-31-21-130 kernel: pci 0000:00:00.0: Limiting direct PCI/PCI transfers
Aug 20 19:22:21 ip-172-31-21-130 kernel: PCI: CLS 0 bytes, default 64
Aug 20 19:22:21 ip-172-31-21-130 kernel: PCI-DMA: Using software bounce buffering for IO (SWIOTLB)
Aug 20 19:22:21 ip-172-31-21-130 kernel: Trying to unpack rootfs image as initramfs...
Aug 20 19:22:21 ip-172-31-21-130 kernel: software IO TLB: mapped [mem 0x00000000ec000000-0x00000000f0000000] (64MB)
Aug 20 19:22:21 ip-172-31-21-130 kernel: clocksource: tsc: mask: 0xffffffffffffffff max_cycles: 0x212733415c7, max_idle_ns: 440795236380 ns
Aug 20 19:22:21 ip-172-31-21-130 kernel: Initialise system trusted keyrings
Aug 20 19:22:21 ip-172-31-21-130 kernel: Freeing initrd memory: 14752K
Aug 20 19:22:21 ip-172-31-21-130 kernel: Key type blacklist registered
Aug 20 19:22:21 ip-172-31-21-130 kernel: workingset: timestamp_bits=36 max_order=21 bucket_order=0
Aug 20 19:22:21 ip-172-31-21-130 kernel: squashfs: version 4.0 (2009/01/31) Phillip Lougher
Aug 20 19:22:21 ip-172-31-21-130 kernel: fuse: init (API version 7.45)
Aug 20 19:22:21 ip-172-31-21-130 kernel: integrity: Platform Keyring initialized
Aug 20 19:22:21 ip-172-31-21-130 kernel: integrity: Machine keyring initialized
Aug 20 19:22:21 ip-172-31-21-130 kernel: Key type asymmetric registered
Aug 20 19:22:21 ip-172-31-21-130 kernel: Asymmetric key parser 'x509' registered
Aug 20 19:22:21 ip-172-31-21-130 kernel: Block layer SCSI generic (bsg) driver version 0.4 loaded (major 242)
Aug 20 19:22:21 ip-172-31-21-130 kernel: io scheduler mq-deadline registered
Aug 20 19:22:21 ip-172-31-21-130 kernel: ledtrig-cpu: registered to indicate activity on CPUs
Aug 20 19:22:21 ip-172-31-21-130 kernel: input: Power Button as /devices/platform/LNXPWRBN:00/input/input0
Aug 20 19:22:21 ip-172-31-21-130 kernel: ACPI: button: Power Button [PWRF]
Aug 20 19:22:21 ip-172-31-21-130 kernel: input: Sleep Button as /devices/platform/LNXSLPBN:00/input/input1
Aug 20 19:22:21 ip-172-31-21-130 kernel: ACPI: button: Sleep Button [SLPF]
Aug 20 19:22:21 ip-172-31-21-130 kernel: xen: --> pirq=22 -> irq=28 (gsi=28)
Aug 20 19:22:21 ip-172-31-21-130 kernel: xen:grant_table: Grant tables using version 1 layout
Aug 20 19:22:21 ip-172-31-21-130 kernel: Grant table initialized
Aug 20 19:22:21 ip-172-31-21-130 kernel: Cannot get hvm parameter CONSOLE_EVTCHN (18): -22!
Aug 20 19:22:21 ip-172-31-21-130 kernel: Serial: 8250/16550 driver, 4 ports, IRQ sharing enabled
Aug 20 19:22:21 ip-172-31-21-130 kernel: 00:04: ttyS0 at I/O 0x3f8 (irq = 4, base_baud = 115200) is a 16550A
Aug 20 19:22:21 ip-172-31-21-130 kernel: Linux agpgart interface v0.103
Aug 20 19:22:21 ip-172-31-21-130 kernel: loop: module loaded
Aug 20 19:22:21 ip-172-31-21-130 kernel: Invalid max_queues (4), will use default max: 2.
Aug 20 19:22:21 ip-172-31-21-130 kernel: Key type psk registered
Aug 20 19:22:21 ip-172-31-21-130 kernel: scsi host0: ata_piix
Aug 20 19:22:21 ip-172-31-21-130 kernel: blkfront: xvda: barrier or flush: disabled; persistent grants: disabled; indirect descriptors: enabled; bounce buffer: disabled;
Aug 20 19:22:21 ip-172-31-21-130 kernel: scsi host1: ata_piix
Aug 20 19:22:21 ip-172-31-21-130 kernel: ata1: PATA max MWDMA2 cmd 0x1f0 ctl 0x3f6 bmdma 0xc000 irq 14 lpm-pol 0
Aug 20 19:22:21 ip-172-31-21-130 kernel: ata2: PATA max MWDMA2 cmd 0x170 ctl 0x376 bmdma 0xc008 irq 15 lpm-pol 0
Aug 20 19:22:21 ip-172-31-21-130 kernel: ACPI: bus type drm_connector registered
Aug 20 19:22:21 ip-172-31-21-130 kernel:  xvda: xvda1 xvda14 xvda15 xvda16
Aug 20 19:22:21 ip-172-31-21-130 kernel: tun: Universal TUN/TAP device driver, 1.6
Aug 20 19:22:21 ip-172-31-21-130 kernel: PPP generic driver version 2.4.2
Aug 20 19:22:21 ip-172-31-21-130 kernel: xen_netfront: Initialising Xen virtual ethernet driver
Aug 20 19:22:21 ip-172-31-21-130 kernel: i8042: PNP: PS/2 Controller [PNP0303:PS2K,PNP0f13:PS2M] at 0x60,0x64 irq 1,12
Aug 20 19:22:21 ip-172-31-21-130 kernel: i8042: Warning: Keylock active
Aug 20 19:22:21 ip-172-31-21-130 kernel: serio: i8042 KBD port at 0x60,0x64 irq 1
Aug 20 19:22:21 ip-172-31-21-130 kernel: serio: i8042 AUX port at 0x60,0x64 irq 12
Aug 20 19:22:21 ip-172-31-21-130 kernel: mousedev: PS/2 mouse device common for all mice
Aug 20 19:22:21 ip-172-31-21-130 kernel: rtc_cmos 00:00: registered as rtc0
Aug 20 19:22:21 ip-172-31-21-130 kernel: rtc_cmos 00:00: setting system clock to 2026-08-20T19:22:19 UTC (1787253739)
Aug 20 19:22:21 ip-172-31-21-130 kernel: rtc_cmos 00:00: alarms up to one day, 114 bytes nvram, hpet irqs
Aug 20 19:22:21 ip-172-31-21-130 kernel: i2c_dev: i2c /dev entries driver
Aug 20 19:22:21 ip-172-31-21-130 kernel: device-mapper: core: CONFIG_IMA_DISABLE_HTABLE is disabled. Duplicate IMA measurements will not be recorded in the IMA log.
Aug 20 19:22:21 ip-172-31-21-130 kernel: device-mapper: uevent: version 1.0.3
Aug 20 19:22:21 ip-172-31-21-130 kernel: device-mapper: ioctl: 4.50.0-ioctl (2025-04-28) initialised: dm-devel@lists.linux.dev
Aug 20 19:22:21 ip-172-31-21-130 kernel: intel_pstate: CPU model not supported
Aug 20 19:22:21 ip-172-31-21-130 kernel: drop_monitor: Initializing network drop monitor service
Aug 20 19:22:21 ip-172-31-21-130 kernel: NET: Registered PF_INET6 protocol family
Aug 20 19:22:21 ip-172-31-21-130 kernel: Segment Routing with IPv6
Aug 20 19:22:21 ip-172-31-21-130 kernel: In-situ OAM (IOAM) with IPv6
Aug 20 19:22:21 ip-172-31-21-130 kernel: NET: Registered PF_PACKET protocol family
Aug 20 19:22:21 ip-172-31-21-130 kernel: Key type dns_resolver registered
Aug 20 19:22:21 ip-172-31-21-130 kernel: resctrl: No MBM correction factor available
Aug 20 19:22:21 ip-172-31-21-130 kernel: IPI shorthand broadcast: enabled
Aug 20 19:22:21 ip-172-31-21-130 kernel: sched_clock: Marking stable (453003216, 281401725)->(6159594723, -5425189782)
Aug 20 19:22:21 ip-172-31-21-130 kernel: registered taskstats version 1
Aug 20 19:22:21 ip-172-31-21-130 kernel: Loading compiled-in X.509 certificates
Aug 20 19:22:21 ip-172-31-21-130 kernel: Loaded X.509 cert 'Build time autogenerated kernel key: 2f24b06c1e624fb173fdac675ec9a919854884d7'
Aug 20 19:22:21 ip-172-31-21-130 kernel: Loaded X.509 cert 'Canonical Ltd. Live Patch Signing 2025 Kmod: d541cef61dc7e793b7eb7e899970a2eef0b5dc8c'
Aug 20 19:22:21 ip-172-31-21-130 kernel: Loaded X.509 cert 'Canonical Ltd. Live Patch Signing: 14df34d1a87cf37625abec039ef2bf521249b969'
Aug 20 19:22:21 ip-172-31-21-130 kernel: Loaded X.509 cert 'Canonical Ltd. Kernel Module Signing 2025 Kmod: 4627603d2357a2a3f81006370894c221175893e9'
Aug 20 19:22:21 ip-172-31-21-130 kernel: Loaded X.509 cert 'Canonical Ltd. Kernel Module Signing: 88f752e560a1e0737e31163a466ad7b70a850c19'
Aug 20 19:22:21 ip-172-31-21-130 kernel: blacklist: Loading compiled-in revocation X.509 certificates
Aug 20 19:22:21 ip-172-31-21-130 kernel: Loaded X.509 cert 'Canonical Ltd. Secure Boot Signing: 61482aa2830d0ab2ad5af10b7250da9033ddcef0'
Aug 20 19:22:21 ip-172-31-21-130 kernel: Loaded X.509 cert 'Canonical Ltd. Secure Boot Signing (2017): 242ade75ac4a15e50d50c84b0d45ff3eae707a03'
Aug 20 19:22:21 ip-172-31-21-130 kernel: Loaded X.509 cert 'Canonical Ltd. Secure Boot Signing (ESM 2018): 365188c1d374d6b07c3c8f240f8ef722433d6a8b'
Aug 20 19:22:21 ip-172-31-21-130 kernel: Loaded X.509 cert 'Canonical Ltd. Secure Boot Signing (2019): c0746fd6c5da3ae827864651ad66ae47fe24b3e8'
Aug 20 19:22:21 ip-172-31-21-130 kernel: Loaded X.509 cert 'Canonical Ltd. Secure Boot Signing (2021 v1): a8d54bbb3825cfb94fa13c9f8a594a195c107b8d'
Aug 20 19:22:21 ip-172-31-21-130 kernel: Loaded X.509 cert 'Canonical Ltd. Secure Boot Signing (2021 v2): 4cf046892d6fd3c9a5b03f98d845f90851dc6a8c'
Aug 20 19:22:21 ip-172-31-21-130 kernel: Loaded X.509 cert 'Canonical Ltd. Secure Boot Signing (2021 v3): 100437bb6de6e469b581e61cd66bce3ef4ed53af'
Aug 20 19:22:21 ip-172-31-21-130 kernel: Loaded X.509 cert 'Canonical Ltd. Secure Boot Signing (Ubuntu Core 2019): c1d57b8f6b743f23ee41f4f7ee292f06eecadfb9'
Aug 20 19:22:21 ip-172-31-21-130 kernel: Demotion targets for Node 0: null
Aug 20 19:22:21 ip-172-31-21-130 kernel: Key type .fscrypt registered
Aug 20 19:22:21 ip-172-31-21-130 kernel: Key type fscrypt-provisioning registered
Aug 20 19:22:21 ip-172-31-21-130 kernel: Key type big_key registered
Aug 20 19:22:21 ip-172-31-21-130 kernel: Key type encrypted registered
Aug 20 19:22:21 ip-172-31-21-130 kernel: AppArmor: AppArmor sha256 policy hashing enabled
Aug 20 19:22:21 ip-172-31-21-130 kernel: ima: No TPM chip found, activating TPM-bypass!
Aug 20 19:22:21 ip-172-31-21-130 kernel: Loading compiled-in module X.509 certificates
Aug 20 19:22:21 ip-172-31-21-130 kernel: Loaded X.509 cert 'Build time autogenerated kernel key: 2f24b06c1e624fb173fdac675ec9a919854884d7'
Aug 20 19:22:21 ip-172-31-21-130 kernel: ima: Allocated hash algorithm: sha256
Aug 20 19:22:21 ip-172-31-21-130 kernel: ima: No architecture policies found
Aug 20 19:22:21 ip-172-31-21-130 kernel: evm: Initialising EVM extended attributes:
Aug 20 19:22:21 ip-172-31-21-130 kernel: evm: security.selinux
Aug 20 19:22:21 ip-172-31-21-130 kernel: evm: security.SMACK64
Aug 20 19:22:21 ip-172-31-21-130 kernel: evm: security.SMACK64EXEC
Aug 20 19:22:21 ip-172-31-21-130 kernel: evm: security.SMACK64TRANSMUTE
Aug 20 19:22:21 ip-172-31-21-130 kernel: evm: security.SMACK64MMAP
Aug 20 19:22:21 ip-172-31-21-130 kernel: evm: security.apparmor
Aug 20 19:22:21 ip-172-31-21-130 kernel: evm: security.ima
Aug 20 19:22:21 ip-172-31-21-130 kernel: evm: security.capability
Aug 20 19:22:21 ip-172-31-21-130 kernel: evm: HMAC attrs: 0x1
Aug 20 19:22:21 ip-172-31-21-130 kernel: PM:   Magic number: 6:355:395
Aug 20 19:22:21 ip-172-31-21-130 kernel: RAS: Correctable Errors collector initialized.
Aug 20 19:22:21 ip-172-31-21-130 kernel: clk: Disabling unused clocks
Aug 20 19:22:21 ip-172-31-21-130 kernel: PM: genpd: Disabling unused power domains
Aug 20 19:22:21 ip-172-31-21-130 kernel: input: AT Translated Set 2 keyboard as /devices/platform/i8042/serio0/input/input2
Aug 20 19:22:21 ip-172-31-21-130 kernel: md: Waiting for all devices to be available before autodetect
Aug 20 19:22:21 ip-172-31-21-130 kernel: md: If you don't use raid, use raid=noautodetect
Aug 20 19:22:21 ip-172-31-21-130 kernel: md: Autodetecting RAID arrays.
Aug 20 19:22:21 ip-172-31-21-130 kernel: md: autorun ...
Aug 20 19:22:21 ip-172-31-21-130 kernel: md: ... autorun DONE.
Aug 20 19:22:21 ip-172-31-21-130 kernel: EXT4-fs (xvda1): mounted filesystem 0ef35759-eb42-4358-9a2a-1f74696d7007 ro with ordered data mode. Quota mode: none.
Aug 20 19:22:21 ip-172-31-21-130 kernel: VFS: Mounted root (ext4 filesystem) readonly on device 202:1.
Aug 20 19:22:21 ip-172-31-21-130 kernel: devtmpfs: mounted
Aug 20 19:22:21 ip-172-31-21-130 kernel: VFS: Pivoted into new rootfs
Aug 20 19:22:21 ip-172-31-21-130 kernel: Freeing unused decrypted memory: 2028K
Aug 20 19:22:21 ip-172-31-21-130 kernel: Freeing unused kernel image (initmem) memory: 5412K
Aug 20 19:22:21 ip-172-31-21-130 kernel: Write protecting the kernel read-only data: 43008k
Aug 20 19:22:21 ip-172-31-21-130 kernel: Freeing unused kernel image (text/rodata gap) memory: 1444K
Aug 20 19:22:21 ip-172-31-21-130 kernel: Freeing unused kernel image (rodata/data gap) memory: 2044K
Aug 20 19:22:21 ip-172-31-21-130 kernel: x86/mm: Checked W+X mappings: passed, no W+X pages found.
Aug 20 19:22:21 ip-172-31-21-130 kernel: x86/mm: Checking user space page tables
Aug 20 19:22:21 ip-172-31-21-130 kernel: x86/mm: Checked W+X mappings: passed, no W+X pages found.
Aug 20 19:22:21 ip-172-31-21-130 kernel: Run /sbin/init as init process
Aug 20 19:22:21 ip-172-31-21-130 kernel:   with arguments:
Aug 20 19:22:21 ip-172-31-21-130 kernel:     /sbin/init
Aug 20 19:22:21 ip-172-31-21-130 kernel:   with environment:
Aug 20 19:22:21 ip-172-31-21-130 kernel:     HOME=/
Aug 20 19:22:21 ip-172-31-21-130 kernel:     TERM=linux
Aug 20 19:22:21 ip-172-31-21-130 systemd[1]: Inserted module 'autofs4'
Aug 20 19:22:21 ip-172-31-21-130 systemd[1]: systemd 255.4-1ubuntu8.17 running in system mode (+PAM +AUDIT +SELINUX +APPARMOR +IMA +SMACK +SECCOMP +GCRYPT -GNUTLS +OPENSSL +ACL +BLKID +CURL +ELFUTILS +FIDO2 +IDN2 -IDN +IPTC +KMOD +LIBCRYPTSETUP +LIBFDISK +PCRE2 -PWQUALITY +P11KIT +QRENCODE +TPM2 +BZIP2 +LZ4 +XZ +ZLIB +ZSTD -BPF_FRAMEWORK -XKBCOMMON +UTMP +SYSVINIT default-hierarchy=unified)
Aug 20 19:22:21 ip-172-31-21-130 systemd[1]: Detected virtualization xen.
Aug 20 19:22:21 ip-172-31-21-130 systemd[1]: Detected architecture x86-64.
Aug 20 19:22:21 ip-172-31-21-130 systemd[1]: Hostname set to <ip-172-31-21-130>.
Aug 20 19:22:21 ip-172-31-21-130 systemd[1]: Queued start job for default target graphical.target.
Aug 20 19:22:21 ip-172-31-21-130 systemd[1]: Created slice system-modprobe.slice - Slice /system/modprobe.
Aug 20 19:22:21 ip-172-31-21-130 systemd[1]: Created slice system-serial\x2dgetty.slice - Slice /system/serial-getty.
Aug 20 19:22:21 ip-172-31-21-130 systemd[1]: Created slice system-systemd\x2dfsck.slice - Slice /system/systemd-fsck.
Aug 20 19:22:21 ip-172-31-21-130 systemd[1]: Created slice user.slice - User and Session Slice.
Aug 20 19:22:21 ip-172-31-21-130 systemd[1]: Started systemd-ask-password-wall.path - Forward Password Requests to Wall Directory Watch.
Aug 20 19:22:21 ip-172-31-21-130 systemd[1]: Set up automount proc-sys-fs-binfmt_misc.automount - Arbitrary Executable File Formats File System Automount Point.
Aug 20 19:22:21 ip-172-31-21-130 systemd[1]: Expecting device dev-disk-by\x2dlabel-BOOT.device - /dev/disk/by-label/BOOT...
Aug 20 19:22:21 ip-172-31-21-130 systemd[1]: Expecting device dev-disk-by\x2dlabel-UEFI.device - /dev/disk/by-label/UEFI...
Aug 20 19:22:21 ip-172-31-21-130 systemd[1]: Expecting device dev-ttyS0.device - /dev/ttyS0...
Aug 20 19:22:21 ip-172-31-21-130 systemd[1]: Reached target integritysetup.target - Local Integrity Protected Volumes.
Aug 20 19:22:21 ip-172-31-21-130 systemd[1]: Reached target slices.target - Slice Units.
Aug 20 19:22:21 ip-172-31-21-130 systemd[1]: Reached target snapd.mounts-pre.target - Mounting snaps.
Aug 20 19:22:21 ip-172-31-21-130 systemd[1]: Reached target swap.target - Swaps.
Aug 20 19:22:21 ip-172-31-21-130 systemd[1]: Reached target time-set.target - System Time Set.
Aug 20 19:22:21 ip-172-31-21-130 systemd[1]: Reached target veritysetup.target - Local Verity Protected Volumes.
Aug 20 19:22:21 ip-172-31-21-130 systemd[1]: Listening on dm-event.socket - Device-mapper event daemon FIFOs.
Aug 20 19:22:21 ip-172-31-21-130 systemd[1]: Listening on lvm2-lvmpolld.socket - LVM2 poll daemon socket.
Aug 20 19:22:21 ip-172-31-21-130 systemd[1]: Listening on multipathd.socket - multipathd control socket.
Aug 20 19:22:21 ip-172-31-21-130 systemd[1]: Listening on syslog.socket - Syslog Socket.
Aug 20 19:22:21 ip-172-31-21-130 systemd[1]: Listening on systemd-fsckd.socket - fsck to fsckd communication Socket.
Aug 20 19:22:21 ip-172-31-21-130 systemd[1]: Listening on systemd-initctl.socket - initctl Compatibility Named Pipe.
Aug 20 19:22:21 ip-172-31-21-130 systemd[1]: Listening on systemd-journald-dev-log.socket - Journal Socket (/dev/log).
Aug 20 19:22:21 ip-172-31-21-130 systemd[1]: Listening on systemd-journald.socket - Journal Socket.
Aug 20 19:22:21 ip-172-31-21-130 systemd[1]: Listening on systemd-networkd.socket - Network Service Netlink Socket.
Aug 20 19:22:21 ip-172-31-21-130 systemd[1]: systemd-pcrextend.socket - TPM2 PCR Extension (Varlink) was skipped because of an unmet condition check (ConditionSecurity=measured-uki).
Aug 20 19:22:21 ip-172-31-21-130 systemd[1]: Listening on systemd-udevd-control.socket - udev Control Socket.
Aug 20 19:22:21 ip-172-31-21-130 systemd[1]: Listening on systemd-udevd-kernel.socket - udev Kernel Socket.
Aug 20 19:22:21 ip-172-31-21-130 systemd[1]: Mounting dev-hugepages.mount - Huge Pages File System...
Aug 20 19:22:21 ip-172-31-21-130 systemd[1]: Mounting dev-mqueue.mount - POSIX Message Queue File System...
Aug 20 19:22:21 ip-172-31-21-130 systemd[1]: Mounting sys-kernel-debug.mount - Kernel Debug File System...
Aug 20 19:22:21 ip-172-31-21-130 systemd[1]: Mounting sys-kernel-tracing.mount - Kernel Trace File System...
Aug 20 19:22:21 ip-172-31-21-130 systemd[1]: Starting systemd-journald.service - Journal Service...
Aug 20 19:22:21 ip-172-31-21-130 systemd[1]: Starting keyboard-setup.service - Set the console keyboard layout...
Aug 20 19:22:21 ip-172-31-21-130 systemd[1]: Starting kmod-static-nodes.service - Create List of Static Device Nodes...
Aug 20 19:22:21 ip-172-31-21-130 systemd[1]: Starting lvm2-monitor.service - Monitoring of LVM2 mirrors, snapshots etc. using dmeventd or progress polling...
Aug 20 19:22:21 ip-172-31-21-130 systemd-journald[129]: Collecting audit messages is disabled.
Aug 20 19:22:21 ip-172-31-21-130 systemd[1]: Starting modprobe@configfs.service - Load Kernel Module configfs...
Aug 20 19:22:21 ip-172-31-21-130 systemd[1]: Starting modprobe@dm_mod.service - Load Kernel Module dm_mod...
Aug 20 19:22:21 ip-172-31-21-130 systemd-journald[129]: Journal started
Aug 20 19:22:21 ip-172-31-21-130 systemd-journald[129]: Runtime Journal (/run/log/journal/ec25dbf92fa7a8cca14e3d5e3abd2657) is 8.0M, max 158.6M, 150.6M free.
Aug 20 19:22:21 ip-172-31-21-130 systemd[1]: Starting modprobe@drm.service - Load Kernel Module drm...
Aug 20 19:22:21 ip-172-31-21-130 systemd[1]: Starting modprobe@efi_pstore.service - Load Kernel Module efi_pstore...
Aug 20 19:22:21 ip-172-31-21-130 systemd[1]: Starting modprobe@fuse.service - Load Kernel Module fuse...
Aug 20 19:22:21 ip-172-31-21-130 systemd[1]: Starting modprobe@loop.service - Load Kernel Module loop...
Aug 20 19:22:21 ip-172-31-21-130 systemd[1]: netplan-ovs-cleanup.service - OpenVSwitch configuration for cleanup was skipped because of an unmet condition check (ConditionFileIsExecutable=/usr/bin/ovs-vsctl).
Aug 20 19:22:21 ip-172-31-21-130 systemd[1]: Starting systemd-fsck-root.service - File System Check on Root Device...
Aug 20 19:22:21 ip-172-31-21-130 systemd[1]: Starting systemd-modules-load.service - Load Kernel Modules...
Aug 20 19:22:21 ip-172-31-21-130 systemd[1]: systemd-pcrmachine.service - TPM2 PCR Machine ID Measurement was skipped because of an unmet condition check (ConditionSecurity=measured-uki).
Aug 20 19:22:21 ip-172-31-21-130 systemd[1]: systemd-tpm2-setup-early.service - TPM2 SRK Setup (Early) was skipped because of an unmet condition check (ConditionSecurity=measured-uki).
Aug 20 19:22:21 ip-172-31-21-130 systemd[1]: Starting systemd-udev-trigger.service - Coldplug All udev Devices...
Aug 20 19:22:21 ip-172-31-21-130 systemd-modules-load[146]: Module 'i2c_dev' is built in
Aug 20 19:22:21 ip-172-31-21-130 systemd-modules-load[146]: Inserted module 'msr'
Aug 20 19:22:21 ip-172-31-21-130 systemd[1]: Started systemd-journald.service - Journal Service.
Aug 20 19:22:21 ip-172-31-21-130 systemd[1]: Mounted dev-hugepages.mount - Huge Pages File System.
Aug 20 19:22:21 ip-172-31-21-130 systemd[1]: Mounted dev-mqueue.mount - POSIX Message Queue File System.
Aug 20 19:22:21 ip-172-31-21-130 systemd[1]: Mounted sys-kernel-debug.mount - Kernel Debug File System.
Aug 20 19:22:21 ip-172-31-21-130 systemd[1]: Mounted sys-kernel-tracing.mount - Kernel Trace File System.
Aug 20 19:22:21 ip-172-31-21-130 systemd[1]: Finished keyboard-setup.service - Set the console keyboard layout.
Aug 20 19:22:21 ip-172-31-21-130 systemd[1]: Finished kmod-static-nodes.service - Create List of Static Device Nodes.
Aug 20 19:22:21 ip-172-31-21-130 systemd[1]: modprobe@configfs.service: Deactivated successfully.
Aug 20 19:22:21 ip-172-31-21-130 systemd[1]: Finished modprobe@configfs.service - Load Kernel Module configfs.
Aug 20 19:22:21 ip-172-31-21-130 systemd[1]: modprobe@dm_mod.service: Deactivated successfully.
Aug 20 19:22:21 ip-172-31-21-130 systemd[1]: Finished modprobe@dm_mod.service - Load Kernel Module dm_mod.
Aug 20 19:22:21 ip-172-31-21-130 systemd[1]: modprobe@drm.service: Deactivated successfully.
Aug 20 19:22:21 ip-172-31-21-130 systemd[1]: Finished modprobe@drm.service - Load Kernel Module drm.
Aug 20 19:22:21 ip-172-31-21-130 systemd[1]: modprobe@efi_pstore.service: Deactivated successfully.
Aug 20 19:22:21 ip-172-31-21-130 systemd[1]: Finished modprobe@efi_pstore.service - Load Kernel Module efi_pstore.
Aug 20 19:22:21 ip-172-31-21-130 systemd[1]: modprobe@fuse.service: Deactivated successfully.
Aug 20 19:22:21 ip-172-31-21-130 systemd[1]: Finished modprobe@fuse.service - Load Kernel Module fuse.
Aug 20 19:22:21 ip-172-31-21-130 systemd[1]: modprobe@loop.service: Deactivated successfully.
Aug 20 19:22:21 ip-172-31-21-130 systemd[1]: Finished modprobe@loop.service - Load Kernel Module loop.
Aug 20 19:22:21 ip-172-31-21-130 systemd-modules-load[146]: Inserted module 'dm_multipath'
Aug 20 19:22:21 ip-172-31-21-130 systemd-fsck[149]: cloudimg-rootfs: clean, 157950/10354688 files, 3248353/20709115 blocks
Aug 20 19:22:21 ip-172-31-21-130 systemd[1]: Mounting sys-fs-fuse-connections.mount - FUSE Control File System...
Aug 20 19:22:21 ip-172-31-21-130 systemd[1]: Mounting sys-kernel-config.mount - Kernel Configuration File System...
Aug 20 19:22:21 ip-172-31-21-130 systemd[1]: Started systemd-fsckd.service - File System Check Daemon to report status.
Aug 20 19:22:21 ip-172-31-21-130 systemd-modules-load[146]: Inserted module 'nf_conntrack'
Aug 20 19:22:21 ip-172-31-21-130 systemd[1]: systemd-repart.service - Repartition Root Disk was skipped because no trigger condition checks were met.
Aug 20 19:22:21 ip-172-31-21-130 systemd[1]: Starting systemd-tmpfiles-setup-dev-early.service - Create Static Device Nodes in /dev gracefully...
Aug 20 19:22:21 ip-172-31-21-130 systemd[1]: Finished lvm2-monitor.service - Monitoring of LVM2 mirrors, snapshots etc. using dmeventd or progress polling.
Aug 20 19:22:21 ip-172-31-21-130 systemd[1]: Finished systemd-fsck-root.service - File System Check on Root Device.
Aug 20 19:22:21 ip-172-31-21-130 systemd[1]: Finished systemd-modules-load.service - Load Kernel Modules.
Aug 20 19:22:21 ip-172-31-21-130 systemd[1]: Mounted sys-fs-fuse-connections.mount - FUSE Control File System.
Aug 20 19:22:21 ip-172-31-21-130 systemd[1]: Starting systemd-remount-fs.service - Remount Root and Kernel File Systems...
Aug 20 19:22:21 ip-172-31-21-130 systemd[1]: Starting systemd-sysctl.service - Apply Kernel Variables...
Aug 20 19:22:21 ip-172-31-21-130 systemd[1]: Mounted sys-kernel-config.mount - Kernel Configuration File System.
Aug 20 19:22:21 ip-172-31-21-130 systemd[1]: Finished systemd-tmpfiles-setup-dev-early.service - Create Static Device Nodes in /dev gracefully.
Aug 20 19:22:21 ip-172-31-21-130 systemd[1]: Finished systemd-sysctl.service - Apply Kernel Variables.
Aug 20 19:22:21 ip-172-31-21-130 systemd[1]: Finished systemd-udev-trigger.service - Coldplug All udev Devices.
Aug 20 19:22:21 ip-172-31-21-130 kernel: EXT4-fs (xvda1): re-mounted 0ef35759-eb42-4358-9a2a-1f74696d7007 r/w.
Aug 20 19:22:21 ip-172-31-21-130 systemd[1]: Finished systemd-remount-fs.service - Remount Root and Kernel File Systems.
Aug 20 19:22:21 ip-172-31-21-130 systemd[1]: Starting multipathd.service - Device-Mapper Multipath Device Controller...
Aug 20 19:22:21 ip-172-31-21-130 systemd[1]: systemd-hwdb-update.service - Rebuild Hardware Database was skipped because of an unmet condition check (ConditionNeedsUpdate=/etc).
Aug 20 19:22:21 ip-172-31-21-130 systemd[1]: Starting systemd-journal-flush.service - Flush Journal to Persistent Storage...
Aug 20 19:22:21 ip-172-31-21-130 systemd[1]: systemd-pstore.service - Platform Persistent Storage Archival was skipped because of an unmet condition check (ConditionDirectoryNotEmpty=/sys/fs/pstore).
Aug 20 19:22:21 ip-172-31-21-130 systemd[1]: Starting systemd-random-seed.service - Load/Save OS Random Seed...
Aug 20 19:22:21 ip-172-31-21-130 systemd[1]: systemd-sysusers.service - Create System Users was skipped because no trigger condition checks were met.
Aug 20 19:22:21 ip-172-31-21-130 systemd[1]: Starting systemd-tmpfiles-setup-dev.service - Create Static Device Nodes in /dev...
Aug 20 19:22:21 ip-172-31-21-130 systemd[1]: systemd-tpm2-setup.service - TPM2 SRK Setup was skipped because of an unmet condition check (ConditionSecurity=measured-uki).
Aug 20 19:22:21 ip-172-31-21-130 systemd-journald[129]: Time spent on flushing to /var/log/journal/ec25dbf92fa7a8cca14e3d5e3abd2657 is 68.493ms for 602 entries.
Aug 20 19:22:21 ip-172-31-21-130 systemd-journald[129]: System Journal (/var/log/journal/ec25dbf92fa7a8cca14e3d5e3abd2657) is 199.7M, max 4.0G, 3.8G free.
Aug 20 19:22:21 ip-172-31-21-130 systemd-journald[129]: Received client request to flush runtime journal.
Aug 20 19:22:21 ip-172-31-21-130 systemd-journald[129]: /var/log/journal/ec25dbf92fa7a8cca14e3d5e3abd2657/system.journal: Journal file uses a different sequence number ID, rotating.
Aug 20 19:22:21 ip-172-31-21-130 systemd-journald[129]: Rotating system journal.
Aug 20 19:22:21 ip-172-31-21-130 kernel: loop0: detected capacity change from 0 to 57752
Aug 20 19:22:21 ip-172-31-21-130 multipathd[192]: multipathd v0.9.4: start up
Aug 20 19:22:21 ip-172-31-21-130 multipathd[192]: reconfigure: setting up paths and maps
Aug 20 19:22:21 ip-172-31-21-130 systemd[1]: Finished systemd-tmpfiles-setup-dev.service - Create Static Device Nodes in /dev.
Aug 20 19:22:21 ip-172-31-21-130 systemd[1]: Finished systemd-random-seed.service - Load/Save OS Random Seed.
Aug 20 19:22:21 ip-172-31-21-130 systemd[1]: Starting systemd-udevd.service - Rule-based Manager for Device Events and Files...
Aug 20 19:22:21 ip-172-31-21-130 systemd-udevd[197]: Using default interface naming scheme 'v255'.
Aug 20 19:22:21 ip-172-31-21-130 systemd[1]: Started multipathd.service - Device-Mapper Multipath Device Controller.
Aug 20 19:22:21 ip-172-31-21-130 systemd[1]: Reached target local-fs-pre.target - Preparation for Local File Systems.
Aug 20 19:22:21 ip-172-31-21-130 systemd[1]: Mounting snap-amazon\x2dssm\x2dagent-13009.mount - Mount unit for amazon-ssm-agent, revision 13009...
Aug 20 19:22:21 ip-172-31-21-130 systemd[1]: Mounting snap-amazon\x2dssm\x2dagent-13349.mount - Mount unit for amazon-ssm-agent, revision 13349...
Aug 20 19:22:21 ip-172-31-21-130 systemd[1]: Mounting snap-core22-2411.mount - Mount unit for core22, revision 2411...
Aug 20 19:22:21 ip-172-31-21-130 systemd[1]: Mounting snap-core22-2437.mount - Mount unit for core22, revision 2437...
Aug 20 19:22:21 ip-172-31-21-130 kernel: loop1: detected capacity change from 0 to 58160
Aug 20 19:22:21 ip-172-31-21-130 kernel: loop2: detected capacity change from 0 to 151512
Aug 20 19:22:21 ip-172-31-21-130 systemd[1]: Mounting snap-snapd-26865.mount - Mount unit for snapd, revision 26865...
Aug 20 19:22:21 ip-172-31-21-130 systemd[1]: Mounting snap-snapd-27710.mount - Mount unit for snapd, revision 27710...
Aug 20 19:22:21 ip-172-31-21-130 systemd[1]: Finished systemd-journal-flush.service - Flush Journal to Persistent Storage.
Aug 20 19:22:21 ip-172-31-21-130 systemd[1]: Mounted snap-amazon\x2dssm\x2dagent-13009.mount - Mount unit for amazon-ssm-agent, revision 13009.
Aug 20 19:22:21 ip-172-31-21-130 kernel: loop3: detected capacity change from 0 to 151536
Aug 20 19:22:21 ip-172-31-21-130 kernel: loop4: detected capacity change from 0 to 100888
Aug 20 19:22:21 ip-172-31-21-130 kernel: loop5: detected capacity change from 0 to 102608
Aug 20 19:22:21 ip-172-31-21-130 systemd[1]: Mounted snap-amazon\x2dssm\x2dagent-13349.mount - Mount unit for amazon-ssm-agent, revision 13349.
Aug 20 19:22:21 ip-172-31-21-130 systemd[1]: Mounted snap-core22-2411.mount - Mount unit for core22, revision 2411.
Aug 20 19:22:21 ip-172-31-21-130 systemd[1]: Mounted snap-core22-2437.mount - Mount unit for core22, revision 2437.
Aug 20 19:22:21 ip-172-31-21-130 systemd[1]: Mounted snap-snapd-26865.mount - Mount unit for snapd, revision 26865.
Aug 20 19:22:21 ip-172-31-21-130 systemd[1]: Mounted snap-snapd-27710.mount - Mount unit for snapd, revision 27710.
Aug 20 19:22:21 ip-172-31-21-130 systemd[1]: Reached target snapd.mounts.target - Mounted snaps.
Aug 20 19:22:21 ip-172-31-21-130 systemd[1]: Started systemd-udevd.service - Rule-based Manager for Device Events and Files.
Aug 20 19:22:21 ip-172-31-21-130 systemd[1]: plymouth-start.service - Show Plymouth Boot Screen was skipped because of an unmet condition check (ConditionKernelCommandLine=splash).
Aug 20 19:22:21 ip-172-31-21-130 systemd[1]: Started systemd-ask-password-console.path - Dispatch Password Requests to Console Directory Watch.
Aug 20 19:22:21 ip-172-31-21-130 systemd[1]: systemd-ask-password-plymouth.path - Forward Password Requests to Plymouth Directory Watch was skipped because of an unmet condition check (ConditionPathExists=/run/plymouth/pid).
Aug 20 19:22:21 ip-172-31-21-130 systemd[1]: Reached target cryptsetup.target - Local Encrypted Volumes.
Aug 20 19:22:21 ip-172-31-21-130 systemd[1]: Found device dev-ttyS0.device - /dev/ttyS0.
Aug 20 19:22:21 ip-172-31-21-130 (udev-worker)[232]: eth0: Could not set WakeOnLan to off, ignoring: Operation not supported
Aug 20 19:22:21 ip-172-31-21-130 kernel: vif vif-0 enX0: renamed from eth0
Aug 20 19:22:21 ip-172-31-21-130 systemd[1]: Found device dev-disk-by\x2dlabel-BOOT.device - /dev/disk/by-label/BOOT.
Aug 20 19:22:21 ip-172-31-21-130 systemd[1]: Found device dev-disk-by\x2dlabel-UEFI.device - /dev/disk/by-label/UEFI.
Aug 20 19:22:21 ip-172-31-21-130 systemd[1]: Starting systemd-fsck@dev-disk-by\x2dlabel-BOOT.service - File System Check on /dev/disk/by-label/BOOT...
Aug 20 19:22:21 ip-172-31-21-130 systemd[1]: Starting systemd-fsck@dev-disk-by\x2dlabel-UEFI.service - File System Check on /dev/disk/by-label/UEFI...
Aug 20 19:22:21 ip-172-31-21-130 kernel: cirrus-qemu 0000:00:02.0: vgaarb: deactivate vga console
Aug 20 19:22:21 ip-172-31-21-130 kernel: piix4_smbus 0000:00:01.3: SMBus base address uninitialized - upgrade BIOS or use force_addr=0xaddr
Aug 20 19:22:21 ip-172-31-21-130 kernel: Console: switching to colour dummy device 80x25
Aug 20 19:22:21 ip-172-31-21-130 kernel: [drm] Initialized cirrus-qemu 2.0.0 for 0000:00:02.0 on minor 0
Aug 20 19:22:21 ip-172-31-21-130 kernel: fbcon: cirrus-qemudrmf (fb0) is primary device
Aug 20 19:22:21 ip-172-31-21-130 systemd-fsck[277]: BOOT: clean, 605/58496 files, 54967/233728 blocks
Aug 20 19:22:21 ip-172-31-21-130 systemd[1]: Finished systemd-fsck@dev-disk-by\x2dlabel-BOOT.service - File System Check on /dev/disk/by-label/BOOT.
Aug 20 19:22:21 ip-172-31-21-130 systemd-fsck[279]: fsck.fat 4.2 (2021-01-31)
Aug 20 19:22:21 ip-172-31-21-130 systemd-fsck[279]: /dev/xvda15: 12 files, 12499/213663 clusters
Aug 20 19:22:21 ip-172-31-21-130 kernel: Console: switching to colour frame buffer device 100x37
Aug 20 19:22:21 ip-172-31-21-130 kernel: cirrus-qemu 0000:00:02.0: [drm] fb0: cirrus-qemudrmf frame buffer device
Aug 20 19:22:21 ip-172-31-21-130 systemd[1]: Finished systemd-fsck@dev-disk-by\x2dlabel-UEFI.service - File System Check on /dev/disk/by-label/UEFI.
Aug 20 19:22:21 ip-172-31-21-130 systemd[1]: Listening on systemd-rfkill.socket - Load/Save RF Kill Switch Status /dev/rfkill Watch.
Aug 20 19:22:21 ip-172-31-21-130 (udev-worker)[231]: enX0: Could not set WakeOnLan to off, ignoring: Operation not supported
Aug 20 19:22:21 ip-172-31-21-130 kernel: RAPL PMU: API unit is 2^-32 Joules, 0 fixed counters, 655360 ms ovfl timer
Aug 20 19:22:22 ip-172-31-21-130 systemd[1]: Mounting boot.mount - /boot...
Aug 20 19:22:22 ip-172-31-21-130 kernel: EXT4-fs (xvda16): mounted filesystem 8fb95cef-95fc-48ca-aaab-3f1b1df59748 r/w with ordered data mode. Quota mode: none.
Aug 20 19:22:22 ip-172-31-21-130 systemd[1]: Mounted boot.mount - /boot.
Aug 20 19:22:22 ip-172-31-21-130 systemd[1]: Mounting boot-efi.mount - /boot/efi...
Aug 20 19:22:22 ip-172-31-21-130 systemd[1]: Mounted boot-efi.mount - /boot/efi.
Aug 20 19:22:22 ip-172-31-21-130 systemd[1]: Reached target local-fs.target - Local File Systems.
Aug 20 19:22:22 ip-172-31-21-130 systemd[1]: Listening on systemd-sysext.socket - System Extension Image Management (Varlink).
Aug 20 19:22:22 ip-172-31-21-130 systemd[1]: Starting apparmor.service - Load AppArmor profiles...
Aug 20 19:22:22 ip-172-31-21-130 systemd[1]: Starting console-setup.service - Set console font and keymap...
Aug 20 19:22:22 ip-172-31-21-130 systemd[1]: Starting finalrd.service - Create final runtime dir for shutdown pivot root...
Aug 20 19:22:22 ip-172-31-21-130 systemd[1]: ldconfig.service - Rebuild Dynamic Linker Cache was skipped because no trigger condition checks were met.
Aug 20 19:22:22 ip-172-31-21-130 systemd[1]: Starting plymouth-read-write.service - Tell Plymouth To Write Out Runtime Data...
Aug 20 19:22:22 ip-172-31-21-130 systemd[1]: Starting systemd-binfmt.service - Set Up Additional Binary Formats...
Aug 20 19:22:22 ip-172-31-21-130 apparmor.systemd[326]: Restarting AppArmor
Aug 20 19:22:22 ip-172-31-21-130 systemd[1]: Starting systemd-tmpfiles-setup.service - Create Volatile Files and Directories...
Aug 20 19:22:22 ip-172-31-21-130 apparmor.systemd[326]: Reloading AppArmor profiles
Aug 20 19:22:22 ip-172-31-21-130 systemd[1]: Starting ufw.service - Uncomplicated firewall...
Aug 20 19:22:22 ip-172-31-21-130 systemd[1]: Finished console-setup.service - Set console font and keymap.
Aug 20 19:22:22 ip-172-31-21-130 systemd[1]: Finished finalrd.service - Create final runtime dir for shutdown pivot root.
Aug 20 19:22:22 ip-172-31-21-130 systemd[1]: proc-sys-fs-binfmt_misc.automount: Got automount request for /proc/sys/fs/binfmt_misc, triggered by 332 (systemd-binfmt)
Aug 20 19:22:22 ip-172-31-21-130 systemd[1]: Mounting proc-sys-fs-binfmt_misc.mount - Arbitrary Executable File Formats File System...
Aug 20 19:22:22 ip-172-31-21-130 systemd[1]: Finished plymouth-read-write.service - Tell Plymouth To Write Out Runtime Data.
Aug 20 19:22:22 ip-172-31-21-130 systemd[1]: Finished ufw.service - Uncomplicated firewall.
Aug 20 19:22:22 ip-172-31-21-130 systemd[1]: Mounted proc-sys-fs-binfmt_misc.mount - Arbitrary Executable File Formats File System.
Aug 20 19:22:22 ip-172-31-21-130 systemd[1]: Finished systemd-binfmt.service - Set Up Additional Binary Formats.
Aug 20 19:22:22 ip-172-31-21-130 systemd[1]: Finished systemd-tmpfiles-setup.service - Create Volatile Files and Directories.
Aug 20 19:22:22 ip-172-31-21-130 systemd[1]: systemd-firstboot.service - First Boot Wizard was skipped because of an unmet condition check (ConditionFirstBoot=yes).
Aug 20 19:22:22 ip-172-31-21-130 systemd[1]: first-boot-complete.target - First Boot Complete was skipped because of an unmet condition check (ConditionFirstBoot=yes).
Aug 20 19:22:22 ip-172-31-21-130 systemd[1]: systemd-journal-catalog-update.service - Rebuild Journal Catalog was skipped because of an unmet condition check (ConditionNeedsUpdate=/var).
Aug 20 19:22:22 ip-172-31-21-130 systemd[1]: systemd-machine-id-commit.service - Commit a transient machine-id on disk was skipped because of an unmet condition check (ConditionPathIsMountPoint=/etc/machine-id).
Aug 20 19:22:22 ip-172-31-21-130 systemd[1]: Starting systemd-resolved.service - Network Name Resolution...
Aug 20 19:22:22 ip-172-31-21-130 systemd[1]: systemd-update-done.service - Update is Completed was skipped because no trigger condition checks were met.
Aug 20 19:22:22 ip-172-31-21-130 systemd[1]: Starting systemd-update-utmp.service - Record System Boot/Shutdown in UTMP...
Aug 20 19:22:22 ip-172-31-21-130 kernel: audit: type=1400 audit(1787253742.202:2): apparmor="STATUS" operation="profile_load" profile="unconfined" name="1password" pid=350 comm="apparmor_parser"
Aug 20 19:22:22 ip-172-31-21-130 kernel: audit: type=1400 audit(1787253742.202:3): apparmor="STATUS" operation="profile_load" profile="unconfined" name="Discord" pid=351 comm="apparmor_parser"
Aug 20 19:22:22 ip-172-31-21-130 kernel: audit: type=1400 audit(1787253742.204:4): apparmor="STATUS" operation="profile_load" profile="unconfined" name=4D6F6E676F444220436F6D70617373 pid=357 comm="apparmor_parser"
Aug 20 19:22:22 ip-172-31-21-130 kernel: audit: type=1400 audit(1787253742.205:5): apparmor="STATUS" operation="profile_load" profile="unconfined" name="QtWebEngineProcess" pid=358 comm="apparmor_parser"
Aug 20 19:22:22 ip-172-31-21-130 kernel: audit: type=1400 audit(1787253742.208:6): apparmor="STATUS" operation="profile_load" profile="unconfined" name="brave" pid=361 comm="apparmor_parser"
Aug 20 19:22:22 ip-172-31-21-130 kernel: audit: type=1400 audit(1787253742.211:7): apparmor="STATUS" operation="profile_load" profile="unconfined" name="balena-etcher" pid=360 comm="apparmor_parser"
Aug 20 19:22:22 ip-172-31-21-130 systemd[1]: Finished systemd-update-utmp.service - Record System Boot/Shutdown in UTMP.
Aug 20 19:22:22 ip-172-31-21-130 kernel: audit: type=1400 audit(1787253742.214:8): apparmor="STATUS" operation="profile_load" profile="unconfined" name="buildah" pid=362 comm="apparmor_parser"
Aug 20 19:22:22 ip-172-31-21-130 kernel: audit: type=1400 audit(1787253742.216:9): apparmor="STATUS" operation="profile_load" profile="unconfined" name="cam" pid=364 comm="apparmor_parser"
Aug 20 19:22:22 ip-172-31-21-130 kernel: audit: type=1400 audit(1787253742.219:10): apparmor="STATUS" operation="profile_load" profile="unconfined" name="ch-checkns" pid=365 comm="apparmor_parser"
Aug 20 19:22:22 ip-172-31-21-130 systemd-resolved[355]: Positive Trust Anchors:
Aug 20 19:22:22 ip-172-31-21-130 systemd-resolved[355]: . IN DS 20326 8 2 e06d44b80b8f1d39a95c0b0d7c65d08458e880409bbc683457104237c7f8ec8d
Aug 20 19:22:22 ip-172-31-21-130 systemd-resolved[355]: Negative trust anchors: home.arpa 10.in-addr.arpa 16.172.in-addr.arpa 17.172.in-addr.arpa 18.172.in-addr.arpa 19.172.in-addr.arpa 20.172.in-addr.arpa 21.172.in-addr.arpa 22.172.in-addr.arpa 23.172.in-addr.arpa 24.172.in-addr.arpa 25.172.in-addr.arpa 26.172.in-addr.arpa 27.172.in-addr.arpa 28.172.in-addr.arpa 29.172.in-addr.arpa 30.172.in-addr.arpa 31.172.in-addr.arpa 170.0.0.192.in-addr.arpa 171.0.0.192.in-addr.arpa 168.192.in-addr.arpa d.f.ip6.arpa ipv4only.arpa corp home internal intranet lan local private test
Aug 20 19:22:22 ip-172-31-21-130 kernel: input: ImPS/2 Generic Wheel Mouse as /devices/platform/i8042/serio1/input/input4
Aug 20 19:22:22 ip-172-31-21-130 systemd-resolved[355]: Using system hostname 'ip-172-31-21-130'.
Aug 20 19:22:22 ip-172-31-21-130 systemd[1]: Started systemd-resolved.service - Network Name Resolution.
Aug 20 19:22:22 ip-172-31-21-130 systemd[1]: Reached target nss-lookup.target - Host and Network Name Lookups.
Aug 20 19:22:22 ip-172-31-21-130 systemd[1]: Finished apparmor.service - Load AppArmor profiles.
Aug 20 19:22:22 ip-172-31-21-130 systemd[1]: Starting snapd.apparmor.service - Load AppArmor profiles managed internally by snapd...
Aug 20 19:22:22 ip-172-31-21-130 systemd[1]: vgauth.service - Authentication service for virtual machines hosted on VMware was skipped because of an unmet condition check (ConditionVirtualization=vmware).
Aug 20 19:22:22 ip-172-31-21-130 systemd[1]: open-vm-tools.service - Service for virtual machines hosted on VMware was skipped because of an unmet condition check (ConditionVirtualization=vmware).
Aug 20 19:22:22 ip-172-31-21-130 systemd[1]: Starting cloud-init-local.service - Cloud-init: Local Stage (pre-network)...
Aug 20 19:22:22 ip-172-31-21-130 snapd-apparmor[461]: main.go:146: Loading profiles [/var/lib/snapd/apparmor/profiles/snap-confine.snapd.26865 /var/lib/snapd/apparmor/profiles/snap-confine.snapd.27710 /var/lib/snapd/apparmor/profiles/snap-update-ns.amazon-ssm-agent /var/lib/snapd/apparmor/profiles/snap.amazon-ssm-agent.amazon-ssm-agent /var/lib/snapd/apparmor/profiles/snap.amazon-ssm-agent.ssm-cli]
Aug 20 19:22:22 ip-172-31-21-130 systemd[1]: Finished snapd.apparmor.service - Load AppArmor profiles managed internally by snapd.
Aug 20 19:22:23 ip-172-31-21-130 cloud-init[483]: Cloud-init v. 26.1-0ubuntu1~24.04.1 running 'init-local' at Thu, 20 Aug 2026 19:22:23 +0000. Up 4.13 seconds.
Aug 20 19:22:23 ip-172-31-21-130 dhcpcd[486]: dhcpcd-10.0.6 starting
Aug 20 19:22:23 ip-172-31-21-130 dhcpcd[486]: chrooting as dhcpcd to /usr/lib/dhcpcd
Aug 20 19:22:23 ip-172-31-21-130 dhcpcd[488]: spawned manager process on PID 488
Aug 20 19:22:23 ip-172-31-21-130 dhcpcd[489]: spawned privileged proxy on PID 489
Aug 20 19:22:23 ip-172-31-21-130 dhcpcd[489]: spawned controller proxy on PID 490
Aug 20 19:22:23 ip-172-31-21-130 dhcpcd[489]: DUID 00:01:00:01:32:0d:a4:f5:0a:ff:cc:05:da:3b
Aug 20 19:22:23 ip-172-31-21-130 kernel: 8021q: 802.1Q VLAN Support v1.8
Aug 20 19:22:23 ip-172-31-21-130 kernel: cfg80211: Loading compiled-in X.509 certificates for regulatory database
Aug 20 19:22:23 ip-172-31-21-130 kernel: Loaded X.509 cert 'sforshee: 00b28ddf47aef9cea7'
Aug 20 19:22:23 ip-172-31-21-130 kernel: Loaded X.509 cert 'wens: 61c038651aabdcf94bd0ac7ff06c7248db18c600'
Aug 20 19:22:23 ip-172-31-21-130 dhcpcd[489]: enX0: executing: /bin/true PREINIT
Aug 20 19:22:23 ip-172-31-21-130 kernel: faux_driver regulatory: Direct firmware load for regulatory.db failed with error -2
Aug 20 19:22:23 ip-172-31-21-130 kernel: cfg80211: failed to load regulatory.db
Aug 20 19:22:23 ip-172-31-21-130 dhcpcd[489]: enX0: executing: /bin/true CARRIER
Aug 20 19:22:23 ip-172-31-21-130 dhcpcd[489]: enX0: IAID cc:05:da:3b
Aug 20 19:22:23 ip-172-31-21-130 dhcpcd[489]: enX0: delaying IPv4 for 0.8 seconds
Aug 20 19:22:24 ip-172-31-21-130 dhcpcd[489]: enX0: reading lease: /var/lib/dhcpcd/enX0.lease
Aug 20 19:22:24 ip-172-31-21-130 dhcpcd[489]: enX0: rebinding lease of 172.31.21.130
Aug 20 19:22:24 ip-172-31-21-130 dhcpcd[489]: enX0: sending REQUEST (xid 0xc6522eb8), next in 3.8 seconds
Aug 20 19:22:24 ip-172-31-21-130 dhcpcd[489]: enX0: spawned BPF ARP 172.31.21.130 on PID 497
Aug 20 19:22:24 ip-172-31-21-130 dhcpcd[489]: enX0: spawned BPF BOOTP on PID 498
Aug 20 19:22:24 ip-172-31-21-130 dhcpcd[489]: enX0: acknowledged 172.31.21.130 from 172.31.16.1
Aug 20 19:22:24 ip-172-31-21-130 dhcpcd[489]: enX0: leased 172.31.21.130 for 3600 seconds
Aug 20 19:22:24 ip-172-31-21-130 dhcpcd[489]: enX0: renew in 1800 seconds, rebind in 3150 seconds
Aug 20 19:22:24 ip-172-31-21-130 dhcpcd[489]: enX0: writing lease: /var/lib/dhcpcd/enX0.lease
Aug 20 19:22:24 ip-172-31-21-130 dhcpcd[489]: enX0: adding IP address 172.31.21.130/20 broadcast 172.31.31.255
Aug 20 19:22:24 ip-172-31-21-130 dhcpcd[489]: enX0: adding route to 172.31.16.0/20
Aug 20 19:22:24 ip-172-31-21-130 dhcpcd[489]: enX0: adding default route via 172.31.16.1
Aug 20 19:22:24 ip-172-31-21-130 dhcpcd[489]: enX0: executing: /bin/true REBOOT
Aug 20 19:22:24 ip-172-31-21-130 dhcpcd[489]: enX0: spawned BOOTP proxy 172.31.21.130 on PID 500
Aug 20 19:22:24 ip-172-31-21-130 dhcpcd[489]: enX0: BPF BOOTP exited from PID 498
Aug 20 19:22:24 ip-172-31-21-130 dhcpcd[489]: control command: dhcpcd --dumplease --ipv4only enX0
Aug 20 19:22:24 ip-172-31-21-130 systemd[1]: Finished cloud-init-local.service - Cloud-init: Local Stage (pre-network).
Aug 20 19:22:24 ip-172-31-21-130 systemd[1]: Reached target network-pre.target - Preparation for Network.
Aug 20 19:22:24 ip-172-31-21-130 systemd[1]: Starting systemd-networkd.service - Network Configuration...
Aug 20 19:22:24 ip-172-31-21-130 systemd-networkd[512]: lo: Link UP
Aug 20 19:22:24 ip-172-31-21-130 systemd-networkd[512]: lo: Gained carrier
Aug 20 19:22:24 ip-172-31-21-130 systemd-networkd[512]: Enumeration completed
Aug 20 19:22:24 ip-172-31-21-130 systemd-networkd[512]: enX0: Link UP
Aug 20 19:22:24 ip-172-31-21-130 systemd-networkd[512]: enX0: Gained carrier
Aug 20 19:22:24 ip-172-31-21-130 systemd[1]: Started systemd-networkd.service - Network Configuration.
Aug 20 19:22:24 ip-172-31-21-130 systemd[1]: Reached target network.target - Network.
Aug 20 19:22:24 ip-172-31-21-130 systemd-networkd[512]: enX0: Link DOWN
Aug 20 19:22:24 ip-172-31-21-130 systemd-networkd[512]: enX0: Lost carrier
Aug 20 19:22:24 ip-172-31-21-130 systemd-networkd[512]: enX0: Configuring with /run/systemd/network/10-netplan-enX0.network.
Aug 20 19:22:24 ip-172-31-21-130 systemd-networkd[512]: enX0: Link UP
Aug 20 19:22:24 ip-172-31-21-130 systemd-networkd[512]: enX0: Gained carrier
Aug 20 19:22:24 ip-172-31-21-130 systemd[1]: Starting systemd-networkd-wait-online.service - Wait for Network to be Configured...
Aug 20 19:22:24 ip-172-31-21-130 systemd-networkd[512]: enX0: DHCPv4 address 172.31.21.130/20, gateway 172.31.16.1 acquired from 172.31.16.1
Aug 20 19:22:24 ip-172-31-21-130 kernel: floppy0: no floppy controllers found
Aug 20 19:22:25 ip-172-31-21-130 systemd-networkd[512]: enX0: Gained IPv6LL
Aug 20 19:22:25 ip-172-31-21-130 systemd[1]: Finished systemd-networkd-wait-online.service - Wait for Network to be Configured.
Aug 20 19:22:25 ip-172-31-21-130 systemd[1]: Starting cloud-init.service - Cloud-init: Network Stage...
Aug 20 19:22:25 ip-172-31-21-130 cloud-init[522]: Cloud-init v. 26.1-0ubuntu1~24.04.1 running 'init' at Thu, 20 Aug 2026 19:22:25 +0000. Up 6.83 seconds.
Aug 20 19:22:25 ip-172-31-21-130 cloud-init[522]: ci-info: ++++++++++++++++++++++++++++++++++++++Net device info+++++++++++++++++++++++++++++++++++++++
Aug 20 19:22:25 ip-172-31-21-130 cloud-init[522]: ci-info: +--------+------+-----------------------------+---------------+--------+-------------------+
Aug 20 19:22:25 ip-172-31-21-130 cloud-init[522]: ci-info: | Device |  Up  |           Address           |      Mask     | Scope  |     Hw-Address    |
Aug 20 19:22:25 ip-172-31-21-130 cloud-init[522]: ci-info: +--------+------+-----------------------------+---------------+--------+-------------------+
Aug 20 19:22:25 ip-172-31-21-130 cloud-init[522]: ci-info: |  enX0  | True |        172.31.21.130        | 255.255.240.0 | global | 0a:ff:cc:05:da:3b |
Aug 20 19:22:25 ip-172-31-21-130 cloud-init[522]: ci-info: |  enX0  | True | fe80::8ff:ccff:fe05:da3b/64 |       .       |  link  | 0a:ff:cc:05:da:3b |
Aug 20 19:22:25 ip-172-31-21-130 cloud-init[522]: ci-info: |   lo   | True |          127.0.0.1          |   255.0.0.0   |  host  |         .         |
Aug 20 19:22:25 ip-172-31-21-130 cloud-init[522]: ci-info: |   lo   | True |           ::1/128           |       .       |  host  |         .         |
Aug 20 19:22:25 ip-172-31-21-130 cloud-init[522]: ci-info: +--------+------+-----------------------------+---------------+--------+-------------------+
Aug 20 19:22:25 ip-172-31-21-130 cloud-init[522]: ci-info: ++++++++++++++++++++++++++++++Route IPv4 info++++++++++++++++++++++++++++++
Aug 20 19:22:25 ip-172-31-21-130 cloud-init[522]: ci-info: +-------+-------------+-------------+-----------------+-----------+-------+
Aug 20 19:22:25 ip-172-31-21-130 cloud-init[522]: ci-info: | Route | Destination |   Gateway   |     Genmask     | Interface | Flags |
Aug 20 19:22:25 ip-172-31-21-130 cloud-init[522]: ci-info: +-------+-------------+-------------+-----------------+-----------+-------+
Aug 20 19:22:25 ip-172-31-21-130 cloud-init[522]: ci-info: |   0   |   0.0.0.0   | 172.31.16.1 |     0.0.0.0     |    enX0   |   UG  |
Aug 20 19:22:25 ip-172-31-21-130 cloud-init[522]: ci-info: |   1   |  172.31.0.2 | 172.31.16.1 | 255.255.255.255 |    enX0   |  UGH  |
Aug 20 19:22:25 ip-172-31-21-130 cloud-init[522]: ci-info: |   2   | 172.31.16.0 |   0.0.0.0   |  255.255.240.0  |    enX0   |   U   |
Aug 20 19:22:25 ip-172-31-21-130 cloud-init[522]: ci-info: |   3   | 172.31.16.1 |   0.0.0.0   | 255.255.255.255 |    enX0   |   UH  |
Aug 20 19:22:25 ip-172-31-21-130 cloud-init[522]: ci-info: +-------+-------------+-------------+-----------------+-----------+-------+
Aug 20 19:22:25 ip-172-31-21-130 cloud-init[522]: ci-info: +++++++++++++++++++Route IPv6 info+++++++++++++++++++
Aug 20 19:22:25 ip-172-31-21-130 cloud-init[522]: ci-info: +-------+-------------+---------+-----------+-------+
Aug 20 19:22:25 ip-172-31-21-130 cloud-init[522]: ci-info: | Route | Destination | Gateway | Interface | Flags |
Aug 20 19:22:25 ip-172-31-21-130 cloud-init[522]: ci-info: +-------+-------------+---------+-----------+-------+
Aug 20 19:22:25 ip-172-31-21-130 cloud-init[522]: ci-info: |   0   |  fe80::/64  |    ::   |    enX0   |   U   |
Aug 20 19:22:25 ip-172-31-21-130 cloud-init[522]: ci-info: |   2   |    local    |    ::   |    enX0   |   U   |
Aug 20 19:22:25 ip-172-31-21-130 cloud-init[522]: ci-info: |   3   |  multicast  |    ::   |    enX0   |   U   |
Aug 20 19:22:25 ip-172-31-21-130 cloud-init[522]: ci-info: +-------+-------------+---------+-----------+-------+
Aug 20 19:22:26 ip-172-31-21-130 systemd[1]: Finished cloud-init.service - Cloud-init: Network Stage.
Aug 20 19:22:26 ip-172-31-21-130 systemd[1]: Reached target cloud-config.target - Cloud-config availability.
Aug 20 19:22:26 ip-172-31-21-130 systemd[1]: Reached target network-online.target - Network is Online.
Aug 20 19:22:26 ip-172-31-21-130 systemd[1]: Reached target sysinit.target - System Initialization.
Aug 20 19:22:26 ip-172-31-21-130 systemd[1]: Started acpid.path - ACPI Events Check.
Aug 20 19:22:26 ip-172-31-21-130 systemd[1]: apport-autoreport.path - Process error reports when automatic reporting is enabled (file watch) was skipped because of an unmet condition check (ConditionPathExists=/var/lib/apport/autoreport).
Aug 20 19:22:26 ip-172-31-21-130 systemd[1]: tpm-udev.path - Handle dynamically added tpm devices was skipped because of an unmet condition check (ConditionVirtualization=container).
Aug 20 19:22:26 ip-172-31-21-130 systemd[1]: apport-autoreport.timer - Process error reports when automatic reporting is enabled (timer based) was skipped because of an unmet condition check (ConditionPathExists=/var/lib/apport/autoreport).
Aug 20 19:22:26 ip-172-31-21-130 systemd[1]: Started systemd-tmpfiles-clean.timer - Daily Cleanup of Temporary Directories.
Aug 20 19:22:26 ip-172-31-21-130 systemd[1]: ua-timer.timer - Ubuntu Pro Timer for running repeated jobs was skipped because of an unmet condition check (ConditionPathExists=/var/lib/ubuntu-advantage/private/machine-token.json).
Aug 20 19:22:26 ip-172-31-21-130 systemd[1]: Started update-notifier-download.timer - Download data for packages that failed at package install time.
Aug 20 19:22:26 ip-172-31-21-130 systemd[1]: Reached target paths.target - Path Units.
Aug 20 19:22:26 ip-172-31-21-130 systemd[1]: Listening on acpid.socket - ACPID Listen Socket.
Aug 20 19:22:26 ip-172-31-21-130 systemd[1]: apport-forward.socket - Unix socket for apport crash forwarding was skipped because of an unmet condition check (ConditionVirtualization=container).
Aug 20 19:22:26 ip-172-31-21-130 systemd[1]: Listening on cloud-init-hotplugd.socket - cloud-init hotplug hook socket.
Aug 20 19:22:26 ip-172-31-21-130 systemd[1]: Listening on dbus.socket - D-Bus System Message Bus Socket.
Aug 20 19:22:26 ip-172-31-21-130 systemd[1]: Listening on iscsid.socket - Open-iSCSI iscsid Socket.
Aug 20 19:22:26 ip-172-31-21-130 systemd[1]: Starting lxd-installer.socket - Helper to install lxd snap on demand...
Aug 20 19:22:26 ip-172-31-21-130 systemd[1]: Starting snapd.socket - Socket activation for snappy daemon...
Aug 20 19:22:26 ip-172-31-21-130 systemd[1]: Listening on ssh.socket - OpenBSD Secure Shell server socket.
Aug 20 19:22:26 ip-172-31-21-130 systemd[1]: Listening on uuidd.socket - UUID daemon activation socket.
Aug 20 19:22:26 ip-172-31-21-130 systemd[1]: open-iscsi.service - Login to default iSCSI targets was skipped because no trigger condition checks were met.
Aug 20 19:22:26 ip-172-31-21-130 systemd[1]: Reached target remote-fs-pre.target - Preparation for Remote File Systems.
Aug 20 19:22:26 ip-172-31-21-130 systemd[1]: Reached target remote-fs.target - Remote File Systems.
Aug 20 19:22:26 ip-172-31-21-130 systemd[1]: Finished blk-availability.service - Availability of block devices.
Aug 20 19:22:26 ip-172-31-21-130 systemd[1]: systemd-pcrphase-sysinit.service - TPM2 PCR Barrier (Initialization) was skipped because of an unmet condition check (ConditionSecurity=measured-uki).
Aug 20 19:22:26 ip-172-31-21-130 systemd[1]: Listening on lxd-installer.socket - Helper to install lxd snap on demand.
Aug 20 19:22:26 ip-172-31-21-130 systemd[1]: Listening on snapd.socket - Socket activation for snappy daemon.
Aug 20 19:22:26 ip-172-31-21-130 systemd[1]: Reached target sockets.target - Socket Units.
Aug 20 19:22:26 ip-172-31-21-130 systemd[1]: Reached target basic.target - Basic System.
Aug 20 19:22:26 ip-172-31-21-130 systemd[1]: Started acpid.service - ACPI event daemon.
Aug 20 19:22:26 ip-172-31-21-130 (acpid)[556]: acpid.service: Referenced but unset environment variable evaluates to an empty string: OPTIONS
Aug 20 19:22:26 ip-172-31-21-130 systemd[1]: Starting apport.service - automatic crash report generation...
Aug 20 19:22:26 ip-172-31-21-130 systemd[1]: Starting chrony.service - chrony, an NTP client/server...
Aug 20 19:22:26 ip-172-31-21-130 systemd[1]: Starting cloud-config.service - Cloud-init: Config Stage...
Aug 20 19:22:26 ip-172-31-21-130 acpid[556]: starting up with netlink and the input layer
Aug 20 19:22:26 ip-172-31-21-130 acpid[556]: 2 rules loaded
Aug 20 19:22:26 ip-172-31-21-130 acpid[556]: waiting for events: event logging is off
Aug 20 19:22:26 ip-172-31-21-130 systemd[1]: Started cron.service - Regular background program processing daemon.
Aug 20 19:22:26 ip-172-31-21-130 systemd[1]: Starting dbus.service - D-Bus System Message Bus...
Aug 20 19:22:26 ip-172-31-21-130 (cron)[560]: cron.service: Referenced but unset environment variable evaluates to an empty string: EXTRA_OPTS
Aug 20 19:22:26 ip-172-31-21-130 cron[560]: (CRON) INFO (pidfile fd = 3)
Aug 20 19:22:26 ip-172-31-21-130 systemd[1]: Started dmesg.service - Save initial kernel messages after boot.
Aug 20 19:22:26 ip-172-31-21-130 cron[560]: (CRON) INFO (Running @reboot jobs)
Aug 20 19:22:26 ip-172-31-21-130 systemd[1]: Starting e2scrub_reap.service - Remove Stale Online ext4 Metadata Check Snapshots...
Aug 20 19:22:26 ip-172-31-21-130 systemd[1]: Starting ec2-instance-connect-harvest-hostkeys.service - EC2 Instance Connect Host Key Harvesting...
Aug 20 19:22:26 ip-172-31-21-130 systemd[1]: getty-static.service - getty on tty2-tty6 if dbus and logind are not available was skipped because of an unmet condition check (ConditionPathExists=!/usr/bin/dbus-daemon).
Aug 20 19:22:26 ip-172-31-21-130 systemd[1]: Starting grub-common.service - Record successful boot for GRUB...
Aug 20 19:22:26 ip-172-31-21-130 systemd[1]: Started irqbalance.service - irqbalance daemon.
Aug 20 19:22:26 ip-172-31-21-130 systemd[1]: Starting networkd-dispatcher.service - Dispatcher daemon for systemd-networkd...
Aug 20 19:22:26 ip-172-31-21-130 (qbalance)[567]: irqbalance.service: Referenced but unset environment variable evaluates to an empty string: IRQBALANCE_ARGS
Aug 20 19:22:26 ip-172-31-21-130 dbus-daemon[561]: [system] AppArmor D-Bus mediation is enabled
Aug 20 19:22:26 ip-172-31-21-130 dbus-daemon[561]: [system] Activating systemd to hand-off: service name='org.freedesktop.hostname1' unit='dbus-org.freedesktop.hostname1.service' requested by ':1.0' (uid=998 pid=512 comm="/usr/lib/systemd/systemd-networkd" label="unconfined")
Aug 20 19:22:26 ip-172-31-21-130 systemd[1]: Starting polkit.service - Authorization Manager...
Aug 20 19:22:26 ip-172-31-21-130 systemd[1]: pollinate.service - Pollinate to seed the pseudo random number generator was skipped because of an unmet condition check (ConditionPathExists=!/var/cache/pollinate/seeded).
Aug 20 19:22:26 ip-172-31-21-130 systemd[1]: Starting rsyslog.service - System Logging Service...
Aug 20 19:22:26 ip-172-31-21-130 systemd[1]: secureboot-db.service - Secure Boot updates for DB and DBX was skipped because of an unmet condition check (ConditionPathExists=/sys/firmware/efi/efivars/db-d719b2cb-3d3a-4596-a3bc-dad00e67656f).
Aug 20 19:22:26 ip-172-31-21-130 systemd[1]: Started snap.amazon-ssm-agent.amazon-ssm-agent.service - Service for snap application amazon-ssm-agent.amazon-ssm-agent.
Aug 20 19:22:26 ip-172-31-21-130 systemd[1]: snapd.core-fixup.service - Automatically repair incorrect owner/permissions on core devices was skipped because no trigger condition checks were met.
Aug 20 19:22:26 ip-172-31-21-130 systemd[1]: snapd.recovery-chooser-trigger.service - Wait for the Ubuntu Core chooser trigger was skipped because of an unmet condition check (ConditionKernelCommandLine=snapd_recovery_mode).
Aug 20 19:22:26 ip-172-31-21-130 systemd[1]: Reached target getty-pre.target - Preparation for Logins.
Aug 20 19:22:26 ip-172-31-21-130 systemd[1]: Starting snapd.seeded.service - Wait until snapd is fully seeded...
Aug 20 19:22:26 ip-172-31-21-130 systemd[1]: Starting snapd.service - Snap Daemon...
Aug 20 19:22:26 ip-172-31-21-130 systemd[1]: Starting sysstat.service - Resets System Activity Logs...
Aug 20 19:22:26 ip-172-31-21-130 systemd[1]: Starting systemd-logind.service - User Login Management...
Aug 20 19:22:26 ip-172-31-21-130 systemd[1]: systemd-pcrphase.service - TPM2 PCR Barrier (User) was skipped because of an unmet condition check (ConditionSecurity=measured-uki).
Aug 20 19:22:26 ip-172-31-21-130 systemd[1]: Starting systemd-user-sessions.service - Permit User Sessions...
Aug 20 19:22:26 ip-172-31-21-130 systemd[1]: ua-reboot-cmds.service - Ubuntu Pro reboot cmds was skipped because of an unmet condition check (ConditionPathExists=/var/lib/ubuntu-advantage/private/machine-token.json).
Aug 20 19:22:26 ip-172-31-21-130 systemd[1]: ubuntu-advantage.service - Ubuntu Pro Background Auto Attach was skipped because no trigger condition checks were met.
Aug 20 19:22:26 ip-172-31-21-130 systemd[1]: Starting udisks2.service - Disk Manager...
Aug 20 19:22:26 ip-172-31-21-130 systemd[1]: Started dbus.service - D-Bus System Message Bus.
Aug 20 19:22:26 ip-172-31-21-130 networkd-dispatcher[569]: No valid path found for iwconfig
Aug 20 19:22:26 ip-172-31-21-130 networkd-dispatcher[569]: No valid path found for iw
Aug 20 19:22:26 ip-172-31-21-130 systemd[1]: Finished sysstat.service - Resets System Activity Logs.
Aug 20 19:22:26 ip-172-31-21-130 systemd[1]: Finished systemd-user-sessions.service - Permit User Sessions.
Aug 20 19:22:26 ip-172-31-21-130 dbus-daemon[561]: [system] Successfully activated service 'org.freedesktop.systemd1'
Aug 20 19:22:26 ip-172-31-21-130 systemd[1]: Starting plymouth-quit-wait.service - Hold until boot process finishes up...
Aug 20 19:22:26 ip-172-31-21-130 udisksd[604]: udisks daemon version 2.10.1 starting
Aug 20 19:22:26 ip-172-31-21-130 systemd-logind[586]: New seat seat0.
Aug 20 19:22:26 ip-172-31-21-130 systemd[1]: Starting plymouth-quit.service - Terminate Plymouth Boot Screen...
Aug 20 19:22:26 ip-172-31-21-130 systemd-logind[586]: Watching system buttons on /dev/input/event0 (Power Button)
Aug 20 19:22:26 ip-172-31-21-130 systemd-logind[586]: Watching system buttons on /dev/input/event1 (Sleep Button)
Aug 20 19:22:26 ip-172-31-21-130 systemd-logind[586]: Watching system buttons on /dev/input/event2 (AT Translated Set 2 keyboard)
Aug 20 19:22:26 ip-172-31-21-130 systemd[1]: Started systemd-logind.service - User Login Management.
Aug 20 19:22:26 ip-172-31-21-130 systemd[1]: Started networkd-dispatcher.service - Dispatcher daemon for systemd-networkd.
Aug 20 19:22:26 ip-172-31-21-130 systemd[1]: Finished plymouth-quit-wait.service - Hold until boot process finishes up.
Aug 20 19:22:26 ip-172-31-21-130 systemd[1]: Started serial-getty@ttyS0.service - Serial Getty on ttyS0.
Aug 20 19:22:26 ip-172-31-21-130 dbus-daemon[561]: [system] Activating via systemd: service name='org.freedesktop.PolicyKit1' unit='polkit.service' requested by ':1.5' (uid=0 pid=604 comm="/usr/libexec/udisks2/udisksd" label="unconfined")
Aug 20 19:22:26 ip-172-31-21-130 chronyd[689]: chronyd version 4.5 starting (+CMDMON +NTP +REFCLOCK +RTC +PRIVDROP +SCFILTER +SIGND +ASYNCDNS +NTS +SECHASH +IPV6 -DEBUG)
Aug 20 19:22:26 ip-172-31-21-130 systemd[1]: Starting setvtrgb.service - Set console scheme...
Aug 20 19:22:26 ip-172-31-21-130 chronyd[689]: Loaded 0 symmetric keys
Aug 20 19:22:26 ip-172-31-21-130 chronyd[689]: Frequency 16.704 +/- 0.738 ppm read from /var/lib/chrony/chrony.drift
Aug 20 19:22:26 ip-172-31-21-130 chronyd[689]: Using right/UTC timezone to obtain leap second data
Aug 20 19:22:26 ip-172-31-21-130 chronyd[689]: Loaded seccomp filter (level 1)
Aug 20 19:22:26 ip-172-31-21-130 polkitd[570]: Started polkitd version 124
Aug 20 19:22:26 ip-172-31-21-130 kernel: kauditd_printk_skb: 114 callbacks suppressed
Aug 20 19:22:26 ip-172-31-21-130 kernel: audit: type=1400 audit(1787253746.792:125): apparmor="STATUS" operation="profile_replace" info="same as current profile, skipping" profile="unconfined" name="rsyslogd" pid=608 comm="apparmor_parser"
Aug 20 19:22:26 ip-172-31-21-130 systemd[1]: Starting systemd-hostnamed.service - Hostname Service...
Aug 20 19:22:26 ip-172-31-21-130 polkitd[570]: Loading rules from directory /etc/polkit-1/rules.d
Aug 20 19:22:26 ip-172-31-21-130 systemd[1]: Started unattended-upgrades.service - Unattended Upgrades Shutdown.
Aug 20 19:22:26 ip-172-31-21-130 polkitd[570]: Loading rules from directory /usr/share/polkit-1/rules.d
Aug 20 19:22:26 ip-172-31-21-130 polkitd[570]: Finished loading, compiling and executing 6 rules
Aug 20 19:22:26 ip-172-31-21-130 dbus-daemon[561]: [system] Successfully activated service 'org.freedesktop.PolicyKit1'
Aug 20 19:22:26 ip-172-31-21-130 systemd[1]: Finished apport.service - automatic crash report generation.
Aug 20 19:22:26 ip-172-31-21-130 polkitd[570]: Acquired the name org.freedesktop.PolicyKit1 on the system bus
Aug 20 19:22:26 ip-172-31-21-130 systemd[1]: Started chrony.service - chrony, an NTP client/server.
Aug 20 19:22:26 ip-172-31-21-130 systemd[1]: e2scrub_reap.service: Deactivated successfully.
Aug 20 19:22:26 ip-172-31-21-130 systemd[1]: Finished e2scrub_reap.service - Remove Stale Online ext4 Metadata Check Snapshots.
Aug 20 19:22:26 ip-172-31-21-130 systemd[1]: Finished plymouth-quit.service - Terminate Plymouth Boot Screen.
Aug 20 19:22:26 ip-172-31-21-130 systemd[1]: grub-common.service: Deactivated successfully.
Aug 20 19:22:26 ip-172-31-21-130 systemd[1]: Finished grub-common.service - Record successful boot for GRUB.
Aug 20 19:22:26 ip-172-31-21-130 systemd[1]: Finished setvtrgb.service - Set console scheme.
Aug 20 19:22:26 ip-172-31-21-130 udisksd[604]: Acquired the name org.freedesktop.UDisks2 on the system message bus
Aug 20 19:22:26 ip-172-31-21-130 systemd[1]: Started polkit.service - Authorization Manager.
Aug 20 19:22:26 ip-172-31-21-130 systemd[1]: Started udisks2.service - Disk Manager.
Aug 20 19:22:26 ip-172-31-21-130 systemd[1]: Created slice system-getty.slice - Slice /system/getty.
Aug 20 19:22:26 ip-172-31-21-130 systemd[1]: Reached target time-sync.target - System Time Synchronized.
Aug 20 19:22:26 ip-172-31-21-130 systemd[1]: Started apt-daily.timer - Daily apt download activities.
Aug 20 19:22:26 ip-172-31-21-130 systemd[1]: Started apt-daily-upgrade.timer - Daily apt upgrade and clean activities.
Aug 20 19:22:26 ip-172-31-21-130 systemd[1]: Started dpkg-db-backup.timer - Daily dpkg database backup timer.
Aug 20 19:22:26 ip-172-31-21-130 systemd[1]: Started e2scrub_all.timer - Periodic ext4 Online Metadata Check for All Filesystems.
Aug 20 19:22:26 ip-172-31-21-130 systemd[1]: Started fstrim.timer - Discard unused filesystem blocks once a week.
Aug 20 19:22:26 ip-172-31-21-130 systemd[1]: Started fwupd-refresh.timer - Refresh fwupd metadata regularly.
Aug 20 19:22:26 ip-172-31-21-130 systemd[1]: Started logrotate.timer - Daily rotation of log files.
Aug 20 19:22:26 ip-172-31-21-130 systemd[1]: Started man-db.timer - Daily man-db regeneration.
Aug 20 19:22:26 ip-172-31-21-130 systemd[1]: Started motd-news.timer - Message of the Day.
Aug 20 19:22:26 ip-172-31-21-130 systemd[1]: snapd.snap-repair.timer - Timer to automatically fetch and run repair assertions was skipped because no trigger condition checks were met.
Aug 20 19:22:26 ip-172-31-21-130 systemd[1]: Started sysstat-collect.timer - Run system activity accounting tool every 10 minutes.
Aug 20 19:22:26 ip-172-31-21-130 systemd[1]: Started sysstat-summary.timer - Generate summary of yesterday's process accounting.
Aug 20 19:22:26 ip-172-31-21-130 systemd[1]: Started update-notifier-motd.timer - Check to see whether there is a new version of Ubuntu available.
Aug 20 19:22:26 ip-172-31-21-130 systemd[1]: Reached target timers.target - Timer Units.
Aug 20 19:22:27 ip-172-31-21-130 systemd[1]: Starting ModemManager.service - Modem Manager...
Aug 20 19:22:27 ip-172-31-21-130 systemd[1]: Started getty@tty1.service - Getty on tty1.
Aug 20 19:22:27 ip-172-31-21-130 systemd[1]: Reached target getty.target - Login Prompts.
Aug 20 19:22:27 ip-172-31-21-130 systemd[1]: Starting grub-initrd-fallback.service - GRUB failed boot detection...
Aug 20 19:22:27 ip-172-31-21-130 dbus-daemon[561]: [system] Successfully activated service 'org.freedesktop.hostname1'
Aug 20 19:22:27 ip-172-31-21-130 systemd[1]: Started systemd-hostnamed.service - Hostname Service.
Aug 20 19:22:27 ip-172-31-21-130 rsyslogd[722]: imuxsock: Acquired UNIX socket '/run/systemd/journal/syslog' (fd 3) from systemd.  [v8.2312.0]
Aug 20 19:22:27 ip-172-31-21-130 rsyslogd[722]: rsyslogd's groupid changed to 102
Aug 20 19:22:27 ip-172-31-21-130 rsyslogd[722]: rsyslogd's userid changed to 102
Aug 20 19:22:27 ip-172-31-21-130 rsyslogd[722]: [origin software="rsyslogd" swVersion="8.2312.0" x-pid="722" x-info="https://www.rsyslog.com"] start
Aug 20 19:22:27 ip-172-31-21-130 systemd[1]: Started rsyslog.service - System Logging Service.
Aug 20 19:22:27 ip-172-31-21-130 systemd[1]: ec2-instance-connect-harvest-hostkeys.service: Deactivated successfully.
Aug 20 19:22:27 ip-172-31-21-130 systemd[1]: Finished ec2-instance-connect-harvest-hostkeys.service - EC2 Instance Connect Host Key Harvesting.
Aug 20 19:22:27 ip-172-31-21-130 systemd-hostnamed[706]: Hostname set to <ip-172-31-21-130> (static)
Aug 20 19:22:27 ip-172-31-21-130 ModemManager[751]: <msg> ModemManager (version 1.23.4) starting in system bus...
Aug 20 19:22:27 ip-172-31-21-130 systemd[1]: grub-initrd-fallback.service: Deactivated successfully.
Aug 20 19:22:27 ip-172-31-21-130 systemd[1]: Finished grub-initrd-fallback.service - GRUB failed boot detection.
Aug 20 19:22:27 ip-172-31-21-130 cloud-init[770]: Cloud-init v. 26.1-0ubuntu1~24.04.1 running 'modules:config' at Thu, 20 Aug 2026 19:22:27 +0000. Up 8.13 seconds.
Aug 20 19:22:27 ip-172-31-21-130 kernel: NET: Registered PF_QIPCRTR protocol family
Aug 20 19:22:27 ip-172-31-21-130 systemd[1]: Started ModemManager.service - Modem Manager.
Aug 20 19:22:27 ip-172-31-21-130 systemd[1]: Finished cloud-config.service - Cloud-init: Config Stage.
Aug 20 19:22:27 ip-172-31-21-130 systemd[1]: Starting hibinit-agent.service - EC2 instance hibernation setup agent...
Aug 20 19:22:27 ip-172-31-21-130 hibinit-agent[772]: Effective config: {'log_to_syslog': True, 'log_to_stderr': True, 'mkswap': 'mkswap {swapfile}', 'swapon': 'swapon {swapfile}', 'swapoff': 'swapoff {swapfile}', 'touch_swap': False, 'grub_update': True, 'swap_percentage': 100, 'swap_mb': 4000, 'state_dir': '/var/lib/hibinit-agent'}
Aug 20 19:22:27 ip-172-31-21-130 hibinit-agent[772]: Effective config: {'log_to_syslog': True, 'log_to_stderr': True, 'mkswap': 'mkswap {swapfile}', 'swapon': 'swapon {swapfile}', 'swapoff': 'swapoff {swapfile}', 'touch_swap': False, 'grub_update': True, 'swap_percentage': 100, 'swap_mb': 4000, 'state_dir': '/var/lib/hibinit-agent'}
Aug 20 19:22:27 ip-172-31-21-130 hibinit-agent[772]: Requesting new IMDSv2 token.
Aug 20 19:22:27 ip-172-31-21-130 hibinit-agent[772]: Requesting new IMDSv2 token.
Aug 20 19:22:27 ip-172-31-21-130 hibinit-agent[772]: Instance Launch has not enabled Hibernation Configured Flag. hibinit-agent exiting!!
Aug 20 19:22:27 ip-172-31-21-130 hibinit-agent[772]: Instance Launch has not enabled Hibernation Configured Flag. hibinit-agent exiting!!
Aug 20 19:22:27 ip-172-31-21-130 systemd[1]: hibinit-agent.service: Deactivated successfully.
Aug 20 19:22:27 ip-172-31-21-130 systemd[1]: Started hibinit-agent.service - EC2 instance hibernation setup agent.
Aug 20 19:22:29 ip-172-31-21-130 snapd[576]: seclog.go:174: security logger enabled
Aug 20 19:22:29 ip-172-31-21-130 snapd[576]: overlord.go:313: Acquiring state lock file
Aug 20 19:22:29 ip-172-31-21-130 snapd[576]: overlord.go:318: Acquired state lock file
Aug 20 19:22:29 ip-172-31-21-130 snapd[576]: daemon.go:277: started snapd/2.76.2 (series 16; classic) ubuntu/24.04 (amd64) linux/7.0.0-1010-aws.
Aug 20 19:22:29 ip-172-31-21-130 kernel: loop6: detected capacity change from 0 to 8
Aug 20 19:22:29 ip-172-31-21-130 systemd[1]: tmp-syscheck\x2dmountpoint\x2d1426243531.mount: Deactivated successfully.
Aug 20 19:22:29 ip-172-31-21-130 snapd[576]: daemon.go:371: adjusting startup timeout by 45s (pessimistic estimate of 30s plus 5s per snap)
Aug 20 19:22:29 ip-172-31-21-130 snapd[576]: backends.go:70: AppArmor status: apparmor is enabled and all features are available (using snapd provided apparmor_parser)
Aug 20 19:22:29 ip-172-31-21-130 snapd[576]: backend.go:141: delegating reload of snap-confine profiles to system snap security profiles setup
Aug 20 19:22:29 ip-172-31-21-130 snapd[576]: standby.go:95: will consider standby after: 5s
Aug 20 19:22:29 ip-172-31-21-130 systemd[1]: Started snapd.service - Snap Daemon.
Aug 20 19:22:29 ip-172-31-21-130 dbus-daemon[561]: [system] Activating via systemd: service name='org.freedesktop.timedate1' unit='dbus-org.freedesktop.timedate1.service' requested by ':1.12' (uid=0 pid=576 comm="/snap/snapd/current/usr/lib/snapd/snapd" label="unconfined")
Aug 20 19:22:29 ip-172-31-21-130 systemd[1]: Starting systemd-timedated.service - Time & Date Service...
Aug 20 19:22:29 ip-172-31-21-130 dbus-daemon[561]: [system] Successfully activated service 'org.freedesktop.timedate1'
Aug 20 19:22:29 ip-172-31-21-130 systemd[1]: Started systemd-timedated.service - Time & Date Service.
Aug 20 19:22:29 ip-172-31-21-130 systemd[1]: Finished snapd.seeded.service - Wait until snapd is fully seeded.
Aug 20 19:22:29 ip-172-31-21-130 systemd[1]: snapd.autoimport.service - Auto import assertions from block devices was skipped because no trigger condition checks were met.
Aug 20 19:22:29 ip-172-31-21-130 systemd[1]: Reached target multi-user.target - Multi-User System.
Aug 20 19:22:29 ip-172-31-21-130 systemd[1]: Reached target graphical.target - Graphical Interface.
Aug 20 19:22:29 ip-172-31-21-130 systemd[1]: Starting cloud-final.service - Cloud-init: Final Stage...
Aug 20 19:22:29 ip-172-31-21-130 snapd[576]: snapmgr.go:1675: performing periodic snap downloads cache cleanup
Aug 20 19:22:29 ip-172-31-21-130 snapd[576]: cache.go:320: removed 0 entries/    0 from downloads cache
Aug 20 19:22:29 ip-172-31-21-130 systemd[1]: Starting systemd-update-utmp-runlevel.service - Record Runlevel Change in UTMP...
Aug 20 19:22:29 ip-172-31-21-130 systemd[1]: systemd-update-utmp-runlevel.service: Deactivated successfully.
Aug 20 19:22:29 ip-172-31-21-130 systemd[1]: Finished systemd-update-utmp-runlevel.service - Record Runlevel Change in UTMP.
Aug 20 19:22:29 ip-172-31-21-130 snapd[576]: autorepair.go:177: WARNING: the system booted with an old initrd without unlocked status reporting
Aug 20 19:22:29 ip-172-31-21-130 amazon-ssm-agent.amazon-ssm-agent[573]: Error occurred fetching the seelog config file path:  open /etc/amazon/ssm/seelog.xml: no such file or directory
Aug 20 19:22:29 ip-172-31-21-130 amazon-ssm-agent.amazon-ssm-agent[573]: Initializing new seelog logger
Aug 20 19:22:29 ip-172-31-21-130 amazon-ssm-agent.amazon-ssm-agent[573]: New Seelog Logger Creation Complete
Aug 20 19:22:29 ip-172-31-21-130 amazon-ssm-agent.amazon-ssm-agent[573]: 2026-08-20 19:22:29.4835 WARN Error adding the directory '/etc/amazon/ssm' to watcher: no such file or directory
Aug 20 19:22:29 ip-172-31-21-130 amazon-ssm-agent.amazon-ssm-agent[573]: 2026-08-20 19:22:29.4837 INFO Proxy environment variables:
Aug 20 19:22:29 ip-172-31-21-130 cloud-init[883]: Cloud-init v. 26.1-0ubuntu1~24.04.1 running 'modules:final' at Thu, 20 Aug 2026 19:22:29 +0000. Up 10.57 seconds.
Aug 20 19:22:29 ip-172-31-21-130 amazon-ssm-agent.amazon-ssm-agent[573]: 2026-08-20 19:22:29.4837 INFO no_proxy:
Aug 20 19:22:29 ip-172-31-21-130 cloud-init[883]: Cloud-init v. 26.1-0ubuntu1~24.04.1 finished at Thu, 20 Aug 2026 19:22:29 +0000. Datasource DataSourceEc2Local.  Up 10.63 seconds
Aug 20 19:22:29 ip-172-31-21-130 systemd[1]: Finished cloud-final.service - Cloud-init: Final Stage.
Aug 20 19:22:29 ip-172-31-21-130 systemd[1]: Reached target cloud-init.target - Cloud-init target.
Aug 20 19:22:29 ip-172-31-21-130 systemd[1]: Startup finished in 1.180s (kernel) + 9.529s (userspace) = 10.710s.
Aug 20 19:22:29 ip-172-31-21-130 amazon-ssm-agent.amazon-ssm-agent[573]: 2026-08-20 19:22:29.4837 INFO https_proxy:
Aug 20 19:22:29 ip-172-31-21-130 amazon-ssm-agent.amazon-ssm-agent[573]: 2026-08-20 19:22:29.4837 INFO http_proxy:
Aug 20 19:22:29 ip-172-31-21-130 amazon-ssm-agent.amazon-ssm-agent[573]: 2026-08-20 19:22:29.4837 INFO Checking if agent identity type OnPrem can be assumed
Aug 20 19:22:30 ip-172-31-21-130 systemd[1]: dmesg.service: Deactivated successfully.
Aug 20 19:22:30 ip-172-31-21-130 amazon-ssm-agent.amazon-ssm-agent[573]: 2026-08-20 19:22:29.4883 INFO Checking if agent identity type EC2 can be assumed
Aug 20 19:22:30 ip-172-31-21-130 amazon-ssm-agent.amazon-ssm-agent[573]: 2026-08-20 19:22:29.6724 INFO Agent will take identity from EC2
Aug 20 19:22:30 ip-172-31-21-130 amazon-ssm-agent.amazon-ssm-agent[573]: 2026-08-20 19:22:29.6776 INFO Telemetry initialized
Aug 20 19:22:30 ip-172-31-21-130 amazon-ssm-agent.amazon-ssm-agent[573]: 2026-08-20 19:22:29.6814 INFO [amazon-ssm-agent] amazon-ssm-agent - v3.3.4793.0
Aug 20 19:22:30 ip-172-31-21-130 amazon-ssm-agent.amazon-ssm-agent[573]: 2026-08-20 19:22:29.6817 INFO [amazon-ssm-agent] OS: linux, Arch: amd64
Aug 20 19:22:30 ip-172-31-21-130 amazon-ssm-agent.amazon-ssm-agent[573]: 2026-08-20 19:22:29.6817 INFO [amazon-ssm-agent] Starting Core Agent
Aug 20 19:22:30 ip-172-31-21-130 amazon-ssm-agent.amazon-ssm-agent[573]: 2026-08-20 19:22:29.6817 INFO [amazon-ssm-agent] Registrar detected. Attempting registration
Aug 20 19:22:30 ip-172-31-21-130 amazon-ssm-agent.amazon-ssm-agent[573]: 2026-08-20 19:22:29.6817 INFO [Registrar] Starting registrar module
Aug 20 19:22:30 ip-172-31-21-130 amazon-ssm-agent.amazon-ssm-agent[573]: 2026-08-20 19:22:29.6835 INFO [EC2Identity] Checking disk for registration info
Aug 20 19:22:30 ip-172-31-21-130 amazon-ssm-agent.amazon-ssm-agent[573]: 2026-08-20 19:22:29.6856 INFO [EC2Identity] Registration info found for ec2 instance
Aug 20 19:22:31 ip-172-31-21-130 amazon-ssm-agent.amazon-ssm-agent[573]: 2026-08-20 19:22:29.6856 INFO [amazon-ssm-agent] Registration attempted. Resuming core agent startup.
Aug 20 19:22:31 ip-172-31-21-130 amazon-ssm-agent.amazon-ssm-agent[573]: 2026-08-20 19:22:29.6857 INFO [CredentialRefresher] credentialRefresher has started
Aug 20 19:22:31 ip-172-31-21-130 amazon-ssm-agent.amazon-ssm-agent[573]: 2026-08-20 19:22:29.6857 INFO [CredentialRefresher] Starting credentials refresher loop
Aug 20 19:22:31 ip-172-31-21-130 amazon-ssm-agent.amazon-ssm-agent[573]: 2026-08-20 19:22:29.6871 WARN EC2RoleProvider Failed to connect to Systems Manager with instance profile role credentials. Err: retrieved credentials failed to report to ssm. Error: EC2RoleRequestError: no EC2 instance role found
Aug 20 19:22:31 ip-172-31-21-130 amazon-ssm-agent.amazon-ssm-agent[573]: caused by: EC2MetadataError: failed to make EC2Metadata request
Aug 20 19:22:31 ip-172-31-21-130 amazon-ssm-agent.amazon-ssm-agent[573]: <?xml version="1.0" encoding="iso-8859-1"?>
Aug 20 19:22:31 ip-172-31-21-130 amazon-ssm-agent.amazon-ssm-agent[573]: <!DOCTYPE html PUBLIC "-//W3C//DTD XHTML 1.0 Transitional//EN"
Aug 20 19:22:31 ip-172-31-21-130 amazon-ssm-agent.amazon-ssm-agent[573]:                  "http://www.w3.org/TR/xhtml1/DTD/xhtml1-transitional.dtd">
Aug 20 19:22:31 ip-172-31-21-130 amazon-ssm-agent.amazon-ssm-agent[573]: <html xmlns="http://www.w3.org/1999/xhtml" xml:lang="en" lang="en">
Aug 20 19:22:31 ip-172-31-21-130 amazon-ssm-agent.amazon-ssm-agent[573]:  <head>
Aug 20 19:22:31 ip-172-31-21-130 amazon-ssm-agent.amazon-ssm-agent[573]:   <title>404 - Not Found</title>
Aug 20 19:22:31 ip-172-31-21-130 amazon-ssm-agent.amazon-ssm-agent[573]:  </head>
Aug 20 19:22:31 ip-172-31-21-130 amazon-ssm-agent.amazon-ssm-agent[573]:  <body>
Aug 20 19:22:31 ip-172-31-21-130 amazon-ssm-agent.amazon-ssm-agent[573]:   <h1>404 - Not Found</h1>
Aug 20 19:22:31 ip-172-31-21-130 amazon-ssm-agent.amazon-ssm-agent[573]:  </body>
Aug 20 19:22:31 ip-172-31-21-130 amazon-ssm-agent.amazon-ssm-agent[573]: </html>
Aug 20 19:22:31 ip-172-31-21-130 amazon-ssm-agent.amazon-ssm-agent[573]:         status code: 404, request id:
Aug 20 19:22:31 ip-172-31-21-130 amazon-ssm-agent.amazon-ssm-agent[573]: 2026-08-20 19:22:29.7240 ERROR EC2RoleProvider Failed to connect to Systems Manager with SSM role credentials. error calling RequestManagedInstanceRoleToken: AccessDeniedException: Systems Manager's instance management role is not configured for account: 756418066642
Aug 20 19:22:31 ip-172-31-21-130 amazon-ssm-agent.amazon-ssm-agent[573]:         status code: 400, request id: 8432592b-4908-4cac-9367-e2a494c51c1a
Aug 20 19:22:31 ip-172-31-21-130 amazon-ssm-agent.amazon-ssm-agent[573]: 2026-08-20 19:22:29.7240 ERROR [CredentialRefresher] Retrieve credentials produced error: no valid credentials could be retrieved for ec2 identity. Default Host Management Err: error calling RequestManagedInstanceRoleToken: AccessDeniedException: Systems Manager's instance management role is not configured for account: 756418066642
Aug 20 19:22:31 ip-172-31-21-130 amazon-ssm-agent.amazon-ssm-agent[573]:         status code: 400, request id: 8432592b-4908-4cac-9367-e2a494c51c1a
Aug 20 19:22:31 ip-172-31-21-130 amazon-ssm-agent.amazon-ssm-agent[573]: 2026-08-20 19:22:29.7240 INFO [CredentialRefresher] Sleeping for 29m58s before retrying retrieve credentials
Aug 20 19:22:31 ip-172-31-21-130 amazon-ssm-agent.amazon-ssm-agent[573]: 2026-08-20 19:22:29.7242 INFO [SerialPort] Write to serial port: SSM Agent unable to acquire credentials: <error>no valid credentials could be retrieved for ec2 identity. Default Host Management Err: error calling RequestManagedInstanceRoleToken: AccessDeniedException: Systems Manager's instance management role is not configured for account: 756418066642
Aug 20 19:22:31 ip-172-31-21-130 amazon-ssm-agent.amazon-ssm-agent[573]:         status code: 400, request id: 8432592b-4908-4cac-9367-e2a494c51c1a</error>
Aug 20 19:22:32 ip-172-31-21-130 systemd[1]: Starting ssh.service - OpenBSD Secure Shell server...
Aug 20 19:22:32 ip-172-31-21-130 sshd[911]: Server listening on 0.0.0.0 port 22.
Aug 20 19:22:32 ip-172-31-21-130 sshd[911]: Server listening on :: port 22.
Aug 20 19:22:32 ip-172-31-21-130 systemd[1]: Started ssh.service - OpenBSD Secure Shell server.
Aug 20 19:22:33 ip-172-31-21-130 chronyd[689]: Selected source 169.254.169.123
Aug 20 19:22:33 ip-172-31-21-130 chronyd[689]: System clock TAI offset set to 37 seconds
Aug 20 19:22:34 ip-172-31-21-130 sshd[912]: Accepted publickey for ubuntu from 106.200.30.86 port 6472 ssh2: RSA SHA256:DmOUWSHsD4VR48RhKsonEQz1PorfIIIakzZbjEz+27M
Aug 20 19:22:34 ip-172-31-21-130 sshd[912]: pam_unix(sshd:session): session opened for user ubuntu(uid=1000) by ubuntu(uid=0)
Aug 20 19:22:34 ip-172-31-21-130 systemd-logind[586]: New session 1 of user ubuntu.
Aug 20 19:22:34 ip-172-31-21-130 systemd[1]: Created slice user-1000.slice - User Slice of UID 1000.
Aug 20 19:22:34 ip-172-31-21-130 systemd[1]: Starting user-runtime-dir@1000.service - User Runtime Directory /run/user/1000...
Aug 20 19:22:34 ip-172-31-21-130 systemd[1]: Finished user-runtime-dir@1000.service - User Runtime Directory /run/user/1000.
Aug 20 19:22:34 ip-172-31-21-130 systemd[1]: Starting user@1000.service - User Manager for UID 1000...
Aug 20 19:22:34 ip-172-31-21-130 (systemd)[919]: pam_unix(systemd-user:session): session opened for user ubuntu(uid=1000) by ubuntu(uid=0)
Aug 20 19:22:35 ip-172-31-21-130 systemd[919]: Queued start job for default target default.target.
Aug 20 19:22:35 ip-172-31-21-130 systemd-journald[129]: /var/log/journal/ec25dbf92fa7a8cca14e3d5e3abd2657/user-1000.journal: Journal file uses a different sequence number ID, rotating.
Aug 20 19:22:35 ip-172-31-21-130 systemd[919]: Created slice app.slice - User Application Slice.
Aug 20 19:22:35 ip-172-31-21-130 systemd[919]: Started launchpadlib-cache-clean.timer - Clean up old files in the Launchpadlib cache.
Aug 20 19:22:35 ip-172-31-21-130 systemd[919]: Reached target paths.target - Paths.
Aug 20 19:22:35 ip-172-31-21-130 systemd[919]: Reached target timers.target - Timers.
Aug 20 19:22:35 ip-172-31-21-130 systemd[919]: Starting dbus.socket - D-Bus User Message Bus Socket...
Aug 20 19:22:35 ip-172-31-21-130 systemd[919]: Listening on dirmngr.socket - GnuPG network certificate management daemon.
Aug 20 19:22:35 ip-172-31-21-130 systemd[919]: Listening on gpg-agent-browser.socket - GnuPG cryptographic agent and passphrase cache (access for web browsers).
Aug 20 19:22:35 ip-172-31-21-130 systemd[919]: Listening on gpg-agent-extra.socket - GnuPG cryptographic agent and passphrase cache (restricted).
Aug 20 19:22:35 ip-172-31-21-130 systemd[919]: Starting gpg-agent-ssh.socket - GnuPG cryptographic agent (ssh-agent emulation)...
Aug 20 19:22:35 ip-172-31-21-130 systemd[919]: Listening on gpg-agent.socket - GnuPG cryptographic agent and passphrase cache.
Aug 20 19:22:35 ip-172-31-21-130 systemd[919]: Listening on keyboxd.socket - GnuPG public key management service.
Aug 20 19:22:35 ip-172-31-21-130 systemd[919]: Listening on pk-debconf-helper.socket - debconf communication socket.
Aug 20 19:22:35 ip-172-31-21-130 systemd[919]: Listening on snapd.session-agent.socket - REST API socket for snapd user session agent.
Aug 20 19:22:35 ip-172-31-21-130 systemd[919]: Listening on dbus.socket - D-Bus User Message Bus Socket.
Aug 20 19:22:35 ip-172-31-21-130 systemd[919]: Listening on gpg-agent-ssh.socket - GnuPG cryptographic agent (ssh-agent emulation).
Aug 20 19:22:35 ip-172-31-21-130 systemd[919]: Reached target sockets.target - Sockets.
Aug 20 19:22:35 ip-172-31-21-130 systemd[919]: Reached target basic.target - Basic System.
Aug 20 19:22:35 ip-172-31-21-130 systemd[919]: Reached target default.target - Main User Target.
Aug 20 19:22:35 ip-172-31-21-130 systemd[919]: Startup finished in 129ms.
Aug 20 19:22:35 ip-172-31-21-130 systemd[1]: Started user@1000.service - User Manager for UID 1000.
Aug 20 19:22:35 ip-172-31-21-130 systemd[1]: Started session-1.scope - Session 1 of User ubuntu.
Aug 20 19:22:36 ip-172-31-21-130 irqbalance[567]: Cannot change IRQ 0 affinity: No such file or directory
Aug 20 19:22:36 ip-172-31-21-130 irqbalance[567]: IRQ 0 affinity is now unmanaged
Aug 20 19:22:36 ip-172-31-21-130 irqbalance[567]: Cannot change IRQ 48 affinity: No such file or directory
Aug 20 19:22:36 ip-172-31-21-130 irqbalance[567]: IRQ 48 affinity is now unmanaged
Aug 20 19:22:36 ip-172-31-21-130 irqbalance[567]: Cannot change IRQ 49 affinity: No such file or directory
Aug 20 19:22:36 ip-172-31-21-130 irqbalance[567]: IRQ 49 affinity is now unmanaged
Aug 20 19:22:36 ip-172-31-21-130 irqbalance[567]: Cannot change IRQ 50 affinity: No such file or directory
Aug 20 19:22:36 ip-172-31-21-130 irqbalance[567]: IRQ 50 affinity is now unmanaged
Aug 20 19:22:36 ip-172-31-21-130 irqbalance[567]: Cannot change IRQ 51 affinity: No such file or directory
Aug 20 19:22:36 ip-172-31-21-130 irqbalance[567]: IRQ 51 affinity is now unmanaged
Aug 20 19:22:36 ip-172-31-21-130 irqbalance[567]: Cannot change IRQ 52 affinity: No such file or directory
Aug 20 19:22:36 ip-172-31-21-130 irqbalance[567]: IRQ 52 affinity is now unmanaged
Aug 20 19:22:36 ip-172-31-21-130 irqbalance[567]: Cannot change IRQ 53 affinity: No such file or directory
Aug 20 19:22:36 ip-172-31-21-130 irqbalance[567]: IRQ 53 affinity is now unmanaged
Aug 20 19:22:36 ip-172-31-21-130 irqbalance[567]: Cannot change IRQ 54 affinity: No such file or directory
Aug 20 19:22:36 ip-172-31-21-130 irqbalance[567]: IRQ 54 affinity is now unmanaged
Aug 20 19:22:36 ip-172-31-21-130 irqbalance[567]: Cannot change IRQ 55 affinity: No such file or directory
Aug 20 19:22:36 ip-172-31-21-130 irqbalance[567]: IRQ 55 affinity is now unmanaged
Aug 20 19:22:36 ip-172-31-21-130 irqbalance[567]: Cannot change IRQ 56 affinity: No such file or directory
Aug 20 19:22:36 ip-172-31-21-130 irqbalance[567]: IRQ 56 affinity is now unmanaged
Aug 20 19:22:36 ip-172-31-21-130 irqbalance[567]: Cannot change IRQ 57 affinity: No such file or directory
Aug 20 19:22:36 ip-172-31-21-130 irqbalance[567]: IRQ 57 affinity is now unmanaged
Aug 20 19:22:36 ip-172-31-21-130 irqbalance[567]: Cannot change IRQ 58 affinity: No such file or directory
Aug 20 19:22:36 ip-172-31-21-130 irqbalance[567]: IRQ 58 affinity is now unmanaged
Aug 20 19:22:36 ip-172-31-21-130 irqbalance[567]: Cannot change IRQ 59 affinity: No such file or directory
Aug 20 19:22:36 ip-172-31-21-130 irqbalance[567]: IRQ 59 affinity is now unmanaged
Aug 20 19:22:37 ip-172-31-21-130 sshd[915]: Accepted publickey for ubuntu from 106.200.30.86 port 2855 ssh2: RSA SHA256:DmOUWSHsD4VR48RhKsonEQz1PorfIIIakzZbjEz+27M
Aug 20 19:22:37 ip-172-31-21-130 sshd[915]: pam_unix(sshd:session): session opened for user ubuntu(uid=1000) by ubuntu(uid=0)
Aug 20 19:22:37 ip-172-31-21-130 systemd-logind[586]: New session 3 of user ubuntu.
Aug 20 19:22:37 ip-172-31-21-130 systemd[1]: Started session-3.scope - Session 3 of User ubuntu.
Aug 20 19:22:45 ip-172-31-21-130 sudo[1095]:   ubuntu : TTY=pts/0 ; PWD=/home/ubuntu ; USER=root ; COMMAND=/usr/bin/crontab -e
Aug 20 19:22:45 ip-172-31-21-130 sudo[1095]: pam_unix(sudo:session): session opened for user root(uid=0) by ubuntu(uid=1000)
Aug 20 19:22:45 ip-172-31-21-130 crontab[1097]: (root) BEGIN EDIT (root)
Aug 20 19:22:51 ip-172-31-21-130 systemd[1]: systemd-fsckd.service: Deactivated successfully.
Aug 20 19:22:55 ip-172-31-21-130 crontab[1097]: (root) REPLACE (root)
Aug 20 19:22:55 ip-172-31-21-130 crontab[1097]: (root) END EDIT (root)
Aug 20 19:22:55 ip-172-31-21-130 sudo[1095]: pam_unix(sudo:session): session closed for user root
Aug 20 19:22:57 ip-172-31-21-130 systemd[1]: systemd-hostnamed.service: Deactivated successfully.
Aug 20 19:22:59 ip-172-31-21-130 systemd[1]: systemd-timedated.service: Deactivated successfully.
Aug 20 19:23:01 ip-172-31-21-130 cron[560]: (root) RELOAD (crontabs/root)
Aug 20 19:25:01 ip-172-31-21-130 CRON[1128]: pam_unix(cron:session): session opened for user root(uid=0) by root(uid=0)
Aug 20 19:25:01 ip-172-31-21-130 CRON[1129]: (root) CMD (command -v debian-sa1 > /dev/null && debian-sa1 1 1)
Aug 20 19:25:01 ip-172-31-21-130 CRON[1128]: pam_unix(cron:session): session closed for user root
Aug 20 19:27:21 ip-172-31-21-130 systemd[1]: Starting update-notifier-download.service - Download data for packages that failed at package install time...
Aug 20 19:27:21 ip-172-31-21-130 systemd[1]: update-notifier-download.service: Deactivated successfully.
Aug 20 19:27:21 ip-172-31-21-130 systemd[1]: Finished update-notifier-download.service - Download data for packages that failed at package install time.
Aug 20 19:27:29 ip-172-31-21-130 dbus-daemon[561]: [system] Activating via systemd: service name='org.freedesktop.timedate1' unit='dbus-org.freedesktop.timedate1.service' requested by ':1.12' (uid=0 pid=576 comm="/snap/snapd/current/usr/lib/snapd/snapd" label="unconfined")
Aug 20 19:27:29 ip-172-31-21-130 systemd[1]: Starting systemd-timedated.service - Time & Date Service...
Aug 20 19:27:29 ip-172-31-21-130 dbus-daemon[561]: [system] Successfully activated service 'org.freedesktop.timedate1'
Aug 20 19:27:29 ip-172-31-21-130 systemd[1]: Started systemd-timedated.service - Time & Date Service.
Aug 20 19:27:41 ip-172-31-21-130 systemd[919]: launchpadlib-cache-clean.service - Clean up old files in the Launchpadlib cache was skipped because of an unmet condition check (ConditionPathExists=/home/ubuntu/.launchpadlib/api.launchpad.net/cache).
Aug 20 19:27:59 ip-172-31-21-130 systemd[1]: systemd-timedated.service: Deactivated successfully.
Aug 20 19:30:21 ip-172-31-21-130 systemd[1]: Starting sysstat-collect.service - system activity accounting tool...
Aug 20 19:30:21 ip-172-31-21-130 systemd[1]: sysstat-collect.service: Deactivated successfully.
Aug 20 19:30:21 ip-172-31-21-130 systemd[1]: Finished sysstat-collect.service - system activity accounting tool.
Aug 20 19:35:01 ip-172-31-21-130 CRON[1151]: pam_unix(cron:session): session opened for user root(uid=0) by root(uid=0)
Aug 20 19:35:01 ip-172-31-21-130 CRON[1152]: (root) CMD (command -v debian-sa1 > /dev/null && debian-sa1 1 1)
Aug 20 19:35:01 ip-172-31-21-130 CRON[1151]: pam_unix(cron:session): session closed for user root
Aug 20 19:37:29 ip-172-31-21-130 systemd[1]: Starting systemd-tmpfiles-clean.service - Cleanup of Temporary Directories...
Aug 20 19:37:29 ip-172-31-21-130 systemd[1]: systemd-tmpfiles-clean.service: Deactivated successfully.
Aug 20 19:37:29 ip-172-31-21-130 systemd[1]: Finished systemd-tmpfiles-clean.service - Cleanup of Temporary Directories.
Aug 20 19:40:21 ip-172-31-21-130 systemd[1]: Starting sysstat-collect.service - system activity accounting tool...
Aug 20 19:40:21 ip-172-31-21-130 systemd[1]: sysstat-collect.service: Deactivated successfully.
Aug 20 19:40:21 ip-172-31-21-130 systemd[1]: Finished sysstat-collect.service - system activity accounting tool.
Aug 20 19:41:02 ip-172-31-21-130 sshd[1164]: Connection closed by 47.162.111.57 port 57505
Aug 20 19:41:25 ip-172-31-21-130 sshd[1165]: Connection closed by 47.162.111.57 port 46501
Aug 20 19:41:27 ip-172-31-21-130 sshd[1166]: Connection closed by 179.37.38.216 port 37982
Aug 20 19:41:36 ip-172-31-21-130 sshd[1167]: Connection closed by 179.37.38.216 port 40748
Aug 20 19:45:01 ip-172-31-21-130 CRON[1171]: pam_unix(cron:session): session opened for user root(uid=0) by root(uid=0)
Aug 20 19:45:01 ip-172-31-21-130 CRON[1172]: (root) CMD (command -v debian-sa1 > /dev/null && debian-sa1 1 1)
Aug 20 19:45:01 ip-172-31-21-130 CRON[1171]: pam_unix(cron:session): session closed for user root
Aug 20 19:50:21 ip-172-31-21-130 systemd[1]: Starting sysstat-collect.service - system activity accounting tool...
Aug 20 19:50:21 ip-172-31-21-130 systemd[1]: sysstat-collect.service: Deactivated successfully.
Aug 20 19:50:21 ip-172-31-21-130 systemd[1]: Finished sysstat-collect.service - system activity accounting tool.
Aug 20 19:51:21 ip-172-31-21-130 systemd[1]: Starting fwupd-refresh.service - Refresh fwupd metadata and update motd...
Aug 20 19:51:22 ip-172-31-21-130 dbus-daemon[561]: [system] Activating via systemd: service name='org.freedesktop.fwupd' unit='fwupd.service' requested by ':1.19' (uid=990 pid=1180 comm="/usr/bin/fwupdmgr refresh" label="unconfined")
Aug 20 19:51:22 ip-172-31-21-130 systemd[1]: Starting modprobe@sd_mod.service - Load Kernel Module sd_mod...
Aug 20 19:51:22 ip-172-31-21-130 systemd[1]: modprobe@sd_mod.service: Deactivated successfully.
Aug 20 19:51:22 ip-172-31-21-130 systemd[1]: Finished modprobe@sd_mod.service - Load Kernel Module sd_mod.
Aug 20 19:51:22 ip-172-31-21-130 systemd[1]: Starting fwupd.service - Firmware update daemon...
Aug 20 19:51:22 ip-172-31-21-130 fwupd[1187]: 19:51:22.587 FuMain               fwupd 2.0.20 ready for requests (locale C.UTF-8)
Aug 20 19:51:22 ip-172-31-21-130 dbus-daemon[561]: [system] Successfully activated service 'org.freedesktop.fwupd'
Aug 20 19:51:22 ip-172-31-21-130 systemd[1]: Started fwupd.service - Firmware update daemon.
Aug 20 19:51:22 ip-172-31-21-130 fwupd[1187]: 19:51:22.592 FuPluginLinuxSleep   could not open /sys/power/mem_sleep: Error opening file /sys/power/mem_sleep: No such file or directory
Aug 20 19:51:22 ip-172-31-21-130 systemd[1]: fwupd-refresh.service: Deactivated successfully.
Aug 20 19:51:22 ip-172-31-21-130 systemd[1]: Finished fwupd-refresh.service - Refresh fwupd metadata and update motd.
Aug 20 19:52:27 ip-172-31-21-130 amazon-ssm-agent.amazon-ssm-agent[573]: 2026-08-20 19:52:27.8253 WARN EC2RoleProvider Failed to connect to Systems Manager with instance profile role credentials. Err: retrieved credentials failed to report to ssm. Error: EC2RoleRequestError: no EC2 instance role found
Aug 20 19:52:27 ip-172-31-21-130 amazon-ssm-agent.amazon-ssm-agent[573]: caused by: EC2MetadataError: failed to make EC2Metadata request
Aug 20 19:52:27 ip-172-31-21-130 amazon-ssm-agent.amazon-ssm-agent[573]: <?xml version="1.0" encoding="iso-8859-1"?>
Aug 20 19:52:27 ip-172-31-21-130 amazon-ssm-agent.amazon-ssm-agent[573]: <!DOCTYPE html PUBLIC "-//W3C//DTD XHTML 1.0 Transitional//EN"
Aug 20 19:52:27 ip-172-31-21-130 amazon-ssm-agent.amazon-ssm-agent[573]:                  "http://www.w3.org/TR/xhtml1/DTD/xhtml1-transitional.dtd">
Aug 20 19:52:27 ip-172-31-21-130 amazon-ssm-agent.amazon-ssm-agent[573]: <html xmlns="http://www.w3.org/1999/xhtml" xml:lang="en" lang="en">
Aug 20 19:52:27 ip-172-31-21-130 amazon-ssm-agent.amazon-ssm-agent[573]:  <head>
Aug 20 19:52:27 ip-172-31-21-130 amazon-ssm-agent.amazon-ssm-agent[573]:   <title>404 - Not Found</title>
Aug 20 19:52:27 ip-172-31-21-130 amazon-ssm-agent.amazon-ssm-agent[573]:  </head>
Aug 20 19:52:27 ip-172-31-21-130 amazon-ssm-agent.amazon-ssm-agent[573]:  <body>
Aug 20 19:52:27 ip-172-31-21-130 amazon-ssm-agent.amazon-ssm-agent[573]:   <h1>404 - Not Found</h1>
Aug 20 19:52:27 ip-172-31-21-130 amazon-ssm-agent.amazon-ssm-agent[573]:  </body>
Aug 20 19:52:27 ip-172-31-21-130 amazon-ssm-agent.amazon-ssm-agent[573]: </html>
Aug 20 19:52:27 ip-172-31-21-130 amazon-ssm-agent.amazon-ssm-agent[573]:         status code: 404, request id:
Aug 20 19:52:27 ip-172-31-21-130 amazon-ssm-agent.amazon-ssm-agent[573]: 2026-08-20 19:52:27.8583 ERROR EC2RoleProvider Failed to connect to Systems Manager with SSM role credentials. error calling RequestManagedInstanceRoleToken: AccessDeniedException: Systems Manager's instance management role is not configured for account: 756418066642
Aug 20 19:52:27 ip-172-31-21-130 amazon-ssm-agent.amazon-ssm-agent[573]:         status code: 400, request id: 2e452799-3dc5-4218-b764-dae5edc6d872
Aug 20 19:52:28 ip-172-31-21-130 amazon-ssm-agent.amazon-ssm-agent[573]: 2026-08-20 19:52:27.8583 ERROR [CredentialRefresher] Retrieve credentials produced error: no valid credentials could be retrieved for ec2 identity. Default Host Management Err: error calling RequestManagedInstanceRoleToken: AccessDeniedException: Systems Manager's instance management role is not configured for account: 756418066642
Aug 20 19:52:28 ip-172-31-21-130 amazon-ssm-agent.amazon-ssm-agent[573]:         status code: 400, request id: 2e452799-3dc5-4218-b764-dae5edc6d872
Aug 20 19:52:28 ip-172-31-21-130 amazon-ssm-agent.amazon-ssm-agent[573]: 2026-08-20 19:52:27.8583 INFO [CredentialRefresher] Sleeping for 25m13s before retrying retrieve credentials
Aug 20 19:55:01 ip-172-31-21-130 CRON[1198]: pam_unix(cron:session): session opened for user root(uid=0) by root(uid=0)
Aug 20 19:55:01 ip-172-31-21-130 CRON[1199]: (root) CMD (command -v debian-sa1 > /dev/null && debian-sa1 1 1)
Aug 20 19:55:01 ip-172-31-21-130 CRON[1198]: pam_unix(cron:session): session closed for user root
Aug 20 19:56:23 ip-172-31-21-130 systemd[1]: fwupd.service: Deactivated successfully.
Aug 20 20:00:21 ip-172-31-21-130 systemd[1]: Starting sysstat-collect.service - system activity accounting tool...
Aug 20 20:00:21 ip-172-31-21-130 systemd[1]: sysstat-collect.service: Deactivated successfully.
Aug 20 20:00:21 ip-172-31-21-130 systemd[1]: Finished sysstat-collect.service - system activity accounting tool.
Aug 20 20:05:01 ip-172-31-21-130 CRON[1212]: pam_unix(cron:session): session opened for user root(uid=0) by root(uid=0)
Aug 20 20:05:01 ip-172-31-21-130 CRON[1213]: (root) CMD (command -v debian-sa1 > /dev/null && debian-sa1 1 1)
Aug 20 20:05:01 ip-172-31-21-130 CRON[1212]: pam_unix(cron:session): session closed for user root
Aug 20 20:05:29 ip-172-31-21-130 sshd[1215]: banner exchange: Connection from 3.130.168.2 port 52458: invalid format
Aug 20 20:05:45 ip-172-31-21-130 sshd[1216]: Connection closed by 3.130.168.2 port 15754 [preauth]
Aug 20 20:08:07 ip-172-31-21-130 sshd[1220]: Connection closed by 134.228.113.239 port 56313
Aug 20 20:10:21 ip-172-31-21-130 systemd[1]: Starting sysstat-collect.service - system activity accounting tool...
Aug 20 20:10:21 ip-172-31-21-130 systemd[1]: sysstat-collect.service: Deactivated successfully.
Aug 20 20:10:21 ip-172-31-21-130 systemd[1]: Finished sysstat-collect.service - system activity accounting tool.
Aug 20 20:13:59 ip-172-31-21-130 sshd[1227]: Connection reset by 68.183.105.175 port 26057 [preauth]
Aug 20 20:15:01 ip-172-31-21-130 CRON[1229]: pam_unix(cron:session): session opened for user root(uid=0) by root(uid=0)
Aug 20 20:15:01 ip-172-31-21-130 CRON[1230]: (root) CMD (command -v debian-sa1 > /dev/null && debian-sa1 1 1)
Aug 20 20:15:01 ip-172-31-21-130 CRON[1229]: pam_unix(cron:session): session closed for user root
Aug 20 20:17:01 ip-172-31-21-130 CRON[1235]: pam_unix(cron:session): session opened for user root(uid=0) by root(uid=0)
Aug 20 20:17:01 ip-172-31-21-130 CRON[1236]: (root) CMD (cd / && run-parts --report /etc/cron.hourly)
Aug 20 20:17:01 ip-172-31-21-130 CRON[1235]: pam_unix(cron:session): session closed for user root
Aug 20 20:17:40 ip-172-31-21-130 amazon-ssm-agent.amazon-ssm-agent[573]: 2026-08-20 20:17:40.8599 WARN EC2RoleProvider Failed to connect to Systems Manager with instance profile role credentials. Err: retrieved credentials failed to report to ssm. Error: EC2RoleRequestError: no EC2 instance role found
Aug 20 20:17:40 ip-172-31-21-130 amazon-ssm-agent.amazon-ssm-agent[573]: caused by: EC2MetadataError: failed to make EC2Metadata request
Aug 20 20:17:40 ip-172-31-21-130 amazon-ssm-agent.amazon-ssm-agent[573]: <?xml version="1.0" encoding="iso-8859-1"?>
Aug 20 20:17:40 ip-172-31-21-130 amazon-ssm-agent.amazon-ssm-agent[573]: <!DOCTYPE html PUBLIC "-//W3C//DTD XHTML 1.0 Transitional//EN"
Aug 20 20:17:40 ip-172-31-21-130 amazon-ssm-agent.amazon-ssm-agent[573]:                  "http://www.w3.org/TR/xhtml1/DTD/xhtml1-transitional.dtd">
Aug 20 20:17:40 ip-172-31-21-130 amazon-ssm-agent.amazon-ssm-agent[573]: <html xmlns="http://www.w3.org/1999/xhtml" xml:lang="en" lang="en">
Aug 20 20:17:40 ip-172-31-21-130 amazon-ssm-agent.amazon-ssm-agent[573]:  <head>
Aug 20 20:17:40 ip-172-31-21-130 amazon-ssm-agent.amazon-ssm-agent[573]:   <title>404 - Not Found</title>
Aug 20 20:17:40 ip-172-31-21-130 amazon-ssm-agent.amazon-ssm-agent[573]:  </head>
Aug 20 20:17:40 ip-172-31-21-130 amazon-ssm-agent.amazon-ssm-agent[573]:  <body>
Aug 20 20:17:40 ip-172-31-21-130 amazon-ssm-agent.amazon-ssm-agent[573]:   <h1>404 - Not Found</h1>
Aug 20 20:17:40 ip-172-31-21-130 amazon-ssm-agent.amazon-ssm-agent[573]:  </body>
Aug 20 20:17:40 ip-172-31-21-130 amazon-ssm-agent.amazon-ssm-agent[573]: </html>
Aug 20 20:17:40 ip-172-31-21-130 amazon-ssm-agent.amazon-ssm-agent[573]:         status code: 404, request id:
Aug 20 20:17:40 ip-172-31-21-130 amazon-ssm-agent.amazon-ssm-agent[573]: 2026-08-20 20:17:40.8993 ERROR EC2RoleProvider Failed to connect to Systems Manager with SSM role credentials. error calling RequestManagedInstanceRoleToken: AccessDeniedException: Systems Manager's instance management role is not configured for account: 756418066642
Aug 20 20:17:40 ip-172-31-21-130 amazon-ssm-agent.amazon-ssm-agent[573]:         status code: 400, request id: ee86489f-0105-4ade-9324-6c3721f8b76f
Aug 20 20:17:41 ip-172-31-21-130 amazon-ssm-agent.amazon-ssm-agent[573]: 2026-08-20 20:17:40.8993 ERROR [CredentialRefresher] Retrieve credentials produced error: no valid credentials could be retrieved for ec2 identity. Default Host Management Err: error calling RequestManagedInstanceRoleToken: AccessDeniedException: Systems Manager's instance management role is not configured for account: 756418066642
Aug 20 20:17:41 ip-172-31-21-130 amazon-ssm-agent.amazon-ssm-agent[573]:         status code: 400, request id: ee86489f-0105-4ade-9324-6c3721f8b76f
Aug 20 20:17:41 ip-172-31-21-130 amazon-ssm-agent.amazon-ssm-agent[573]: 2026-08-20 20:17:40.8993 INFO [CredentialRefresher] Sleeping for 26m50s before retrying retrieve credentials
Aug 20 20:20:21 ip-172-31-21-130 systemd[1]: Starting sysstat-collect.service - system activity accounting tool...
Aug 20 20:20:21 ip-172-31-21-130 systemd[1]: sysstat-collect.service: Deactivated successfully.
Aug 20 20:20:21 ip-172-31-21-130 systemd[1]: Finished sysstat-collect.service - system activity accounting tool.
Aug 20 20:25:01 ip-172-31-21-130 CRON[1245]: pam_unix(cron:session): session opened for user root(uid=0) by root(uid=0)
Aug 20 20:25:01 ip-172-31-21-130 CRON[1246]: (root) CMD (command -v debian-sa1 > /dev/null && debian-sa1 1 1)
Aug 20 20:25:01 ip-172-31-21-130 CRON[1245]: pam_unix(cron:session): session closed for user root
Aug 20 20:30:01 ip-172-31-21-130 systemd[1]: Starting sysstat-collect.service - system activity accounting tool...
Aug 20 20:30:01 ip-172-31-21-130 systemd[1]: sysstat-collect.service: Deactivated successfully.
Aug 20 20:30:01 ip-172-31-21-130 systemd[1]: Finished sysstat-collect.service - system activity accounting tool.
Aug 20 20:35:01 ip-172-31-21-130 CRON[1256]: pam_unix(cron:session): session opened for user root(uid=0) by root(uid=0)
Aug 20 20:35:01 ip-172-31-21-130 CRON[1257]: (root) CMD (command -v debian-sa1 > /dev/null && debian-sa1 1 1)
Aug 20 20:35:01 ip-172-31-21-130 CRON[1256]: pam_unix(cron:session): session closed for user root
Aug 20 20:40:21 ip-172-31-21-130 systemd[1]: Starting sysstat-collect.service - system activity accounting tool...
Aug 20 20:40:21 ip-172-31-21-130 systemd[1]: sysstat-collect.service: Deactivated successfully.
Aug 20 20:40:21 ip-172-31-21-130 systemd[1]: Finished sysstat-collect.service - system activity accounting tool.
Aug 20 20:44:30 ip-172-31-21-130 amazon-ssm-agent.amazon-ssm-agent[573]: 2026-08-20 20:44:30.9008 WARN EC2RoleProvider Failed to connect to Systems Manager with instance profile role credentials. Err: retrieved credentials failed to report to ssm. Error: EC2RoleRequestError: no EC2 instance role found
Aug 20 20:44:30 ip-172-31-21-130 amazon-ssm-agent.amazon-ssm-agent[573]: caused by: EC2MetadataError: failed to make EC2Metadata request
Aug 20 20:44:30 ip-172-31-21-130 amazon-ssm-agent.amazon-ssm-agent[573]: <?xml version="1.0" encoding="iso-8859-1"?>
Aug 20 20:44:30 ip-172-31-21-130 amazon-ssm-agent.amazon-ssm-agent[573]: <!DOCTYPE html PUBLIC "-//W3C//DTD XHTML 1.0 Transitional//EN"
Aug 20 20:44:30 ip-172-31-21-130 amazon-ssm-agent.amazon-ssm-agent[573]:                  "http://www.w3.org/TR/xhtml1/DTD/xhtml1-transitional.dtd">
Aug 20 20:44:30 ip-172-31-21-130 amazon-ssm-agent.amazon-ssm-agent[573]: <html xmlns="http://www.w3.org/1999/xhtml" xml:lang="en" lang="en">
Aug 20 20:44:30 ip-172-31-21-130 amazon-ssm-agent.amazon-ssm-agent[573]:  <head>
Aug 20 20:44:30 ip-172-31-21-130 amazon-ssm-agent.amazon-ssm-agent[573]:   <title>404 - Not Found</title>
Aug 20 20:44:30 ip-172-31-21-130 amazon-ssm-agent.amazon-ssm-agent[573]:  </head>
Aug 20 20:44:30 ip-172-31-21-130 amazon-ssm-agent.amazon-ssm-agent[573]:  <body>
Aug 20 20:44:30 ip-172-31-21-130 amazon-ssm-agent.amazon-ssm-agent[573]:   <h1>404 - Not Found</h1>
Aug 20 20:44:30 ip-172-31-21-130 amazon-ssm-agent.amazon-ssm-agent[573]:  </body>
Aug 20 20:44:30 ip-172-31-21-130 amazon-ssm-agent.amazon-ssm-agent[573]: </html>
Aug 20 20:44:30 ip-172-31-21-130 amazon-ssm-agent.amazon-ssm-agent[573]:         status code: 404, request id:
Aug 20 20:44:31 ip-172-31-21-130 amazon-ssm-agent.amazon-ssm-agent[573]: 2026-08-20 20:44:30.9416 ERROR EC2RoleProvider Failed to connect to Systems Manager with SSM role credentials. error calling RequestManagedInstanceRoleToken: AccessDeniedException: Systems Manager's instance management role is not configured for account: 756418066642
Aug 20 20:44:31 ip-172-31-21-130 amazon-ssm-agent.amazon-ssm-agent[573]:         status code: 400, request id: 6a5545f5-1ebc-4a56-b582-66240cb5ae40
Aug 20 20:45:01 ip-172-31-21-130 CRON[1265]: pam_unix(cron:session): session opened for user root(uid=0) by root(uid=0)
Aug 20 20:45:01 ip-172-31-21-130 CRON[1266]: (root) CMD (command -v debian-sa1 > /dev/null && debian-sa1 1 1)
Aug 20 20:45:01 ip-172-31-21-130 CRON[1265]: pam_unix(cron:session): session closed for user root
Aug 20 20:46:41 ip-172-31-21-130 systemd[1]: Starting fwupd-refresh.service - Refresh fwupd metadata and update motd...
Aug 20 20:46:41 ip-172-31-21-130 dbus-daemon[561]: [system] Activating via systemd: service name='org.freedesktop.fwupd' unit='fwupd.service' requested by ':1.22' (uid=990 pid=1271 comm="/usr/bin/fwupdmgr refresh" label="unconfined")
Aug 20 20:46:41 ip-172-31-21-130 systemd[1]: Starting modprobe@sd_mod.service - Load Kernel Module sd_mod...
Aug 20 20:46:41 ip-172-31-21-130 systemd[1]: modprobe@sd_mod.service: Deactivated successfully.
Aug 20 20:46:41 ip-172-31-21-130 systemd[1]: Finished modprobe@sd_mod.service - Load Kernel Module sd_mod.
Aug 20 20:46:41 ip-172-31-21-130 systemd[1]: Starting fwupd.service - Firmware update daemon...
Aug 20 20:46:41 ip-172-31-21-130 fwupd[1278]: 20:46:41.314 FuMain               fwupd 2.0.20 ready for requests (locale C.UTF-8)
Aug 20 20:46:41 ip-172-31-21-130 dbus-daemon[561]: [system] Successfully activated service 'org.freedesktop.fwupd'
Aug 20 20:46:41 ip-172-31-21-130 systemd[1]: Started fwupd.service - Firmware update daemon.
Aug 20 20:46:41 ip-172-31-21-130 fwupd[1278]: 20:46:41.318 FuPluginLinuxSleep   could not open /sys/power/mem_sleep: Error opening file /sys/power/mem_sleep: No such file or directory
Aug 20 20:46:41 ip-172-31-21-130 systemd[1]: fwupd-refresh.service: Deactivated successfully.
Aug 20 20:46:41 ip-172-31-21-130 systemd[1]: Finished fwupd-refresh.service - Refresh fwupd metadata and update motd.
Aug 20 20:50:21 ip-172-31-21-130 systemd[1]: Starting sysstat-collect.service - system activity accounting tool...
Aug 20 20:50:21 ip-172-31-21-130 systemd[1]: sysstat-collect.service: Deactivated successfully.
Aug 20 20:50:21 ip-172-31-21-130 systemd[1]: Finished sysstat-collect.service - system activity accounting tool.
Aug 20 20:51:42 ip-172-31-21-130 systemd[1]: fwupd.service: Deactivated successfully.
Aug 20 20:51:50 ip-172-31-21-130 sshd[1295]: Connection closed by 200.107.20.79 port 14393
Aug 20 20:51:53 ip-172-31-21-130 sshd[1296]: Connection closed by 200.107.20.79 port 17078
Aug 20 20:53:17 ip-172-31-21-130 sshd[1299]: Connection closed by 186.148.225.237 port 35124
Aug 20 20:55:00 ip-172-31-21-130 sshd[1300]: Connection closed by 186.148.225.237 port 53600
Aug 20 20:55:01 ip-172-31-21-130 CRON[1301]: pam_unix(cron:session): session opened for user root(uid=0) by root(uid=0)
Aug 20 20:55:01 ip-172-31-21-130 CRON[1302]: (root) CMD (command -v debian-sa1 > /dev/null && debian-sa1 1 1)
Aug 20 20:55:01 ip-172-31-21-130 CRON[1301]: pam_unix(cron:session): session closed for user root
Aug 20 21:00:21 ip-172-31-21-130 systemd[1]: Starting sysstat-collect.service - system activity accounting tool...
Aug 20 21:00:21 ip-172-31-21-130 systemd[1]: sysstat-collect.service: Deactivated successfully.
Aug 20 21:00:21 ip-172-31-21-130 systemd[1]: Finished sysstat-collect.service - system activity accounting tool.
Aug 20 21:05:01 ip-172-31-21-130 CRON[1313]: pam_unix(cron:session): session opened for user root(uid=0) by root(uid=0)
Aug 20 21:05:01 ip-172-31-21-130 CRON[1314]: (root) CMD (command -v debian-sa1 > /dev/null && debian-sa1 1 1)
Aug 20 21:05:01 ip-172-31-21-130 CRON[1313]: pam_unix(cron:session): session closed for user root
Aug 20 21:10:21 ip-172-31-21-130 systemd[1]: Starting sysstat-collect.service - system activity accounting tool...
Aug 20 21:10:21 ip-172-31-21-130 systemd[1]: sysstat-collect.service: Deactivated successfully.
Aug 20 21:10:21 ip-172-31-21-130 systemd[1]: Finished sysstat-collect.service - system activity accounting tool.
Aug 20 21:12:25 ip-172-31-21-130 sshd[1322]: Connection closed by 149.107.237.65 port 36240
Aug 20 21:12:50 ip-172-31-21-130 amazon-ssm-agent.amazon-ssm-agent[573]: 2026-08-20 21:12:50.9434 WARN EC2RoleProvider Failed to connect to Systems Manager with instance profile role credentials. Err: retrieved credentials failed to report to ssm. Error: EC2RoleRequestError: no EC2 instance role found
Aug 20 21:12:50 ip-172-31-21-130 amazon-ssm-agent.amazon-ssm-agent[573]: caused by: EC2MetadataError: failed to make EC2Metadata request
Aug 20 21:12:50 ip-172-31-21-130 amazon-ssm-agent.amazon-ssm-agent[573]: <?xml version="1.0" encoding="iso-8859-1"?>
Aug 20 21:12:50 ip-172-31-21-130 amazon-ssm-agent.amazon-ssm-agent[573]: <!DOCTYPE html PUBLIC "-//W3C//DTD XHTML 1.0 Transitional//EN"
Aug 20 21:12:50 ip-172-31-21-130 amazon-ssm-agent.amazon-ssm-agent[573]:                  "http://www.w3.org/TR/xhtml1/DTD/xhtml1-transitional.dtd">
Aug 20 21:12:50 ip-172-31-21-130 amazon-ssm-agent.amazon-ssm-agent[573]: <html xmlns="http://www.w3.org/1999/xhtml" xml:lang="en" lang="en">
Aug 20 21:12:50 ip-172-31-21-130 amazon-ssm-agent.amazon-ssm-agent[573]:  <head>
Aug 20 21:12:50 ip-172-31-21-130 amazon-ssm-agent.amazon-ssm-agent[573]:   <title>404 - Not Found</title>
Aug 20 21:12:50 ip-172-31-21-130 amazon-ssm-agent.amazon-ssm-agent[573]:  </head>
Aug 20 21:12:50 ip-172-31-21-130 amazon-ssm-agent.amazon-ssm-agent[573]:  <body>
Aug 20 21:12:50 ip-172-31-21-130 amazon-ssm-agent.amazon-ssm-agent[573]:   <h1>404 - Not Found</h1>
Aug 20 21:12:50 ip-172-31-21-130 amazon-ssm-agent.amazon-ssm-agent[573]:  </body>
Aug 20 21:12:50 ip-172-31-21-130 amazon-ssm-agent.amazon-ssm-agent[573]: </html>
Aug 20 21:12:50 ip-172-31-21-130 amazon-ssm-agent.amazon-ssm-agent[573]:         status code: 404, request id:
Aug 20 21:12:51 ip-172-31-21-130 amazon-ssm-agent.amazon-ssm-agent[573]: 2026-08-20 21:12:50.9835 ERROR EC2RoleProvider Failed to connect to Systems Manager with SSM role credentials. error calling RequestManagedInstanceRoleToken: AccessDeniedException: Systems Manager's instance management role is not configured for account: 756418066642
Aug 20 21:12:51 ip-172-31-21-130 amazon-ssm-agent.amazon-ssm-agent[573]:         status code: 400, request id: 978b8eee-29f9-4224-a7ed-7b6a85b7feb6
Aug 20 21:13:22 ip-172-31-21-130 sshd[1324]: Connection closed by 149.107.237.65 port 48598
Aug 20 21:15:01 ip-172-31-21-130 CRON[1325]: pam_unix(cron:session): session opened for user root(uid=0) by root(uid=0)
Aug 20 21:15:01 ip-172-31-21-130 CRON[1326]: (root) CMD (command -v debian-sa1 > /dev/null && debian-sa1 1 1)
Aug 20 21:15:01 ip-172-31-21-130 CRON[1325]: pam_unix(cron:session): session closed for user root
Aug 20 21:17:01 ip-172-31-21-130 CRON[1329]: pam_unix(cron:session): session opened for user root(uid=0) by root(uid=0)
Aug 20 21:17:01 ip-172-31-21-130 CRON[1330]: (root) CMD (cd / && run-parts --report /etc/cron.hourly)
Aug 20 21:17:01 ip-172-31-21-130 CRON[1329]: pam_unix(cron:session): session closed for user root
Aug 20 21:20:21 ip-172-31-21-130 systemd[1]: Starting sysstat-collect.service - system activity accounting tool...
Aug 20 21:20:21 ip-172-31-21-130 systemd[1]: sysstat-collect.service: Deactivated successfully.
Aug 20 21:20:21 ip-172-31-21-130 systemd[1]: Finished sysstat-collect.service - system activity accounting tool.
Aug 20 21:25:01 ip-172-31-21-130 CRON[1340]: pam_unix(cron:session): session opened for user root(uid=0) by root(uid=0)
Aug 20 21:25:01 ip-172-31-21-130 CRON[1341]: (root) CMD (command -v debian-sa1 > /dev/null && debian-sa1 1 1)
Aug 20 21:25:01 ip-172-31-21-130 CRON[1340]: pam_unix(cron:session): session closed for user root
Aug 20 21:29:21 ip-172-31-21-130 systemd[1]: Starting fwupd-refresh.service - Refresh fwupd metadata and update motd...
Aug 20 21:29:22 ip-172-31-21-130 dbus-daemon[561]: [system] Activating via systemd: service name='org.freedesktop.fwupd' unit='fwupd.service' requested by ':1.25' (uid=990 pid=1344 comm="/usr/bin/fwupdmgr refresh" label="unconfined")
Aug 20 21:29:22 ip-172-31-21-130 systemd[1]: Starting modprobe@sd_mod.service - Load Kernel Module sd_mod...
Aug 20 21:29:22 ip-172-31-21-130 systemd[1]: modprobe@sd_mod.service: Deactivated successfully.
Aug 20 21:29:22 ip-172-31-21-130 systemd[1]: Finished modprobe@sd_mod.service - Load Kernel Module sd_mod.
Aug 20 21:29:22 ip-172-31-21-130 systemd[1]: Starting fwupd.service - Firmware update daemon...
Aug 20 21:29:22 ip-172-31-21-130 fwupd[1352]: 21:29:22.249 FuMain               fwupd 2.0.20 ready for requests (locale C.UTF-8)
Aug 20 21:29:22 ip-172-31-21-130 dbus-daemon[561]: [system] Successfully activated service 'org.freedesktop.fwupd'
Aug 20 21:29:22 ip-172-31-21-130 systemd[1]: Started fwupd.service - Firmware update daemon.
Aug 20 21:29:22 ip-172-31-21-130 fwupd[1352]: 21:29:22.253 FuPluginLinuxSleep   could not open /sys/power/mem_sleep: Error opening file /sys/power/mem_sleep: No such file or directory
Aug 20 21:29:22 ip-172-31-21-130 systemd[1]: fwupd-refresh.service: Deactivated successfully.
Aug 20 21:29:22 ip-172-31-21-130 systemd[1]: Finished fwupd-refresh.service - Refresh fwupd metadata and update motd.
Aug 20 21:30:01 ip-172-31-21-130 systemd[1]: Starting sysstat-collect.service - system activity accounting tool...
Aug 20 21:30:01 ip-172-31-21-130 systemd[1]: sysstat-collect.service: Deactivated successfully.
Aug 20 21:30:01 ip-172-31-21-130 systemd[1]: Finished sysstat-collect.service - system activity accounting tool.
Aug 20 21:34:22 ip-172-31-21-130 systemd[1]: fwupd.service: Deactivated successfully.
Aug 20 21:35:01 ip-172-31-21-130 CRON[1371]: pam_unix(cron:session): session opened for user root(uid=0) by root(uid=0)
Aug 20 21:35:01 ip-172-31-21-130 CRON[1372]: (root) CMD (command -v debian-sa1 > /dev/null && debian-sa1 1 1)
Aug 20 21:35:01 ip-172-31-21-130 CRON[1371]: pam_unix(cron:session): session closed for user root
Aug 20 21:39:12 ip-172-31-21-130 amazon-ssm-agent.amazon-ssm-agent[573]: 2026-08-20 21:39:12.9849 WARN EC2RoleProvider Failed to connect to Systems Manager with instance profile role credentials. Err: retrieved credentials failed to report to ssm. Error: EC2RoleRequestError: no EC2 instance role found
Aug 20 21:39:12 ip-172-31-21-130 amazon-ssm-agent.amazon-ssm-agent[573]: caused by: EC2MetadataError: failed to make EC2Metadata request
Aug 20 21:39:12 ip-172-31-21-130 amazon-ssm-agent.amazon-ssm-agent[573]: <?xml version="1.0" encoding="iso-8859-1"?>
Aug 20 21:39:12 ip-172-31-21-130 amazon-ssm-agent.amazon-ssm-agent[573]: <!DOCTYPE html PUBLIC "-//W3C//DTD XHTML 1.0 Transitional//EN"
Aug 20 21:39:12 ip-172-31-21-130 amazon-ssm-agent.amazon-ssm-agent[573]:                  "http://www.w3.org/TR/xhtml1/DTD/xhtml1-transitional.dtd">
Aug 20 21:39:12 ip-172-31-21-130 amazon-ssm-agent.amazon-ssm-agent[573]: <html xmlns="http://www.w3.org/1999/xhtml" xml:lang="en" lang="en">
Aug 20 21:39:12 ip-172-31-21-130 amazon-ssm-agent.amazon-ssm-agent[573]:  <head>
Aug 20 21:39:12 ip-172-31-21-130 amazon-ssm-agent.amazon-ssm-agent[573]:   <title>404 - Not Found</title>
Aug 20 21:39:12 ip-172-31-21-130 amazon-ssm-agent.amazon-ssm-agent[573]:  </head>
Aug 20 21:39:12 ip-172-31-21-130 amazon-ssm-agent.amazon-ssm-agent[573]:  <body>
Aug 20 21:39:12 ip-172-31-21-130 amazon-ssm-agent.amazon-ssm-agent[573]:   <h1>404 - Not Found</h1>
Aug 20 21:39:12 ip-172-31-21-130 amazon-ssm-agent.amazon-ssm-agent[573]:  </body>
Aug 20 21:39:12 ip-172-31-21-130 amazon-ssm-agent.amazon-ssm-agent[573]: </html>
Aug 20 21:39:12 ip-172-31-21-130 amazon-ssm-agent.amazon-ssm-agent[573]:         status code: 404, request id:
Aug 20 21:39:13 ip-172-31-21-130 amazon-ssm-agent.amazon-ssm-agent[573]: 2026-08-20 21:39:13.0263 ERROR EC2RoleProvider Failed to connect to Systems Manager with SSM role credentials. error calling RequestManagedInstanceRoleToken: AccessDeniedException: Systems Manager's instance management role is not configured for account: 756418066642
Aug 20 21:39:13 ip-172-31-21-130 amazon-ssm-agent.amazon-ssm-agent[573]:         status code: 400, request id: 7a4e6c6f-d627-4d3c-8426-0fbeeed186ce
Aug 20 21:40:21 ip-172-31-21-130 systemd[1]: Starting sysstat-collect.service - system activity accounting tool...
Aug 20 21:40:21 ip-172-31-21-130 systemd[1]: sysstat-collect.service: Deactivated successfully.
Aug 20 21:40:21 ip-172-31-21-130 systemd[1]: Finished sysstat-collect.service - system activity accounting tool.
Aug 20 21:45:01 ip-172-31-21-130 CRON[1381]: pam_unix(cron:session): session opened for user root(uid=0) by root(uid=0)
Aug 20 21:45:01 ip-172-31-21-130 CRON[1382]: (root) CMD (command -v debian-sa1 > /dev/null && debian-sa1 1 1)
Aug 20 21:45:01 ip-172-31-21-130 CRON[1381]: pam_unix(cron:session): session closed for user root
Aug 20 21:50:21 ip-172-31-21-130 systemd[1]: Starting sysstat-collect.service - system activity accounting tool...
Aug 20 21:50:21 ip-172-31-21-130 systemd[1]: sysstat-collect.service: Deactivated successfully.
Aug 20 21:50:21 ip-172-31-21-130 systemd[1]: Finished sysstat-collect.service - system activity accounting tool.
Aug 20 21:55:01 ip-172-31-21-130 CRON[1391]: pam_unix(cron:session): session opened for user root(uid=0) by root(uid=0)
Aug 20 21:55:01 ip-172-31-21-130 CRON[1392]: (root) CMD (command -v debian-sa1 > /dev/null && debian-sa1 1 1)
Aug 20 21:55:01 ip-172-31-21-130 CRON[1391]: pam_unix(cron:session): session closed for user root
Aug 20 21:55:53 ip-172-31-21-130 sshd[1396]: error: kex_exchange_identification: read: Connection reset by peer
Aug 20 21:55:53 ip-172-31-21-130 sshd[1396]: Connection reset by 75.21.24.247 port 52240
Aug 20 22:00:21 ip-172-31-21-130 systemd[1]: Starting sysstat-collect.service - system activity accounting tool...
Aug 20 22:00:21 ip-172-31-21-130 systemd[1]: sysstat-collect.service: Deactivated successfully.
Aug 20 22:00:21 ip-172-31-21-130 systemd[1]: Finished sysstat-collect.service - system activity accounting tool.
Aug 20 22:00:56 ip-172-31-21-130 sshd[1402]: Connection closed by 198.163.194.126 port 19650
Aug 20 22:04:45 ip-172-31-21-130 amazon-ssm-agent.amazon-ssm-agent[573]: 2026-08-20 22:04:45.1274 WARN EC2RoleProvider Failed to connect to Systems Manager with instance profile role credentials. Err: retrieved credentials failed to report to ssm. Error: EC2RoleRequestError: no EC2 instance role found
Aug 20 22:04:45 ip-172-31-21-130 amazon-ssm-agent.amazon-ssm-agent[573]: caused by: EC2MetadataError: failed to make EC2Metadata request
Aug 20 22:04:45 ip-172-31-21-130 amazon-ssm-agent.amazon-ssm-agent[573]: <?xml version="1.0" encoding="iso-8859-1"?>
Aug 20 22:04:45 ip-172-31-21-130 amazon-ssm-agent.amazon-ssm-agent[573]: <!DOCTYPE html PUBLIC "-//W3C//DTD XHTML 1.0 Transitional//EN"
Aug 20 22:04:45 ip-172-31-21-130 amazon-ssm-agent.amazon-ssm-agent[573]:                  "http://www.w3.org/TR/xhtml1/DTD/xhtml1-transitional.dtd">
Aug 20 22:04:45 ip-172-31-21-130 amazon-ssm-agent.amazon-ssm-agent[573]: <html xmlns="http://www.w3.org/1999/xhtml" xml:lang="en" lang="en">
Aug 20 22:04:45 ip-172-31-21-130 amazon-ssm-agent.amazon-ssm-agent[573]:  <head>
Aug 20 22:04:45 ip-172-31-21-130 amazon-ssm-agent.amazon-ssm-agent[573]:   <title>404 - Not Found</title>
Aug 20 22:04:45 ip-172-31-21-130 amazon-ssm-agent.amazon-ssm-agent[573]:  </head>
Aug 20 22:04:45 ip-172-31-21-130 amazon-ssm-agent.amazon-ssm-agent[573]:  <body>
Aug 20 22:04:45 ip-172-31-21-130 amazon-ssm-agent.amazon-ssm-agent[573]:   <h1>404 - Not Found</h1>
Aug 20 22:04:45 ip-172-31-21-130 amazon-ssm-agent.amazon-ssm-agent[573]:  </body>
Aug 20 22:04:45 ip-172-31-21-130 amazon-ssm-agent.amazon-ssm-agent[573]: </html>
Aug 20 22:04:45 ip-172-31-21-130 amazon-ssm-agent.amazon-ssm-agent[573]:         status code: 404, request id:
Aug 20 22:04:45 ip-172-31-21-130 amazon-ssm-agent.amazon-ssm-agent[573]: 2026-08-20 22:04:45.1664 ERROR EC2RoleProvider Failed to connect to Systems Manager with SSM role credentials. error calling RequestManagedInstanceRoleToken: AccessDeniedException: Systems Manager's instance management role is not configured for account: 756418066642
Aug 20 22:04:45 ip-172-31-21-130 amazon-ssm-agent.amazon-ssm-agent[573]:         status code: 400, request id: 61accc36-1bef-483a-8297-60fab165074f
Aug 20 22:05:01 ip-172-31-21-130 CRON[1405]: pam_unix(cron:session): session opened for user root(uid=0) by root(uid=0)
Aug 20 22:05:01 ip-172-31-21-130 CRON[1406]: (root) CMD (command -v debian-sa1 > /dev/null && debian-sa1 1 1)
Aug 20 22:05:01 ip-172-31-21-130 CRON[1405]: pam_unix(cron:session): session closed for user root
Aug 20 22:10:10 ip-172-31-21-130 sshd[1411]: Connection closed by 198.163.194.126 port 14054
Aug 20 22:10:21 ip-172-31-21-130 systemd[1]: Starting sysstat-collect.service - system activity accounting tool...
Aug 20 22:10:21 ip-172-31-21-130 systemd[1]: sysstat-collect.service: Deactivated successfully.
Aug 20 22:10:21 ip-172-31-21-130 systemd[1]: Finished sysstat-collect.service - system activity accounting tool.
Aug 20 22:15:01 ip-172-31-21-130 CRON[1417]: pam_unix(cron:session): session opened for user root(uid=0) by root(uid=0)
Aug 20 22:15:01 ip-172-31-21-130 CRON[1418]: (root) CMD (command -v debian-sa1 > /dev/null && debian-sa1 1 1)
Aug 20 22:15:01 ip-172-31-21-130 CRON[1417]: pam_unix(cron:session): session closed for user root
Aug 20 22:17:01 ip-172-31-21-130 CRON[1422]: pam_unix(cron:session): session opened for user root(uid=0) by root(uid=0)
Aug 20 22:17:01 ip-172-31-21-130 CRON[1423]: (root) CMD (cd / && run-parts --report /etc/cron.hourly)
Aug 20 22:17:01 ip-172-31-21-130 CRON[1422]: pam_unix(cron:session): session closed for user root
Aug 20 22:19:23 ip-172-31-21-130 sshd[1426]: Connection closed by 129.222.203.237 port 8332
Aug 20 22:19:51 ip-172-31-21-130 sshd[1427]: Connection closed by 129.222.203.237 port 52010
Aug 20 22:20:21 ip-172-31-21-130 systemd[1]: Starting sysstat-collect.service - system activity accounting tool...
Aug 20 22:20:21 ip-172-31-21-130 systemd[1]: sysstat-collect.service: Deactivated successfully.
Aug 20 22:20:21 ip-172-31-21-130 systemd[1]: Finished sysstat-collect.service - system activity accounting tool.
Aug 20 22:24:59 ip-172-31-21-130 systemd[1]: Starting apt-daily.service - Daily apt download activities...
Aug 20 22:25:00 ip-172-31-21-130 systemd[1]: apt-daily.service: Deactivated successfully.
Aug 20 22:25:00 ip-172-31-21-130 systemd[1]: Finished apt-daily.service - Daily apt download activities.
Aug 20 22:25:01 ip-172-31-21-130 CRON[1538]: pam_unix(cron:session): session opened for user root(uid=0) by root(uid=0)
Aug 20 22:25:01 ip-172-31-21-130 CRON[1539]: (root) CMD (command -v debian-sa1 > /dev/null && debian-sa1 1 1)
Aug 20 22:25:01 ip-172-31-21-130 CRON[1538]: pam_unix(cron:session): session closed for user root
Aug 20 22:29:21 ip-172-31-21-130 systemd[1]: Starting fwupd-refresh.service - Refresh fwupd metadata and update motd...
Aug 20 22:29:22 ip-172-31-21-130 dbus-daemon[561]: [system] Activating via systemd: service name='org.freedesktop.fwupd' unit='fwupd.service' requested by ':1.28' (uid=990 pid=1543 comm="/usr/bin/fwupdmgr refresh" label="unconfined")
Aug 20 22:29:22 ip-172-31-21-130 systemd[1]: Starting modprobe@sd_mod.service - Load Kernel Module sd_mod...
Aug 20 22:29:22 ip-172-31-21-130 systemd[1]: modprobe@sd_mod.service: Deactivated successfully.
Aug 20 22:29:22 ip-172-31-21-130 systemd[1]: Finished modprobe@sd_mod.service - Load Kernel Module sd_mod.
Aug 20 22:29:22 ip-172-31-21-130 systemd[1]: Starting fwupd.service - Firmware update daemon...
Aug 20 22:29:22 ip-172-31-21-130 fwupd[1550]: 22:29:22.243 FuMain               fwupd 2.0.20 ready for requests (locale C.UTF-8)
Aug 20 22:29:22 ip-172-31-21-130 dbus-daemon[561]: [system] Successfully activated service 'org.freedesktop.fwupd'
Aug 20 22:29:22 ip-172-31-21-130 systemd[1]: Started fwupd.service - Firmware update daemon.
Aug 20 22:29:22 ip-172-31-21-130 fwupd[1550]: 22:29:22.247 FuPluginLinuxSleep   could not open /sys/power/mem_sleep: Error opening file /sys/power/mem_sleep: No such file or directory
Aug 20 22:29:22 ip-172-31-21-130 systemd[1]: fwupd-refresh.service: Deactivated successfully.
Aug 20 22:29:22 ip-172-31-21-130 systemd[1]: Finished fwupd-refresh.service - Refresh fwupd metadata and update motd.
Aug 20 22:30:21 ip-172-31-21-130 systemd[1]: Starting sysstat-collect.service - system activity accounting tool...
Aug 20 22:30:21 ip-172-31-21-130 systemd[1]: sysstat-collect.service: Deactivated successfully.
Aug 20 22:30:21 ip-172-31-21-130 systemd[1]: Finished sysstat-collect.service - system activity accounting tool.
Aug 20 22:33:27 ip-172-31-21-130 amazon-ssm-agent.amazon-ssm-agent[573]: 2026-08-20 22:33:27.2384 WARN EC2RoleProvider Failed to connect to Systems Manager with instance profile role credentials. Err: retrieved credentials failed to report to ssm. Error: EC2RoleRequestError: no EC2 instance role found
Aug 20 22:33:27 ip-172-31-21-130 amazon-ssm-agent.amazon-ssm-agent[573]: caused by: EC2MetadataError: failed to make EC2Metadata request
Aug 20 22:33:27 ip-172-31-21-130 amazon-ssm-agent.amazon-ssm-agent[573]: <?xml version="1.0" encoding="iso-8859-1"?>
Aug 20 22:33:27 ip-172-31-21-130 amazon-ssm-agent.amazon-ssm-agent[573]: <!DOCTYPE html PUBLIC "-//W3C//DTD XHTML 1.0 Transitional//EN"
Aug 20 22:33:27 ip-172-31-21-130 amazon-ssm-agent.amazon-ssm-agent[573]:                  "http://www.w3.org/TR/xhtml1/DTD/xhtml1-transitional.dtd">
Aug 20 22:33:27 ip-172-31-21-130 amazon-ssm-agent.amazon-ssm-agent[573]: <html xmlns="http://www.w3.org/1999/xhtml" xml:lang="en" lang="en">
Aug 20 22:33:27 ip-172-31-21-130 amazon-ssm-agent.amazon-ssm-agent[573]:  <head>
Aug 20 22:33:27 ip-172-31-21-130 amazon-ssm-agent.amazon-ssm-agent[573]:   <title>404 - Not Found</title>
Aug 20 22:33:27 ip-172-31-21-130 amazon-ssm-agent.amazon-ssm-agent[573]:  </head>
Aug 20 22:33:27 ip-172-31-21-130 amazon-ssm-agent.amazon-ssm-agent[573]:  <body>
Aug 20 22:33:27 ip-172-31-21-130 amazon-ssm-agent.amazon-ssm-agent[573]:   <h1>404 - Not Found</h1>
Aug 20 22:33:27 ip-172-31-21-130 amazon-ssm-agent.amazon-ssm-agent[573]:  </body>
Aug 20 22:33:27 ip-172-31-21-130 amazon-ssm-agent.amazon-ssm-agent[573]: </html>
Aug 20 22:33:27 ip-172-31-21-130 amazon-ssm-agent.amazon-ssm-agent[573]:         status code: 404, request id:
Aug 20 22:33:27 ip-172-31-21-130 amazon-ssm-agent.amazon-ssm-agent[573]: 2026-08-20 22:33:27.2743 ERROR EC2RoleProvider Failed to connect to Systems Manager with SSM role credentials. error calling RequestManagedInstanceRoleToken: AccessDeniedException: Systems Manager's instance management role is not configured for account: 756418066642
Aug 20 22:33:27 ip-172-31-21-130 amazon-ssm-agent.amazon-ssm-agent[573]:         status code: 400, request id: 5c7a6741-8666-4597-b784-562670e97a36
Aug 20 22:34:22 ip-172-31-21-130 systemd[1]: fwupd.service: Deactivated successfully.
Aug 20 22:35:01 ip-172-31-21-130 CRON[1570]: pam_unix(cron:session): session opened for user root(uid=0) by root(uid=0)
Aug 20 22:35:01 ip-172-31-21-130 CRON[1571]: (root) CMD (command -v debian-sa1 > /dev/null && debian-sa1 1 1)
Aug 20 22:35:01 ip-172-31-21-130 CRON[1570]: pam_unix(cron:session): session closed for user root
Aug 20 22:35:21 ip-172-31-21-130 sshd[1573]: Connection closed by 186.0.231.169 port 47358
Aug 20 22:35:52 ip-172-31-21-130 sshd[1576]: Connection closed by 186.0.231.169 port 48556
Aug 20 22:40:21 ip-172-31-21-130 systemd[1]: Starting sysstat-collect.service - system activity accounting tool...
Aug 20 22:40:21 ip-172-31-21-130 systemd[1]: sysstat-collect.service: Deactivated successfully.
Aug 20 22:40:21 ip-172-31-21-130 systemd[1]: Finished sysstat-collect.service - system activity accounting tool.
Aug 20 22:45:01 ip-172-31-21-130 CRON[1583]: pam_unix(cron:session): session opened for user root(uid=0) by root(uid=0)
Aug 20 22:45:01 ip-172-31-21-130 CRON[1584]: (root) CMD (command -v debian-sa1 > /dev/null && debian-sa1 1 1)
Aug 20 22:45:01 ip-172-31-21-130 CRON[1583]: pam_unix(cron:session): session closed for user root
Aug 20 22:50:21 ip-172-31-21-130 systemd[1]: Starting sysstat-collect.service - system activity accounting tool...
Aug 20 22:50:21 ip-172-31-21-130 systemd[1]: sysstat-collect.service: Deactivated successfully.
Aug 20 22:50:21 ip-172-31-21-130 systemd[1]: Finished sysstat-collect.service - system activity accounting tool.
Aug 20 22:55:01 ip-172-31-21-130 CRON[1594]: pam_unix(cron:session): session opened for user root(uid=0) by root(uid=0)
Aug 20 22:55:01 ip-172-31-21-130 CRON[1595]: (root) CMD (command -v debian-sa1 > /dev/null && debian-sa1 1 1)
Aug 20 22:55:01 ip-172-31-21-130 CRON[1594]: pam_unix(cron:session): session closed for user root
Aug 20 22:58:27 ip-172-31-21-130 amazon-ssm-agent.amazon-ssm-agent[573]: 2026-08-20 22:58:27.3663 WARN EC2RoleProvider Failed to connect to Systems Manager with instance profile role credentials. Err: retrieved credentials failed to report to ssm. Error: EC2RoleRequestError: no EC2 instance role found
Aug 20 22:58:27 ip-172-31-21-130 amazon-ssm-agent.amazon-ssm-agent[573]: caused by: EC2MetadataError: failed to make EC2Metadata request
Aug 20 22:58:27 ip-172-31-21-130 amazon-ssm-agent.amazon-ssm-agent[573]: <?xml version="1.0" encoding="iso-8859-1"?>
Aug 20 22:58:27 ip-172-31-21-130 amazon-ssm-agent.amazon-ssm-agent[573]: <!DOCTYPE html PUBLIC "-//W3C//DTD XHTML 1.0 Transitional//EN"
Aug 20 22:58:27 ip-172-31-21-130 amazon-ssm-agent.amazon-ssm-agent[573]:                  "http://www.w3.org/TR/xhtml1/DTD/xhtml1-transitional.dtd">
Aug 20 22:58:27 ip-172-31-21-130 amazon-ssm-agent.amazon-ssm-agent[573]: <html xmlns="http://www.w3.org/1999/xhtml" xml:lang="en" lang="en">
Aug 20 22:58:27 ip-172-31-21-130 amazon-ssm-agent.amazon-ssm-agent[573]:  <head>
Aug 20 22:58:27 ip-172-31-21-130 amazon-ssm-agent.amazon-ssm-agent[573]:   <title>404 - Not Found</title>
Aug 20 22:58:27 ip-172-31-21-130 amazon-ssm-agent.amazon-ssm-agent[573]:  </head>
Aug 20 22:58:27 ip-172-31-21-130 amazon-ssm-agent.amazon-ssm-agent[573]:  <body>
Aug 20 22:58:27 ip-172-31-21-130 amazon-ssm-agent.amazon-ssm-agent[573]:   <h1>404 - Not Found</h1>
Aug 20 22:58:27 ip-172-31-21-130 amazon-ssm-agent.amazon-ssm-agent[573]:  </body>
Aug 20 22:58:27 ip-172-31-21-130 amazon-ssm-agent.amazon-ssm-agent[573]: </html>
Aug 20 22:58:27 ip-172-31-21-130 amazon-ssm-agent.amazon-ssm-agent[573]:         status code: 404, request id:
Aug 20 22:58:27 ip-172-31-21-130 amazon-ssm-agent.amazon-ssm-agent[573]: 2026-08-20 22:58:27.3997 ERROR EC2RoleProvider Failed to connect to Systems Manager with SSM role credentials. error calling RequestManagedInstanceRoleToken: AccessDeniedException: Systems Manager's instance management role is not configured for account: 756418066642
Aug 20 22:58:27 ip-172-31-21-130 amazon-ssm-agent.amazon-ssm-agent[573]:         status code: 400, request id: 1f4de362-e7f6-436f-9a4f-be856121032c
Aug 20 23:00:21 ip-172-31-21-130 systemd[1]: Starting motd-news.service - Message of the Day...
Aug 20 23:00:21 ip-172-31-21-130 systemd[1]: Starting sysstat-collect.service - system activity accounting tool...
Aug 20 23:00:21 ip-172-31-21-130 systemd[1]: sysstat-collect.service: Deactivated successfully.
Aug 20 23:00:21 ip-172-31-21-130 systemd[1]: Finished sysstat-collect.service - system activity accounting tool.
Aug 20 23:00:22 ip-172-31-21-130 50-motd-news[1633]:  * Ubuntu Pro delivers the most comprehensive open source security and
Aug 20 23:00:22 ip-172-31-21-130 50-motd-news[1633]:    compliance features.
Aug 20 23:00:22 ip-172-31-21-130 50-motd-news[1633]:    https://ubuntu.com/aws/pro
Aug 20 23:00:22 ip-172-31-21-130 systemd[1]: motd-news.service: Deactivated successfully.
Aug 20 23:00:22 ip-172-31-21-130 systemd[1]: Finished motd-news.service - Message of the Day.
Aug 20 23:04:44 ip-172-31-21-130 sshd[1644]: Connection closed by 181.94.226.175 port 48585
Aug 20 23:05:01 ip-172-31-21-130 CRON[1645]: pam_unix(cron:session): session opened for user root(uid=0) by root(uid=0)
Aug 20 23:05:01 ip-172-31-21-130 CRON[1646]: (root) CMD (command -v debian-sa1 > /dev/null && debian-sa1 1 1)
Aug 20 23:05:01 ip-172-31-21-130 CRON[1645]: pam_unix(cron:session): session closed for user root
Aug 20 23:10:21 ip-172-31-21-130 systemd[1]: Starting sysstat-collect.service - system activity accounting tool...
Aug 20 23:10:21 ip-172-31-21-130 systemd[1]: sysstat-collect.service: Deactivated successfully.
Aug 20 23:10:21 ip-172-31-21-130 systemd[1]: Finished sysstat-collect.service - system activity accounting tool.
Aug 20 23:13:49 ip-172-31-21-130 sshd[1656]: Connection closed by 103.150.218.222 port 44290
Aug 20 23:15:01 ip-172-31-21-130 CRON[1657]: pam_unix(cron:session): session opened for user root(uid=0) by root(uid=0)
Aug 20 23:15:01 ip-172-31-21-130 CRON[1658]: (root) CMD (command -v debian-sa1 > /dev/null && debian-sa1 1 1)
Aug 20 23:15:01 ip-172-31-21-130 CRON[1657]: pam_unix(cron:session): session closed for user root
Aug 20 23:15:12 ip-172-31-21-130 sshd[1660]: Connection closed by 103.150.218.222 port 35096
Aug 20 23:17:01 ip-172-31-21-130 CRON[1662]: pam_unix(cron:session): session opened for user root(uid=0) by root(uid=0)
Aug 20 23:17:01 ip-172-31-21-130 CRON[1663]: (root) CMD (cd / && run-parts --report /etc/cron.hourly)
Aug 20 23:17:01 ip-172-31-21-130 CRON[1662]: pam_unix(cron:session): session closed for user root
Aug 20 23:20:21 ip-172-31-21-130 systemd[1]: Starting sysstat-collect.service - system activity accounting tool...
Aug 20 23:20:21 ip-172-31-21-130 systemd[1]: sysstat-collect.service: Deactivated successfully.
Aug 20 23:20:21 ip-172-31-21-130 systemd[1]: Finished sysstat-collect.service - system activity accounting tool.
Aug 20 23:25:01 ip-172-31-21-130 CRON[1674]: pam_unix(cron:session): session opened for user root(uid=0) by root(uid=0)
Aug 20 23:25:01 ip-172-31-21-130 CRON[1675]: (root) CMD (command -v debian-sa1 > /dev/null && debian-sa1 1 1)
Aug 20 23:25:01 ip-172-31-21-130 CRON[1674]: pam_unix(cron:session): session closed for user root
Aug 20 23:27:12 ip-172-31-21-130 amazon-ssm-agent.amazon-ssm-agent[573]: 2026-08-20 23:27:12.4317 WARN EC2RoleProvider Failed to connect to Systems Manager with instance profile role credentials. Err: retrieved credentials failed to report to ssm. Error: EC2RoleRequestError: no EC2 instance role found
Aug 20 23:27:12 ip-172-31-21-130 amazon-ssm-agent.amazon-ssm-agent[573]: caused by: EC2MetadataError: failed to make EC2Metadata request
Aug 20 23:27:12 ip-172-31-21-130 amazon-ssm-agent.amazon-ssm-agent[573]: <?xml version="1.0" encoding="iso-8859-1"?>
Aug 20 23:27:12 ip-172-31-21-130 amazon-ssm-agent.amazon-ssm-agent[573]: <!DOCTYPE html PUBLIC "-//W3C//DTD XHTML 1.0 Transitional//EN"
Aug 20 23:27:12 ip-172-31-21-130 amazon-ssm-agent.amazon-ssm-agent[573]:                  "http://www.w3.org/TR/xhtml1/DTD/xhtml1-transitional.dtd">
Aug 20 23:27:12 ip-172-31-21-130 amazon-ssm-agent.amazon-ssm-agent[573]: <html xmlns="http://www.w3.org/1999/xhtml" xml:lang="en" lang="en">
Aug 20 23:27:12 ip-172-31-21-130 amazon-ssm-agent.amazon-ssm-agent[573]:  <head>
Aug 20 23:27:12 ip-172-31-21-130 amazon-ssm-agent.amazon-ssm-agent[573]:   <title>404 - Not Found</title>
Aug 20 23:27:12 ip-172-31-21-130 amazon-ssm-agent.amazon-ssm-agent[573]:  </head>
Aug 20 23:27:12 ip-172-31-21-130 amazon-ssm-agent.amazon-ssm-agent[573]:  <body>
Aug 20 23:27:12 ip-172-31-21-130 amazon-ssm-agent.amazon-ssm-agent[573]:   <h1>404 - Not Found</h1>
Aug 20 23:27:12 ip-172-31-21-130 amazon-ssm-agent.amazon-ssm-agent[573]:  </body>
Aug 20 23:27:12 ip-172-31-21-130 amazon-ssm-agent.amazon-ssm-agent[573]: </html>
Aug 20 23:27:12 ip-172-31-21-130 amazon-ssm-agent.amazon-ssm-agent[573]:         status code: 404, request id:
Aug 20 23:27:12 ip-172-31-21-130 amazon-ssm-agent.amazon-ssm-agent[573]: 2026-08-20 23:27:12.4677 ERROR EC2RoleProvider Failed to connect to Systems Manager with SSM role credentials. error calling RequestManagedInstanceRoleToken: AccessDeniedException: Systems Manager's instance management role is not configured for account: 756418066642
Aug 20 23:27:12 ip-172-31-21-130 amazon-ssm-agent.amazon-ssm-agent[573]:         status code: 400, request id: 37726b33-7772-473f-a68c-d2903513bad9
Aug 20 23:30:01 ip-172-31-21-130 systemd[1]: Starting sysstat-collect.service - system activity accounting tool...
Aug 20 23:30:01 ip-172-31-21-130 systemd[1]: sysstat-collect.service: Deactivated successfully.
Aug 20 23:30:01 ip-172-31-21-130 systemd[1]: Finished sysstat-collect.service - system activity accounting tool.
Aug 20 23:35:01 ip-172-31-21-130 CRON[1684]: pam_unix(cron:session): session opened for user root(uid=0) by root(uid=0)
Aug 20 23:35:01 ip-172-31-21-130 CRON[1685]: (root) CMD (command -v debian-sa1 > /dev/null && debian-sa1 1 1)
Aug 20 23:35:01 ip-172-31-21-130 CRON[1684]: pam_unix(cron:session): session closed for user root
Aug 20 23:40:21 ip-172-31-21-130 systemd[1]: Starting sysstat-collect.service - system activity accounting tool...
Aug 20 23:40:21 ip-172-31-21-130 systemd[1]: sysstat-collect.service: Deactivated successfully.
Aug 20 23:40:21 ip-172-31-21-130 systemd[1]: Finished sysstat-collect.service - system activity accounting tool.
Aug 20 23:45:01 ip-172-31-21-130 CRON[1694]: pam_unix(cron:session): session opened for user root(uid=0) by root(uid=0)
Aug 20 23:45:01 ip-172-31-21-130 CRON[1695]: (root) CMD (command -v debian-sa1 > /dev/null && debian-sa1 1 1)
Aug 20 23:45:01 ip-172-31-21-130 CRON[1694]: pam_unix(cron:session): session closed for user root
Aug 20 23:46:21 ip-172-31-21-130 systemd[1]: Starting fwupd-refresh.service - Refresh fwupd metadata and update motd...
Aug 20 23:46:22 ip-172-31-21-130 dbus-daemon[561]: [system] Activating via systemd: service name='org.freedesktop.fwupd' unit='fwupd.service' requested by ':1.31' (uid=990 pid=1699 comm="/usr/bin/fwupdmgr refresh" label="unconfined")
Aug 20 23:46:22 ip-172-31-21-130 systemd[1]: Starting modprobe@sd_mod.service - Load Kernel Module sd_mod...
Aug 20 23:46:22 ip-172-31-21-130 systemd[1]: modprobe@sd_mod.service: Deactivated successfully.
Aug 20 23:46:22 ip-172-31-21-130 systemd[1]: Finished modprobe@sd_mod.service - Load Kernel Module sd_mod.
Aug 20 23:46:22 ip-172-31-21-130 systemd[1]: Starting fwupd.service - Firmware update daemon...
Aug 20 23:46:22 ip-172-31-21-130 fwupd[1706]: 23:46:22.245 FuMain               fwupd 2.0.20 ready for requests (locale C.UTF-8)
Aug 20 23:46:22 ip-172-31-21-130 dbus-daemon[561]: [system] Successfully activated service 'org.freedesktop.fwupd'
Aug 20 23:46:22 ip-172-31-21-130 systemd[1]: Started fwupd.service - Firmware update daemon.
Aug 20 23:46:22 ip-172-31-21-130 fwupd[1706]: 23:46:22.248 FuPluginLinuxSleep   could not open /sys/power/mem_sleep: Error opening file /sys/power/mem_sleep: No such file or directory
Aug 20 23:46:22 ip-172-31-21-130 systemd[1]: fwupd-refresh.service: Deactivated successfully.
Aug 20 23:46:22 ip-172-31-21-130 systemd[1]: Finished fwupd-refresh.service - Refresh fwupd metadata and update motd.
Aug 20 23:50:21 ip-172-31-21-130 systemd[1]: Starting sysstat-collect.service - system activity accounting tool...
Aug 20 23:50:21 ip-172-31-21-130 systemd[1]: sysstat-collect.service: Deactivated successfully.
Aug 20 23:50:21 ip-172-31-21-130 systemd[1]: Finished sysstat-collect.service - system activity accounting tool.
Aug 20 23:51:22 ip-172-31-21-130 systemd[1]: fwupd.service: Deactivated successfully.
Aug 20 23:55:01 ip-172-31-21-130 CRON[1727]: pam_unix(cron:session): session opened for user root(uid=0) by root(uid=0)
Aug 20 23:55:01 ip-172-31-21-130 CRON[1728]: (root) CMD (command -v debian-sa1 > /dev/null && debian-sa1 1 1)
Aug 20 23:55:01 ip-172-31-21-130 CRON[1727]: pam_unix(cron:session): session closed for user root
Aug 20 23:56:15 ip-172-31-21-130 amazon-ssm-agent.amazon-ssm-agent[573]: 2026-08-20 23:56:15.4694 WARN EC2RoleProvider Failed to connect to Systems Manager with instance profile role credentials. Err: retrieved credentials failed to report to ssm. Error: EC2RoleRequestError: no EC2 instance role found
Aug 20 23:56:15 ip-172-31-21-130 amazon-ssm-agent.amazon-ssm-agent[573]: caused by: EC2MetadataError: failed to make EC2Metadata request
Aug 20 23:56:15 ip-172-31-21-130 amazon-ssm-agent.amazon-ssm-agent[573]: <?xml version="1.0" encoding="iso-8859-1"?>
Aug 20 23:56:15 ip-172-31-21-130 amazon-ssm-agent.amazon-ssm-agent[573]: <!DOCTYPE html PUBLIC "-//W3C//DTD XHTML 1.0 Transitional//EN"
Aug 20 23:56:15 ip-172-31-21-130 amazon-ssm-agent.amazon-ssm-agent[573]:                  "http://www.w3.org/TR/xhtml1/DTD/xhtml1-transitional.dtd">
Aug 20 23:56:15 ip-172-31-21-130 amazon-ssm-agent.amazon-ssm-agent[573]: <html xmlns="http://www.w3.org/1999/xhtml" xml:lang="en" lang="en">
Aug 20 23:56:15 ip-172-31-21-130 amazon-ssm-agent.amazon-ssm-agent[573]:  <head>
Aug 20 23:56:15 ip-172-31-21-130 amazon-ssm-agent.amazon-ssm-agent[573]:   <title>404 - Not Found</title>
Aug 20 23:56:15 ip-172-31-21-130 amazon-ssm-agent.amazon-ssm-agent[573]:  </head>
Aug 20 23:56:15 ip-172-31-21-130 amazon-ssm-agent.amazon-ssm-agent[573]:  <body>
Aug 20 23:56:15 ip-172-31-21-130 amazon-ssm-agent.amazon-ssm-agent[573]:   <h1>404 - Not Found</h1>
Aug 20 23:56:15 ip-172-31-21-130 amazon-ssm-agent.amazon-ssm-agent[573]:  </body>
Aug 20 23:56:15 ip-172-31-21-130 amazon-ssm-agent.amazon-ssm-agent[573]: </html>
Aug 20 23:56:15 ip-172-31-21-130 amazon-ssm-agent.amazon-ssm-agent[573]:         status code: 404, request id:
Aug 20 23:56:15 ip-172-31-21-130 amazon-ssm-agent.amazon-ssm-agent[573]: 2026-08-20 23:56:15.5107 ERROR EC2RoleProvider Failed to connect to Systems Manager with SSM role credentials. error calling RequestManagedInstanceRoleToken: AccessDeniedException: Systems Manager's instance management role is not configured for account: 756418066642
Aug 20 23:56:15 ip-172-31-21-130 amazon-ssm-agent.amazon-ssm-agent[573]:         status code: 400, request id: a8b49195-d572-40ae-9a4f-78353d835ed6
Aug 20 23:59:01 ip-172-31-21-130 CRON[1733]: pam_unix(cron:session): session opened for user root(uid=0) by root(uid=0)
Aug 20 23:59:01 ip-172-31-21-130 CRON[1734]: (root) CMD (command -v debian-sa1 > /dev/null && debian-sa1 60 2)
Aug 20 23:59:01 ip-172-31-21-130 CRON[1733]: pam_unix(cron:session): session closed for user root
Aug 21 00:00:21 ip-172-31-21-130 systemd[1]: Starting dpkg-db-backup.service - Daily dpkg database backup service...
Aug 21 00:00:21 ip-172-31-21-130 systemd[1]: Starting sysstat-collect.service - system activity accounting tool...
Aug 21 00:00:21 ip-172-31-21-130 systemd[1]: Starting logrotate.service - Rotate log files...
Aug 21 00:00:21 ip-172-31-21-130 systemd[1]: sysstat-collect.service: Deactivated successfully.
Aug 21 00:00:21 ip-172-31-21-130 systemd[1]: Finished sysstat-collect.service - system activity accounting tool.
Aug 21 00:00:22 ip-172-31-21-130 systemd[1]: logrotate.service: Deactivated successfully.
Aug 21 00:00:22 ip-172-31-21-130 systemd[1]: Finished logrotate.service - Rotate log files.
Aug 21 00:00:22 ip-172-31-21-130 systemd[1]: dpkg-db-backup.service: Deactivated successfully.
Aug 21 00:00:22 ip-172-31-21-130 systemd[1]: Finished dpkg-db-backup.service - Daily dpkg database backup service.
Aug 21 00:04:21 ip-172-31-21-130 systemd[1]: Starting fwupd-refresh.service - Refresh fwupd metadata and update motd...
Aug 21 00:04:22 ip-172-31-21-130 dbus-daemon[561]: [system] Activating via systemd: service name='org.freedesktop.fwupd' unit='fwupd.service' requested by ':1.34' (uid=990 pid=1808 comm="/usr/bin/fwupdmgr refresh" label="unconfined")
Aug 21 00:04:22 ip-172-31-21-130 systemd[1]: Starting modprobe@sd_mod.service - Load Kernel Module sd_mod...
Aug 21 00:04:22 ip-172-31-21-130 systemd[1]: modprobe@sd_mod.service: Deactivated successfully.
Aug 21 00:04:22 ip-172-31-21-130 systemd[1]: Finished modprobe@sd_mod.service - Load Kernel Module sd_mod.
Aug 21 00:04:22 ip-172-31-21-130 systemd[1]: Starting fwupd.service - Firmware update daemon...
Aug 21 00:04:22 ip-172-31-21-130 fwupd[1815]: 00:04:22.250 FuMain               fwupd 2.0.20 ready for requests (locale C.UTF-8)
Aug 21 00:04:22 ip-172-31-21-130 dbus-daemon[561]: [system] Successfully activated service 'org.freedesktop.fwupd'
Aug 21 00:04:22 ip-172-31-21-130 systemd[1]: Started fwupd.service - Firmware update daemon.
Aug 21 00:04:22 ip-172-31-21-130 fwupd[1815]: 00:04:22.253 FuPluginLinuxSleep   could not open /sys/power/mem_sleep: Error opening file /sys/power/mem_sleep: No such file or directory
Aug 21 00:04:22 ip-172-31-21-130 systemd[1]: fwupd-refresh.service: Deactivated successfully.
Aug 21 00:04:22 ip-172-31-21-130 systemd[1]: Finished fwupd-refresh.service - Refresh fwupd metadata and update motd.
Aug 21 00:05:01 ip-172-31-21-130 CRON[1825]: pam_unix(cron:session): session opened for user root(uid=0) by root(uid=0)
Aug 21 00:05:01 ip-172-31-21-130 CRON[1826]: (root) CMD (command -v debian-sa1 > /dev/null && debian-sa1 1 1)
Aug 21 00:05:01 ip-172-31-21-130 CRON[1825]: pam_unix(cron:session): session closed for user root
Aug 21 00:06:21 ip-172-31-21-130 systemd[1]: Starting motd-news.service - Message of the Day...
Aug 21 00:06:22 ip-172-31-21-130 50-motd-news[1856]:  * Ubuntu Pro delivers the most comprehensive open source security and
Aug 21 00:06:22 ip-172-31-21-130 50-motd-news[1856]:    compliance features.
Aug 21 00:06:22 ip-172-31-21-130 50-motd-news[1856]:    https://ubuntu.com/aws/pro
Aug 21 00:06:22 ip-172-31-21-130 systemd[1]: motd-news.service: Deactivated successfully.
Aug 21 00:06:22 ip-172-31-21-130 systemd[1]: Finished motd-news.service - Message of the Day.
Aug 21 00:07:21 ip-172-31-21-130 systemd[1]: Starting sysstat-summary.service - Generate a daily summary of process accounting...
Aug 21 00:07:22 ip-172-31-21-130 systemd[1]: sysstat-summary.service: Deactivated successfully.
Aug 21 00:07:22 ip-172-31-21-130 systemd[1]: Finished sysstat-summary.service - Generate a daily summary of process accounting.
Aug 21 00:08:37 ip-172-31-21-130 sshd[1875]: Connection closed by 181.20.191.48 port 40572
Aug 21 00:08:50 ip-172-31-21-130 sshd[1876]: Connection closed by 181.20.191.48 port 39152
Aug 21 00:09:22 ip-172-31-21-130 systemd[1]: fwupd.service: Deactivated successfully.
Aug 21 00:10:21 ip-172-31-21-130 systemd[1]: Starting sysstat-collect.service - system activity accounting tool...
Aug 21 00:10:21 ip-172-31-21-130 systemd[1]: sysstat-collect.service: Deactivated successfully.
Aug 21 00:10:21 ip-172-31-21-130 systemd[1]: Finished sysstat-collect.service - system activity accounting tool.
Aug 21 00:15:01 ip-172-31-21-130 CRON[1889]: pam_unix(cron:session): session opened for user root(uid=0) by root(uid=0)
Aug 21 00:15:01 ip-172-31-21-130 CRON[1890]: (root) CMD (command -v debian-sa1 > /dev/null && debian-sa1 1 1)
Aug 21 00:15:01 ip-172-31-21-130 CRON[1889]: pam_unix(cron:session): session closed for user root
Aug 21 00:16:33 ip-172-31-21-130 sshd[1892]: Connection closed by 213.174.1.6 port 53677
Aug 21 00:17:01 ip-172-31-21-130 CRON[1893]: pam_unix(cron:session): session opened for user root(uid=0) by root(uid=0)
Aug 21 00:17:01 ip-172-31-21-130 CRON[1894]: (root) CMD (cd / && run-parts --report /etc/cron.hourly)
Aug 21 00:17:01 ip-172-31-21-130 CRON[1893]: pam_unix(cron:session): session closed for user root
Aug 21 00:20:21 ip-172-31-21-130 systemd[1]: Starting sysstat-collect.service - system activity accounting tool...
Aug 21 00:20:21 ip-172-31-21-130 systemd[1]: sysstat-collect.service: Deactivated successfully.
Aug 21 00:20:21 ip-172-31-21-130 systemd[1]: Finished sysstat-collect.service - system activity accounting tool.
Aug 21 00:22:54 ip-172-31-21-130 amazon-ssm-agent.amazon-ssm-agent[573]: 2026-08-21 00:22:54.5122 WARN EC2RoleProvider Failed to connect to Systems Manager with instance profile role credentials. Err: retrieved credentials failed to report to ssm. Error: EC2RoleRequestError: no EC2 instance role found
Aug 21 00:22:54 ip-172-31-21-130 amazon-ssm-agent.amazon-ssm-agent[573]: caused by: EC2MetadataError: failed to make EC2Metadata request
Aug 21 00:22:54 ip-172-31-21-130 amazon-ssm-agent.amazon-ssm-agent[573]: <?xml version="1.0" encoding="iso-8859-1"?>
Aug 21 00:22:54 ip-172-31-21-130 amazon-ssm-agent.amazon-ssm-agent[573]: <!DOCTYPE html PUBLIC "-//W3C//DTD XHTML 1.0 Transitional//EN"
Aug 21 00:22:54 ip-172-31-21-130 amazon-ssm-agent.amazon-ssm-agent[573]:                  "http://www.w3.org/TR/xhtml1/DTD/xhtml1-transitional.dtd">
Aug 21 00:22:54 ip-172-31-21-130 amazon-ssm-agent.amazon-ssm-agent[573]: <html xmlns="http://www.w3.org/1999/xhtml" xml:lang="en" lang="en">
Aug 21 00:22:54 ip-172-31-21-130 amazon-ssm-agent.amazon-ssm-agent[573]:  <head>
Aug 21 00:22:54 ip-172-31-21-130 amazon-ssm-agent.amazon-ssm-agent[573]:   <title>404 - Not Found</title>
Aug 21 00:22:54 ip-172-31-21-130 amazon-ssm-agent.amazon-ssm-agent[573]:  </head>
Aug 21 00:22:54 ip-172-31-21-130 amazon-ssm-agent.amazon-ssm-agent[573]:  <body>
Aug 21 00:22:54 ip-172-31-21-130 amazon-ssm-agent.amazon-ssm-agent[573]:   <h1>404 - Not Found</h1>
Aug 21 00:22:54 ip-172-31-21-130 amazon-ssm-agent.amazon-ssm-agent[573]:  </body>
Aug 21 00:22:54 ip-172-31-21-130 amazon-ssm-agent.amazon-ssm-agent[573]: </html>
Aug 21 00:22:54 ip-172-31-21-130 amazon-ssm-agent.amazon-ssm-agent[573]:         status code: 404, request id:
Aug 21 00:22:54 ip-172-31-21-130 amazon-ssm-agent.amazon-ssm-agent[573]: 2026-08-21 00:22:54.5455 ERROR EC2RoleProvider Failed to connect to Systems Manager with SSM role credentials. error calling RequestManagedInstanceRoleToken: AccessDeniedException: Systems Manager's instance management role is not configured for account: 756418066642
Aug 21 00:22:54 ip-172-31-21-130 amazon-ssm-agent.amazon-ssm-agent[573]:         status code: 400, request id: 049f12ed-5ea9-4328-b62c-e7d498a1c027
Aug 21 00:25:01 ip-172-31-21-130 CRON[1904]: pam_unix(cron:session): session opened for user root(uid=0) by root(uid=0)
Aug 21 00:25:01 ip-172-31-21-130 CRON[1905]: (root) CMD (command -v debian-sa1 > /dev/null && debian-sa1 1 1)
Aug 21 00:25:01 ip-172-31-21-130 CRON[1904]: pam_unix(cron:session): session closed for user root
Aug 21 00:30:21 ip-172-31-21-130 systemd[1]: Starting sysstat-collect.service - system activity accounting tool...
Aug 21 00:30:21 ip-172-31-21-130 systemd[1]: sysstat-collect.service: Deactivated successfully.
Aug 21 00:30:21 ip-172-31-21-130 systemd[1]: Finished sysstat-collect.service - system activity accounting tool.
Aug 21 00:35:01 ip-172-31-21-130 CRON[1914]: pam_unix(cron:session): session opened for user root(uid=0) by root(uid=0)
Aug 21 00:35:01 ip-172-31-21-130 CRON[1915]: (root) CMD (command -v debian-sa1 > /dev/null && debian-sa1 1 1)
Aug 21 00:35:01 ip-172-31-21-130 CRON[1914]: pam_unix(cron:session): session closed for user root
Aug 21 00:40:21 ip-172-31-21-130 systemd[1]: Starting sysstat-collect.service - system activity accounting tool...
Aug 21 00:40:21 ip-172-31-21-130 systemd[1]: sysstat-collect.service: Deactivated successfully.
Aug 21 00:40:21 ip-172-31-21-130 systemd[1]: Finished sysstat-collect.service - system activity accounting tool.
Aug 21 00:45:01 ip-172-31-21-130 CRON[1925]: pam_unix(cron:session): session opened for user root(uid=0) by root(uid=0)
Aug 21 00:45:01 ip-172-31-21-130 CRON[1926]: (root) CMD (command -v debian-sa1 > /dev/null && debian-sa1 1 1)
Aug 21 00:45:01 ip-172-31-21-130 CRON[1925]: pam_unix(cron:session): session closed for user root
Aug 21 00:50:21 ip-172-31-21-130 systemd[1]: Starting sysstat-collect.service - system activity accounting tool...
Aug 21 00:50:21 ip-172-31-21-130 systemd[1]: sysstat-collect.service: Deactivated successfully.
Aug 21 00:50:21 ip-172-31-21-130 systemd[1]: Finished sysstat-collect.service - system activity accounting tool.
Aug 21 00:52:33 ip-172-31-21-130 amazon-ssm-agent.amazon-ssm-agent[573]: 2026-08-21 00:52:33.6314 WARN EC2RoleProvider Failed to connect to Systems Manager with instance profile role credentials. Err: retrieved credentials failed to report to ssm. Error: EC2RoleRequestError: no EC2 instance role found
Aug 21 00:52:33 ip-172-31-21-130 amazon-ssm-agent.amazon-ssm-agent[573]: caused by: EC2MetadataError: failed to make EC2Metadata request
Aug 21 00:52:33 ip-172-31-21-130 amazon-ssm-agent.amazon-ssm-agent[573]: <?xml version="1.0" encoding="iso-8859-1"?>
Aug 21 00:52:33 ip-172-31-21-130 amazon-ssm-agent.amazon-ssm-agent[573]: <!DOCTYPE html PUBLIC "-//W3C//DTD XHTML 1.0 Transitional//EN"
Aug 21 00:52:33 ip-172-31-21-130 amazon-ssm-agent.amazon-ssm-agent[573]:                  "http://www.w3.org/TR/xhtml1/DTD/xhtml1-transitional.dtd">
Aug 21 00:52:33 ip-172-31-21-130 amazon-ssm-agent.amazon-ssm-agent[573]: <html xmlns="http://www.w3.org/1999/xhtml" xml:lang="en" lang="en">
Aug 21 00:52:33 ip-172-31-21-130 amazon-ssm-agent.amazon-ssm-agent[573]:  <head>
Aug 21 00:52:33 ip-172-31-21-130 amazon-ssm-agent.amazon-ssm-agent[573]:   <title>404 - Not Found</title>
Aug 21 00:52:33 ip-172-31-21-130 amazon-ssm-agent.amazon-ssm-agent[573]:  </head>
Aug 21 00:52:33 ip-172-31-21-130 amazon-ssm-agent.amazon-ssm-agent[573]:  <body>
Aug 21 00:52:33 ip-172-31-21-130 amazon-ssm-agent.amazon-ssm-agent[573]:   <h1>404 - Not Found</h1>
Aug 21 00:52:33 ip-172-31-21-130 amazon-ssm-agent.amazon-ssm-agent[573]:  </body>
Aug 21 00:52:33 ip-172-31-21-130 amazon-ssm-agent.amazon-ssm-agent[573]: </html>
Aug 21 00:52:33 ip-172-31-21-130 amazon-ssm-agent.amazon-ssm-agent[573]:         status code: 404, request id:
Aug 21 00:52:33 ip-172-31-21-130 amazon-ssm-agent.amazon-ssm-agent[573]: 2026-08-21 00:52:33.6687 ERROR EC2RoleProvider Failed to connect to Systems Manager with SSM role credentials. error calling RequestManagedInstanceRoleToken: AccessDeniedException: Systems Manager's instance management role is not configured for account: 756418066642
Aug 21 00:52:33 ip-172-31-21-130 amazon-ssm-agent.amazon-ssm-agent[573]:         status code: 400, request id: db2b1d61-8fde-4a64-b08b-ee3976b055bb
Aug 21 00:55:01 ip-172-31-21-130 CRON[1935]: pam_unix(cron:session): session opened for user root(uid=0) by root(uid=0)
Aug 21 00:55:01 ip-172-31-21-130 CRON[1936]: (root) CMD (command -v debian-sa1 > /dev/null && debian-sa1 1 1)
Aug 21 00:55:01 ip-172-31-21-130 CRON[1935]: pam_unix(cron:session): session closed for user root
Aug 21 01:00:21 ip-172-31-21-130 systemd[1]: Starting sysstat-collect.service - system activity accounting tool...
Aug 21 01:00:21 ip-172-31-21-130 systemd[1]: sysstat-collect.service: Deactivated successfully.
Aug 21 01:00:21 ip-172-31-21-130 systemd[1]: Finished sysstat-collect.service - system activity accounting tool.
Aug 21 01:05:01 ip-172-31-21-130 CRON[1946]: pam_unix(cron:session): session opened for user root(uid=0) by root(uid=0)
Aug 21 01:05:01 ip-172-31-21-130 CRON[1947]: (root) CMD (command -v debian-sa1 > /dev/null && debian-sa1 1 1)
Aug 21 01:05:01 ip-172-31-21-130 CRON[1946]: pam_unix(cron:session): session closed for user root
Aug 21 01:10:21 ip-172-31-21-130 systemd[1]: Starting sysstat-collect.service - system activity accounting tool...
Aug 21 01:10:21 ip-172-31-21-130 systemd[1]: sysstat-collect.service: Deactivated successfully.
Aug 21 01:10:21 ip-172-31-21-130 systemd[1]: Finished sysstat-collect.service - system activity accounting tool.
Aug 21 01:15:01 ip-172-31-21-130 CRON[1957]: pam_unix(cron:session): session opened for user root(uid=0) by root(uid=0)
Aug 21 01:15:01 ip-172-31-21-130 CRON[1958]: (root) CMD (command -v debian-sa1 > /dev/null && debian-sa1 1 1)
Aug 21 01:15:01 ip-172-31-21-130 CRON[1957]: pam_unix(cron:session): session closed for user root
Aug 21 01:15:21 ip-172-31-21-130 systemd[1]: Starting fwupd-refresh.service - Refresh fwupd metadata and update motd...
Aug 21 01:15:22 ip-172-31-21-130 dbus-daemon[561]: [system] Activating via systemd: service name='org.freedesktop.fwupd' unit='fwupd.service' requested by ':1.37' (uid=990 pid=1960 comm="/usr/bin/fwupdmgr refresh" label="unconfined")
Aug 21 01:15:22 ip-172-31-21-130 systemd[1]: Starting modprobe@sd_mod.service - Load Kernel Module sd_mod...
Aug 21 01:15:22 ip-172-31-21-130 systemd[1]: modprobe@sd_mod.service: Deactivated successfully.
Aug 21 01:15:22 ip-172-31-21-130 systemd[1]: Finished modprobe@sd_mod.service - Load Kernel Module sd_mod.
Aug 21 01:15:22 ip-172-31-21-130 systemd[1]: Starting fwupd.service - Firmware update daemon...
Aug 21 01:15:22 ip-172-31-21-130 fwupd[1968]: 01:15:22.248 FuMain               fwupd 2.0.20 ready for requests (locale C.UTF-8)
Aug 21 01:15:22 ip-172-31-21-130 dbus-daemon[561]: [system] Successfully activated service 'org.freedesktop.fwupd'
Aug 21 01:15:22 ip-172-31-21-130 systemd[1]: Started fwupd.service - Firmware update daemon.
Aug 21 01:15:22 ip-172-31-21-130 fwupd[1968]: 01:15:22.252 FuPluginLinuxSleep   could not open /sys/power/mem_sleep: Error opening file /sys/power/mem_sleep: No such file or directory
Aug 21 01:15:22 ip-172-31-21-130 systemd[1]: fwupd-refresh.service: Deactivated successfully.
Aug 21 01:15:22 ip-172-31-21-130 systemd[1]: Finished fwupd-refresh.service - Refresh fwupd metadata and update motd.
Aug 21 01:17:01 ip-172-31-21-130 CRON[1978]: pam_unix(cron:session): session opened for user root(uid=0) by root(uid=0)
Aug 21 01:17:01 ip-172-31-21-130 CRON[1979]: (root) CMD (cd / && run-parts --report /etc/cron.hourly)
Aug 21 01:17:01 ip-172-31-21-130 CRON[1978]: pam_unix(cron:session): session closed for user root
Aug 21 01:17:29 ip-172-31-21-130 snapd[576]: storehelpers.go:919: cannot refresh: snap has no updates available: "amazon-ssm-agent", "core22", "snapd"
Aug 21 01:18:15 ip-172-31-21-130 amazon-ssm-agent.amazon-ssm-agent[573]: 2026-08-21 01:18:15.6717 WARN EC2RoleProvider Failed to connect to Systems Manager with instance profile role credentials. Err: retrieved credentials failed to report to ssm. Error: EC2RoleRequestError: no EC2 instance role found
Aug 21 01:18:15 ip-172-31-21-130 amazon-ssm-agent.amazon-ssm-agent[573]: caused by: EC2MetadataError: failed to make EC2Metadata request
Aug 21 01:18:15 ip-172-31-21-130 amazon-ssm-agent.amazon-ssm-agent[573]: <?xml version="1.0" encoding="iso-8859-1"?>
Aug 21 01:18:15 ip-172-31-21-130 amazon-ssm-agent.amazon-ssm-agent[573]: <!DOCTYPE html PUBLIC "-//W3C//DTD XHTML 1.0 Transitional//EN"
Aug 21 01:18:15 ip-172-31-21-130 amazon-ssm-agent.amazon-ssm-agent[573]:                  "http://www.w3.org/TR/xhtml1/DTD/xhtml1-transitional.dtd">
Aug 21 01:18:15 ip-172-31-21-130 amazon-ssm-agent.amazon-ssm-agent[573]: <html xmlns="http://www.w3.org/1999/xhtml" xml:lang="en" lang="en">
Aug 21 01:18:15 ip-172-31-21-130 amazon-ssm-agent.amazon-ssm-agent[573]:  <head>
Aug 21 01:18:15 ip-172-31-21-130 amazon-ssm-agent.amazon-ssm-agent[573]:   <title>404 - Not Found</title>
Aug 21 01:18:15 ip-172-31-21-130 amazon-ssm-agent.amazon-ssm-agent[573]:  </head>
Aug 21 01:18:15 ip-172-31-21-130 amazon-ssm-agent.amazon-ssm-agent[573]:  <body>
Aug 21 01:18:15 ip-172-31-21-130 amazon-ssm-agent.amazon-ssm-agent[573]:   <h1>404 - Not Found</h1>
Aug 21 01:18:15 ip-172-31-21-130 amazon-ssm-agent.amazon-ssm-agent[573]:  </body>
Aug 21 01:18:15 ip-172-31-21-130 amazon-ssm-agent.amazon-ssm-agent[573]: </html>
Aug 21 01:18:15 ip-172-31-21-130 amazon-ssm-agent.amazon-ssm-agent[573]:         status code: 404, request id:
Aug 21 01:18:15 ip-172-31-21-130 amazon-ssm-agent.amazon-ssm-agent[573]: 2026-08-21 01:18:15.7100 ERROR EC2RoleProvider Failed to connect to Systems Manager with SSM role credentials. error calling RequestManagedInstanceRoleToken: AccessDeniedException: Systems Manager's instance management role is not configured for account: 756418066642
Aug 21 01:18:15 ip-172-31-21-130 amazon-ssm-agent.amazon-ssm-agent[573]:         status code: 400, request id: fa2c9736-c8c7-40c5-9b8a-cef645df52a2
Aug 21 01:19:09 ip-172-31-21-130 sshd[1982]: Connection closed by 109.86.217.217 port 46602
Aug 21 01:20:21 ip-172-31-21-130 systemd[1]: Starting sysstat-collect.service - system activity accounting tool...
Aug 21 01:20:21 ip-172-31-21-130 systemd[1]: sysstat-collect.service: Deactivated successfully.
Aug 21 01:20:21 ip-172-31-21-130 systemd[1]: Finished sysstat-collect.service - system activity accounting tool.
Aug 21 01:20:22 ip-172-31-21-130 systemd[1]: fwupd.service: Deactivated successfully.
Aug 21 01:21:03 ip-172-31-21-130 sshd[912]: pam_unix(sshd:session): session closed for user ubuntu
Aug 21 01:21:03 ip-172-31-21-130 systemd[1]: session-1.scope: Deactivated successfully.
Aug 21 01:21:03 ip-172-31-21-130 systemd[1]: session-1.scope: Consumed 2.564s CPU time.
Aug 21 01:21:03 ip-172-31-21-130 systemd-logind[586]: Session 1 logged out. Waiting for processes to exit.
Aug 21 01:21:03 ip-172-31-21-130 systemd-logind[586]: Removed session 1.
Aug 21 01:21:03 ip-172-31-21-130 sshd[915]: pam_unix(sshd:session): session closed for user ubuntu
Aug 21 01:21:03 ip-172-31-21-130 systemd[1]: session-3.scope: Deactivated successfully.
Aug 21 01:21:03 ip-172-31-21-130 systemd-logind[586]: Session 3 logged out. Waiting for processes to exit.
Aug 21 01:21:03 ip-172-31-21-130 systemd-logind[586]: Removed session 3.
Aug 21 01:21:13 ip-172-31-21-130 systemd[1]: Stopping user@1000.service - User Manager for UID 1000...
Aug 21 01:21:13 ip-172-31-21-130 systemd[919]: Activating special unit exit.target...
Aug 21 01:21:13 ip-172-31-21-130 systemd[919]: Stopped target default.target - Main User Target.
Aug 21 01:21:13 ip-172-31-21-130 systemd[919]: Stopped target basic.target - Basic System.
Aug 21 01:21:13 ip-172-31-21-130 systemd[919]: Stopped target paths.target - Paths.
Aug 21 01:21:13 ip-172-31-21-130 systemd[919]: Stopped target sockets.target - Sockets.
Aug 21 01:21:13 ip-172-31-21-130 systemd[919]: Stopped target timers.target - Timers.
Aug 21 01:21:13 ip-172-31-21-130 systemd[919]: Stopped launchpadlib-cache-clean.timer - Clean up old files in the Launchpadlib cache.
Aug 21 01:21:13 ip-172-31-21-130 systemd[919]: Closed dbus.socket - D-Bus User Message Bus Socket.
Aug 21 01:21:13 ip-172-31-21-130 systemd[919]: Closed dirmngr.socket - GnuPG network certificate management daemon.
Aug 21 01:21:13 ip-172-31-21-130 systemd[919]: Closed gpg-agent-browser.socket - GnuPG cryptographic agent and passphrase cache (access for web browsers).
Aug 21 01:21:13 ip-172-31-21-130 systemd[919]: Closed gpg-agent-extra.socket - GnuPG cryptographic agent and passphrase cache (restricted).
Aug 21 01:21:13 ip-172-31-21-130 systemd[919]: Stopping gpg-agent-ssh.socket - GnuPG cryptographic agent (ssh-agent emulation)...
Aug 21 01:21:13 ip-172-31-21-130 systemd[919]: Closed gpg-agent.socket - GnuPG cryptographic agent and passphrase cache.
Aug 21 01:21:13 ip-172-31-21-130 systemd[919]: Closed keyboxd.socket - GnuPG public key management service.
Aug 21 01:21:13 ip-172-31-21-130 systemd[919]: Closed pk-debconf-helper.socket - debconf communication socket.
Aug 21 01:21:13 ip-172-31-21-130 systemd[919]: Closed snapd.session-agent.socket - REST API socket for snapd user session agent.
Aug 21 01:21:13 ip-172-31-21-130 systemd[919]: Closed gpg-agent-ssh.socket - GnuPG cryptographic agent (ssh-agent emulation).
Aug 21 01:21:13 ip-172-31-21-130 systemd[919]: Removed slice app.slice - User Application Slice.
Aug 21 01:21:13 ip-172-31-21-130 systemd[919]: Reached target shutdown.target - Shutdown.
Aug 21 01:21:13 ip-172-31-21-130 systemd[919]: Finished systemd-exit.service - Exit the Session.
Aug 21 01:21:13 ip-172-31-21-130 systemd[919]: Reached target exit.target - Exit the Session.
Aug 21 01:21:13 ip-172-31-21-130 systemd[1]: user@1000.service: Deactivated successfully.
Aug 21 01:21:13 ip-172-31-21-130 systemd[1]: Stopped user@1000.service - User Manager for UID 1000.
Aug 21 01:21:13 ip-172-31-21-130 systemd[1]: Stopping user-runtime-dir@1000.service - User Runtime Directory /run/user/1000...
Aug 21 01:21:13 ip-172-31-21-130 systemd[1]: run-user-1000.mount: Deactivated successfully.
Aug 21 01:21:13 ip-172-31-21-130 systemd[1]: user-runtime-dir@1000.service: Deactivated successfully.
Aug 21 01:21:13 ip-172-31-21-130 systemd[1]: Stopped user-runtime-dir@1000.service - User Runtime Directory /run/user/1000.
Aug 21 01:21:13 ip-172-31-21-130 systemd[1]: Removed slice user-1000.slice - User Slice of UID 1000.
Aug 21 01:21:13 ip-172-31-21-130 systemd[1]: user-1000.slice: Consumed 2.773s CPU time.
Aug 21 01:25:01 ip-172-31-21-130 CRON[2001]: pam_unix(cron:session): session opened for user root(uid=0) by root(uid=0)
Aug 21 01:25:01 ip-172-31-21-130 CRON[2002]: (root) CMD (command -v debian-sa1 > /dev/null && debian-sa1 1 1)
Aug 21 01:25:01 ip-172-31-21-130 CRON[2001]: pam_unix(cron:session): session closed for user root
Aug 21 01:25:36 ip-172-31-21-130 sshd[2006]: Connection closed by 181.46.9.8 port 63426
Aug 21 01:25:52 ip-172-31-21-130 sshd[2007]: Connection closed by 181.46.9.8 port 52192
Aug 21 01:26:51 ip-172-31-21-130 sshd[2009]: Connection closed by 203.76.222.185 port 52821
Aug 21 01:27:02 ip-172-31-21-130 sshd[2010]: Connection closed by 203.76.222.186 port 21106
Aug 21 01:30:21 ip-172-31-21-130 systemd[1]: Starting sysstat-collect.service - system activity accounting tool...
Aug 21 01:30:21 ip-172-31-21-130 systemd[1]: sysstat-collect.service: Deactivated successfully.
Aug 21 01:30:21 ip-172-31-21-130 systemd[1]: Finished sysstat-collect.service - system activity accounting tool.
Aug 21 01:35:01 ip-172-31-21-130 CRON[2018]: pam_unix(cron:session): session opened for user root(uid=0) by root(uid=0)
Aug 21 01:35:01 ip-172-31-21-130 CRON[2019]: (root) CMD (command -v debian-sa1 > /dev/null && debian-sa1 1 1)
Aug 21 01:35:01 ip-172-31-21-130 CRON[2018]: pam_unix(cron:session): session closed for user root
Aug 21 01:36:30 ip-172-31-21-130 sshd[2021]: Connection closed by 81.162.252.66 port 40000
Aug 21 01:38:44 ip-172-31-21-130 sshd[2024]: Connection closed by 98.28.131.127 port 45222
Aug 21 01:40:20 ip-172-31-21-130 sshd[2026]: Connection closed by 181.25.210.146 port 46216
Aug 21 01:40:21 ip-172-31-21-130 systemd[1]: Starting sysstat-collect.service - system activity accounting tool...
Aug 21 01:40:21 ip-172-31-21-130 systemd[1]: sysstat-collect.service: Deactivated successfully.
Aug 21 01:40:21 ip-172-31-21-130 systemd[1]: Finished sysstat-collect.service - system activity accounting tool.
Aug 21 01:41:47 ip-172-31-21-130 sshd[2029]: Connection closed by 181.25.210.146 port 49212
Aug 21 01:43:00 ip-172-31-21-130 sshd[2034]: Connection closed by 98.28.131.127 port 60161
Aug 21 01:45:01 ip-172-31-21-130 CRON[2035]: pam_unix(cron:session): session opened for user root(uid=0) by root(uid=0)
Aug 21 01:45:01 ip-172-31-21-130 CRON[2036]: (root) CMD (command -v debian-sa1 > /dev/null && debian-sa1 1 1)
Aug 21 01:45:01 ip-172-31-21-130 CRON[2035]: pam_unix(cron:session): session closed for user root
Aug 21 01:45:23 ip-172-31-21-130 amazon-ssm-agent.amazon-ssm-agent[573]: 2026-08-21 01:45:23.7273 WARN EC2RoleProvider Failed to connect to Systems Manager with instance profile role credentials. Err: retrieved credentials failed to report to ssm. Error: EC2RoleRequestError: no EC2 instance role found
Aug 21 01:45:23 ip-172-31-21-130 amazon-ssm-agent.amazon-ssm-agent[573]: caused by: EC2MetadataError: failed to make EC2Metadata request
Aug 21 01:45:23 ip-172-31-21-130 amazon-ssm-agent.amazon-ssm-agent[573]: <?xml version="1.0" encoding="iso-8859-1"?>
Aug 21 01:45:23 ip-172-31-21-130 amazon-ssm-agent.amazon-ssm-agent[573]: <!DOCTYPE html PUBLIC "-//W3C//DTD XHTML 1.0 Transitional//EN"
Aug 21 01:45:23 ip-172-31-21-130 amazon-ssm-agent.amazon-ssm-agent[573]:                  "http://www.w3.org/TR/xhtml1/DTD/xhtml1-transitional.dtd">
Aug 21 01:45:23 ip-172-31-21-130 amazon-ssm-agent.amazon-ssm-agent[573]: <html xmlns="http://www.w3.org/1999/xhtml" xml:lang="en" lang="en">
Aug 21 01:45:23 ip-172-31-21-130 amazon-ssm-agent.amazon-ssm-agent[573]:  <head>
Aug 21 01:45:23 ip-172-31-21-130 amazon-ssm-agent.amazon-ssm-agent[573]:   <title>404 - Not Found</title>
Aug 21 01:45:23 ip-172-31-21-130 amazon-ssm-agent.amazon-ssm-agent[573]:  </head>
Aug 21 01:45:23 ip-172-31-21-130 amazon-ssm-agent.amazon-ssm-agent[573]:  <body>
Aug 21 01:45:23 ip-172-31-21-130 amazon-ssm-agent.amazon-ssm-agent[573]:   <h1>404 - Not Found</h1>
Aug 21 01:45:23 ip-172-31-21-130 amazon-ssm-agent.amazon-ssm-agent[573]:  </body>
Aug 21 01:45:23 ip-172-31-21-130 amazon-ssm-agent.amazon-ssm-agent[573]: </html>
Aug 21 01:45:23 ip-172-31-21-130 amazon-ssm-agent.amazon-ssm-agent[573]:         status code: 404, request id:
Aug 21 01:45:23 ip-172-31-21-130 amazon-ssm-agent.amazon-ssm-agent[573]: 2026-08-21 01:45:23.7702 ERROR EC2RoleProvider Failed to connect to Systems Manager with SSM role credentials. error calling RequestManagedInstanceRoleToken: AccessDeniedException: Systems Manager's instance management role is not configured for account: 756418066642
Aug 21 01:45:23 ip-172-31-21-130 amazon-ssm-agent.amazon-ssm-agent[573]:         status code: 400, request id: 369a825e-f96d-44cd-aeff-db9e7fc64bde
Aug 21 01:50:21 ip-172-31-21-130 systemd[1]: Starting sysstat-collect.service - system activity accounting tool...
Aug 21 01:50:21 ip-172-31-21-130 systemd[1]: sysstat-collect.service: Deactivated successfully.
Aug 21 01:50:21 ip-172-31-21-130 systemd[1]: Finished sysstat-collect.service - system activity accounting tool.
Aug 21 01:52:42 ip-172-31-21-130 sshd[2045]: Connection closed by 81.162.252.66 port 36066
Aug 21 01:52:57 ip-172-31-21-130 sshd[2046]: Connection closed by 181.44.121.118 port 37702
Aug 21 01:53:30 ip-172-31-21-130 sshd[2048]: Connection closed by 181.44.121.118 port 58644
Aug 21 01:53:47 ip-172-31-21-130 sshd[2049]: Connection closed by 102.182.80.24 port 48510
Aug 21 01:54:12 ip-172-31-21-130 sshd[2051]: Connection closed by 102.182.80.24 port 35096
Aug 21 01:55:01 ip-172-31-21-130 CRON[2052]: pam_unix(cron:session): session opened for user root(uid=0) by root(uid=0)
Aug 21 01:55:01 ip-172-31-21-130 CRON[2053]: (root) CMD (command -v debian-sa1 > /dev/null && debian-sa1 1 1)
Aug 21 01:55:01 ip-172-31-21-130 CRON[2052]: pam_unix(cron:session): session closed for user root
Aug 21 01:56:54 ip-172-31-21-130 sshd[2055]: Connection closed by 71.175.44.145 port 38906
Aug 21 01:57:38 ip-172-31-21-130 sshd[2056]: Connection closed by 71.175.44.145 port 44466
Aug 21 01:58:16 ip-172-31-21-130 sshd[2058]: banner exchange: Connection from 184.105.139.68 port 50294: invalid format
Aug 21 02:00:21 ip-172-31-21-130 systemd[1]: Starting sysstat-collect.service - system activity accounting tool...
Aug 21 02:00:21 ip-172-31-21-130 systemd[1]: sysstat-collect.service: Deactivated successfully.
Aug 21 02:00:21 ip-172-31-21-130 systemd[1]: Finished sysstat-collect.service - system activity accounting tool.
Aug 21 02:05:01 ip-172-31-21-130 CRON[2067]: pam_unix(cron:session): session opened for user root(uid=0) by root(uid=0)
Aug 21 02:05:01 ip-172-31-21-130 CRON[2068]: (root) CMD (command -v debian-sa1 > /dev/null && debian-sa1 1 1)
Aug 21 02:05:01 ip-172-31-21-130 CRON[2067]: pam_unix(cron:session): session closed for user root
Aug 21 02:10:21 ip-172-31-21-130 systemd[1]: Starting sysstat-collect.service - system activity accounting tool...
Aug 21 02:10:21 ip-172-31-21-130 systemd[1]: sysstat-collect.service: Deactivated successfully.
Aug 21 02:10:21 ip-172-31-21-130 systemd[1]: Finished sysstat-collect.service - system activity accounting tool.
Aug 21 02:15:01 ip-172-31-21-130 CRON[2075]: pam_unix(cron:session): session opened for user root(uid=0) by root(uid=0)
Aug 21 02:15:01 ip-172-31-21-130 CRON[2076]: (root) CMD (command -v debian-sa1 > /dev/null && debian-sa1 1 1)
Aug 21 02:15:01 ip-172-31-21-130 CRON[2075]: pam_unix(cron:session): session closed for user root
Aug 21 02:15:11 ip-172-31-21-130 amazon-ssm-agent.amazon-ssm-agent[573]: 2026-08-21 02:15:11.7717 WARN EC2RoleProvider Failed to connect to Systems Manager with instance profile role credentials. Err: retrieved credentials failed to report to ssm. Error: EC2RoleRequestError: no EC2 instance role found
Aug 21 02:15:11 ip-172-31-21-130 amazon-ssm-agent.amazon-ssm-agent[573]: caused by: EC2MetadataError: failed to make EC2Metadata request
Aug 21 02:15:11 ip-172-31-21-130 amazon-ssm-agent.amazon-ssm-agent[573]: <?xml version="1.0" encoding="iso-8859-1"?>
Aug 21 02:15:11 ip-172-31-21-130 amazon-ssm-agent.amazon-ssm-agent[573]: <!DOCTYPE html PUBLIC "-//W3C//DTD XHTML 1.0 Transitional//EN"
Aug 21 02:15:11 ip-172-31-21-130 amazon-ssm-agent.amazon-ssm-agent[573]:                  "http://www.w3.org/TR/xhtml1/DTD/xhtml1-transitional.dtd">
Aug 21 02:15:11 ip-172-31-21-130 amazon-ssm-agent.amazon-ssm-agent[573]: <html xmlns="http://www.w3.org/1999/xhtml" xml:lang="en" lang="en">
Aug 21 02:15:11 ip-172-31-21-130 amazon-ssm-agent.amazon-ssm-agent[573]:  <head>
Aug 21 02:15:11 ip-172-31-21-130 amazon-ssm-agent.amazon-ssm-agent[573]:   <title>404 - Not Found</title>
Aug 21 02:15:11 ip-172-31-21-130 amazon-ssm-agent.amazon-ssm-agent[573]:  </head>
Aug 21 02:15:11 ip-172-31-21-130 amazon-ssm-agent.amazon-ssm-agent[573]:  <body>
Aug 21 02:15:11 ip-172-31-21-130 amazon-ssm-agent.amazon-ssm-agent[573]:   <h1>404 - Not Found</h1>
Aug 21 02:15:11 ip-172-31-21-130 amazon-ssm-agent.amazon-ssm-agent[573]:  </body>
Aug 21 02:15:11 ip-172-31-21-130 amazon-ssm-agent.amazon-ssm-agent[573]: </html>
Aug 21 02:15:11 ip-172-31-21-130 amazon-ssm-agent.amazon-ssm-agent[573]:         status code: 404, request id:
Aug 21 02:15:11 ip-172-31-21-130 amazon-ssm-agent.amazon-ssm-agent[573]: 2026-08-21 02:15:11.8152 ERROR EC2RoleProvider Failed to connect to Systems Manager with SSM role credentials. error calling RequestManagedInstanceRoleToken: AccessDeniedException: Systems Manager's instance management role is not configured for account: 756418066642
Aug 21 02:15:11 ip-172-31-21-130 amazon-ssm-agent.amazon-ssm-agent[573]:         status code: 400, request id: ea2b3ea8-0bf9-4852-abea-6aa280d96edf
Aug 21 02:17:01 ip-172-31-21-130 CRON[2081]: pam_unix(cron:session): session opened for user root(uid=0) by root(uid=0)
Aug 21 02:17:01 ip-172-31-21-130 CRON[2082]: (root) CMD (cd / && run-parts --report /etc/cron.hourly)
Aug 21 02:17:01 ip-172-31-21-130 CRON[2081]: pam_unix(cron:session): session closed for user root
Aug 21 02:20:21 ip-172-31-21-130 systemd[1]: Starting sysstat-collect.service - system activity accounting tool...
Aug 21 02:20:21 ip-172-31-21-130 systemd[1]: sysstat-collect.service: Deactivated successfully.
Aug 21 02:20:21 ip-172-31-21-130 systemd[1]: Finished sysstat-collect.service - system activity accounting tool.
Aug 21 02:25:01 ip-172-31-21-130 CRON[2090]: pam_unix(cron:session): session opened for user root(uid=0) by root(uid=0)
Aug 21 02:25:01 ip-172-31-21-130 CRON[2091]: (root) CMD (command -v debian-sa1 > /dev/null && debian-sa1 1 1)
Aug 21 02:25:01 ip-172-31-21-130 CRON[2090]: pam_unix(cron:session): session closed for user root
Aug 21 02:30:01 ip-172-31-21-130 systemd[1]: Starting sysstat-collect.service - system activity accounting tool...
Aug 21 02:30:01 ip-172-31-21-130 systemd[1]: sysstat-collect.service: Deactivated successfully.
Aug 21 02:30:01 ip-172-31-21-130 systemd[1]: Finished sysstat-collect.service - system activity accounting tool.
Aug 21 02:35:01 ip-172-31-21-130 CRON[2102]: pam_unix(cron:session): session opened for user root(uid=0) by root(uid=0)
Aug 21 02:35:01 ip-172-31-21-130 CRON[2103]: (root) CMD (command -v debian-sa1 > /dev/null && debian-sa1 1 1)
Aug 21 02:35:01 ip-172-31-21-130 CRON[2102]: pam_unix(cron:session): session closed for user root
Aug 21 02:40:21 ip-172-31-21-130 systemd[1]: Starting fwupd-refresh.service - Refresh fwupd metadata and update motd...
Aug 21 02:40:21 ip-172-31-21-130 systemd[1]: Starting sysstat-collect.service - system activity accounting tool...
Aug 21 02:40:21 ip-172-31-21-130 systemd[1]: sysstat-collect.service: Deactivated successfully.
Aug 21 02:40:21 ip-172-31-21-130 systemd[1]: Finished sysstat-collect.service - system activity accounting tool.
Aug 21 02:40:22 ip-172-31-21-130 dbus-daemon[561]: [system] Activating via systemd: service name='org.freedesktop.fwupd' unit='fwupd.service' requested by ':1.42' (uid=990 pid=2108 comm="/usr/bin/fwupdmgr refresh" label="unconfined")
Aug 21 02:40:22 ip-172-31-21-130 systemd[1]: Starting modprobe@sd_mod.service - Load Kernel Module sd_mod...
Aug 21 02:40:22 ip-172-31-21-130 systemd[1]: modprobe@sd_mod.service: Deactivated successfully.
Aug 21 02:40:22 ip-172-31-21-130 systemd[1]: Finished modprobe@sd_mod.service - Load Kernel Module sd_mod.
Aug 21 02:40:22 ip-172-31-21-130 systemd[1]: Starting fwupd.service - Firmware update daemon...
Aug 21 02:40:22 ip-172-31-21-130 fwupd[2117]: 02:40:22.245 FuMain               fwupd 2.0.20 ready for requests (locale C.UTF-8)
Aug 21 02:40:22 ip-172-31-21-130 dbus-daemon[561]: [system] Successfully activated service 'org.freedesktop.fwupd'
Aug 21 02:40:22 ip-172-31-21-130 systemd[1]: Started fwupd.service - Firmware update daemon.
Aug 21 02:40:22 ip-172-31-21-130 fwupd[2117]: 02:40:22.248 FuPluginLinuxSleep   could not open /sys/power/mem_sleep: Error opening file /sys/power/mem_sleep: No such file or directory
Aug 21 02:40:22 ip-172-31-21-130 systemd[1]: fwupd-refresh.service: Deactivated successfully.
Aug 21 02:40:22 ip-172-31-21-130 systemd[1]: Finished fwupd-refresh.service - Refresh fwupd metadata and update motd.
Aug 21 02:40:39 ip-172-31-21-130 sshd[2127]: Connection closed by 77.124.148.17 port 40388
Aug 21 02:41:16 ip-172-31-21-130 sshd[2128]: Connection closed by 45.169.52.157 port 55148
Aug 21 02:41:17 ip-172-31-21-130 sshd[2129]: Connection closed by 77.124.148.17 port 52266
Aug 21 02:41:46 ip-172-31-21-130 sshd[2130]: Connection closed by 45.169.52.157 port 54182
Aug 21 02:43:12 ip-172-31-21-130 amazon-ssm-agent.amazon-ssm-agent[573]: 2026-08-21 02:43:12.8167 WARN EC2RoleProvider Failed to connect to Systems Manager with instance profile role credentials. Err: retrieved credentials failed to report to ssm. Error: EC2RoleRequestError: no EC2 instance role found
Aug 21 02:43:12 ip-172-31-21-130 amazon-ssm-agent.amazon-ssm-agent[573]: caused by: EC2MetadataError: failed to make EC2Metadata request
Aug 21 02:43:12 ip-172-31-21-130 amazon-ssm-agent.amazon-ssm-agent[573]: <?xml version="1.0" encoding="iso-8859-1"?>
Aug 21 02:43:12 ip-172-31-21-130 amazon-ssm-agent.amazon-ssm-agent[573]: <!DOCTYPE html PUBLIC "-//W3C//DTD XHTML 1.0 Transitional//EN"
Aug 21 02:43:12 ip-172-31-21-130 amazon-ssm-agent.amazon-ssm-agent[573]:                  "http://www.w3.org/TR/xhtml1/DTD/xhtml1-transitional.dtd">
Aug 21 02:43:12 ip-172-31-21-130 amazon-ssm-agent.amazon-ssm-agent[573]: <html xmlns="http://www.w3.org/1999/xhtml" xml:lang="en" lang="en">
Aug 21 02:43:12 ip-172-31-21-130 amazon-ssm-agent.amazon-ssm-agent[573]:  <head>
Aug 21 02:43:12 ip-172-31-21-130 amazon-ssm-agent.amazon-ssm-agent[573]:   <title>404 - Not Found</title>
Aug 21 02:43:12 ip-172-31-21-130 amazon-ssm-agent.amazon-ssm-agent[573]:  </head>
Aug 21 02:43:12 ip-172-31-21-130 amazon-ssm-agent.amazon-ssm-agent[573]:  <body>
Aug 21 02:43:12 ip-172-31-21-130 amazon-ssm-agent.amazon-ssm-agent[573]:   <h1>404 - Not Found</h1>
Aug 21 02:43:12 ip-172-31-21-130 amazon-ssm-agent.amazon-ssm-agent[573]:  </body>
Aug 21 02:43:12 ip-172-31-21-130 amazon-ssm-agent.amazon-ssm-agent[573]: </html>
Aug 21 02:43:12 ip-172-31-21-130 amazon-ssm-agent.amazon-ssm-agent[573]:         status code: 404, request id:
Aug 21 02:43:12 ip-172-31-21-130 amazon-ssm-agent.amazon-ssm-agent[573]: 2026-08-21 02:43:12.8600 ERROR EC2RoleProvider Failed to connect to Systems Manager with SSM role credentials. error calling RequestManagedInstanceRoleToken: AccessDeniedException: Systems Manager's instance management role is not configured for account: 756418066642
Aug 21 02:43:12 ip-172-31-21-130 amazon-ssm-agent.amazon-ssm-agent[573]:         status code: 400, request id: 2f8a54d0-4716-4694-aa3a-74f1daf13753
Aug 21 02:45:01 ip-172-31-21-130 CRON[2134]: pam_unix(cron:session): session opened for user root(uid=0) by root(uid=0)
Aug 21 02:45:01 ip-172-31-21-130 CRON[2135]: (root) CMD (command -v debian-sa1 > /dev/null && debian-sa1 1 1)
Aug 21 02:45:01 ip-172-31-21-130 CRON[2134]: pam_unix(cron:session): session closed for user root
Aug 21 02:45:22 ip-172-31-21-130 systemd[1]: fwupd.service: Deactivated successfully.
Aug 21 02:50:21 ip-172-31-21-130 systemd[1]: Starting sysstat-collect.service - system activity accounting tool...
Aug 21 02:50:21 ip-172-31-21-130 systemd[1]: sysstat-collect.service: Deactivated successfully.
Aug 21 02:50:21 ip-172-31-21-130 systemd[1]: Finished sysstat-collect.service - system activity accounting tool.
Aug 21 02:55:01 ip-172-31-21-130 CRON[2149]: pam_unix(cron:session): session opened for user root(uid=0) by root(uid=0)
Aug 21 02:55:01 ip-172-31-21-130 CRON[2150]: (root) CMD (command -v debian-sa1 > /dev/null && debian-sa1 1 1)
Aug 21 02:55:01 ip-172-31-21-130 CRON[2149]: pam_unix(cron:session): session closed for user root
Aug 21 03:00:01 ip-172-31-21-130 systemd[1]: Starting sysstat-collect.service - system activity accounting tool...
Aug 21 03:00:01 ip-172-31-21-130 systemd[1]: sysstat-collect.service: Deactivated successfully.
Aug 21 03:00:01 ip-172-31-21-130 systemd[1]: Finished sysstat-collect.service - system activity accounting tool.
Aug 21 03:05:01 ip-172-31-21-130 CRON[2161]: pam_unix(cron:session): session opened for user root(uid=0) by root(uid=0)
Aug 21 03:05:01 ip-172-31-21-130 CRON[2162]: (root) CMD (command -v debian-sa1 > /dev/null && debian-sa1 1 1)
Aug 21 03:05:01 ip-172-31-21-130 CRON[2161]: pam_unix(cron:session): session closed for user root
Aug 21 03:08:24 ip-172-31-21-130 amazon-ssm-agent.amazon-ssm-agent[573]: 2026-08-21 03:08:24.8616 WARN EC2RoleProvider Failed to connect to Systems Manager with instance profile role credentials. Err: retrieved credentials failed to report to ssm. Error: EC2RoleRequestError: no EC2 instance role found
Aug 21 03:08:24 ip-172-31-21-130 amazon-ssm-agent.amazon-ssm-agent[573]: caused by: EC2MetadataError: failed to make EC2Metadata request
Aug 21 03:08:24 ip-172-31-21-130 amazon-ssm-agent.amazon-ssm-agent[573]: <?xml version="1.0" encoding="iso-8859-1"?>
Aug 21 03:08:24 ip-172-31-21-130 amazon-ssm-agent.amazon-ssm-agent[573]: <!DOCTYPE html PUBLIC "-//W3C//DTD XHTML 1.0 Transitional//EN"
Aug 21 03:08:24 ip-172-31-21-130 amazon-ssm-agent.amazon-ssm-agent[573]:                  "http://www.w3.org/TR/xhtml1/DTD/xhtml1-transitional.dtd">
Aug 21 03:08:24 ip-172-31-21-130 amazon-ssm-agent.amazon-ssm-agent[573]: <html xmlns="http://www.w3.org/1999/xhtml" xml:lang="en" lang="en">
Aug 21 03:08:24 ip-172-31-21-130 amazon-ssm-agent.amazon-ssm-agent[573]:  <head>
Aug 21 03:08:24 ip-172-31-21-130 amazon-ssm-agent.amazon-ssm-agent[573]:   <title>404 - Not Found</title>
Aug 21 03:08:24 ip-172-31-21-130 amazon-ssm-agent.amazon-ssm-agent[573]:  </head>
Aug 21 03:08:24 ip-172-31-21-130 amazon-ssm-agent.amazon-ssm-agent[573]:  <body>
Aug 21 03:08:24 ip-172-31-21-130 amazon-ssm-agent.amazon-ssm-agent[573]:   <h1>404 - Not Found</h1>
Aug 21 03:08:24 ip-172-31-21-130 amazon-ssm-agent.amazon-ssm-agent[573]:  </body>
Aug 21 03:08:24 ip-172-31-21-130 amazon-ssm-agent.amazon-ssm-agent[573]: </html>
Aug 21 03:08:24 ip-172-31-21-130 amazon-ssm-agent.amazon-ssm-agent[573]:         status code: 404, request id:
Aug 21 03:08:24 ip-172-31-21-130 amazon-ssm-agent.amazon-ssm-agent[573]: 2026-08-21 03:08:24.9070 ERROR EC2RoleProvider Failed to connect to Systems Manager with SSM role credentials. error calling RequestManagedInstanceRoleToken: AccessDeniedException: Systems Manager's instance management role is not configured for account: 756418066642
Aug 21 03:08:24 ip-172-31-21-130 amazon-ssm-agent.amazon-ssm-agent[573]:         status code: 400, request id: 23162ff5-3e84-4297-af7a-1eab2c634e95
Aug 21 03:10:01 ip-172-31-21-130 CRON[2164]: pam_unix(cron:session): session opened for user root(uid=0) by root(uid=0)
Aug 21 03:10:01 ip-172-31-21-130 CRON[2166]: (root) CMD (test -e /run/systemd/system || SERVICE_MODE=1 /sbin/e2scrub_all -A -r)
Aug 21 03:10:01 ip-172-31-21-130 CRON[2164]: pam_unix(cron:session): session closed for user root
Aug 21 03:10:21 ip-172-31-21-130 systemd[1]: Starting sysstat-collect.service - system activity accounting tool...
Aug 21 03:10:21 ip-172-31-21-130 systemd[1]: sysstat-collect.service: Deactivated successfully.
Aug 21 03:10:21 ip-172-31-21-130 systemd[1]: Finished sysstat-collect.service - system activity accounting tool.
Aug 21 03:15:01 ip-172-31-21-130 CRON[2173]: pam_unix(cron:session): session opened for user root(uid=0) by root(uid=0)
Aug 21 03:15:01 ip-172-31-21-130 CRON[2175]: (root) CMD (command -v debian-sa1 > /dev/null && debian-sa1 1 1)
Aug 21 03:15:01 ip-172-31-21-130 CRON[2173]: pam_unix(cron:session): session closed for user root
Aug 21 03:17:01 ip-172-31-21-130 CRON[2179]: pam_unix(cron:session): session opened for user root(uid=0) by root(uid=0)
Aug 21 03:17:01 ip-172-31-21-130 CRON[2180]: (root) CMD (cd / && run-parts --report /etc/cron.hourly)
Aug 21 03:17:01 ip-172-31-21-130 CRON[2179]: pam_unix(cron:session): session closed for user root
Aug 21 03:18:04 ip-172-31-21-130 sshd[2182]: Connection closed by 46.128.50.101 port 64806
Aug 21 03:18:21 ip-172-31-21-130 systemd[1]: Starting fwupd-refresh.service - Refresh fwupd metadata and update motd...
Aug 21 03:18:22 ip-172-31-21-130 dbus-daemon[561]: [system] Activating via systemd: service name='org.freedesktop.fwupd' unit='fwupd.service' requested by ':1.45' (uid=990 pid=2183 comm="/usr/bin/fwupdmgr refresh" label="unconfined")
Aug 21 03:18:22 ip-172-31-21-130 systemd[1]: Starting modprobe@sd_mod.service - Load Kernel Module sd_mod...
Aug 21 03:18:22 ip-172-31-21-130 systemd[1]: modprobe@sd_mod.service: Deactivated successfully.
Aug 21 03:18:22 ip-172-31-21-130 systemd[1]: Finished modprobe@sd_mod.service - Load Kernel Module sd_mod.
Aug 21 03:18:22 ip-172-31-21-130 systemd[1]: Starting fwupd.service - Firmware update daemon...
Aug 21 03:18:22 ip-172-31-21-130 fwupd[2190]: 03:18:22.242 FuMain               fwupd 2.0.20 ready for requests (locale C.UTF-8)
Aug 21 03:18:22 ip-172-31-21-130 dbus-daemon[561]: [system] Successfully activated service 'org.freedesktop.fwupd'
Aug 21 03:18:22 ip-172-31-21-130 systemd[1]: Started fwupd.service - Firmware update daemon.
Aug 21 03:18:22 ip-172-31-21-130 fwupd[2190]: 03:18:22.244 FuPluginLinuxSleep   could not open /sys/power/mem_sleep: Error opening file /sys/power/mem_sleep: No such file or directory
Aug 21 03:18:22 ip-172-31-21-130 systemd[1]: fwupd-refresh.service: Deactivated successfully.
Aug 21 03:18:22 ip-172-31-21-130 systemd[1]: Finished fwupd-refresh.service - Refresh fwupd metadata and update motd.
Aug 21 03:19:22 ip-172-31-21-130 sshd[2199]: Connection closed by 217.196.163.136 port 48690
Aug 21 03:19:35 ip-172-31-21-130 sshd[2200]: Connection closed by 217.196.163.136 port 58602
Aug 21 03:20:21 ip-172-31-21-130 systemd[1]: Starting sysstat-collect.service - system activity accounting tool...
Aug 21 03:20:21 ip-172-31-21-130 systemd[1]: sysstat-collect.service: Deactivated successfully.
Aug 21 03:20:21 ip-172-31-21-130 systemd[1]: Finished sysstat-collect.service - system activity accounting tool.
Aug 21 03:23:22 ip-172-31-21-130 systemd[1]: fwupd.service: Deactivated successfully.
Aug 21 03:24:30 ip-172-31-21-130 sshd[2210]: Connection closed by 46.128.50.101 port 64209
Aug 21 03:25:01 ip-172-31-21-130 CRON[2211]: pam_unix(cron:session): session opened for user root(uid=0) by root(uid=0)
Aug 21 03:25:01 ip-172-31-21-130 CRON[2212]: (root) CMD (command -v debian-sa1 > /dev/null && debian-sa1 1 1)
Aug 21 03:25:01 ip-172-31-21-130 CRON[2211]: pam_unix(cron:session): session closed for user root
Aug 21 03:29:27 ip-172-31-21-130 sshd[2217]: Connection closed by 192.162.35.104 port 50134
Aug 21 03:29:46 ip-172-31-21-130 sshd[2218]: Connection closed by 192.162.35.104 port 47418
Aug 21 03:30:21 ip-172-31-21-130 systemd[1]: Starting sysstat-collect.service - system activity accounting tool...
Aug 21 03:30:21 ip-172-31-21-130 systemd[1]: sysstat-collect.service: Deactivated successfully.
Aug 21 03:30:21 ip-172-31-21-130 systemd[1]: Finished sysstat-collect.service - system activity accounting tool.
Aug 21 03:33:21 ip-172-31-21-130 systemd[1]: Starting man-db.service - Daily man-db regeneration...
Aug 21 03:33:22 ip-172-31-21-130 systemd[1]: man-db.service: Deactivated successfully.
Aug 21 03:33:22 ip-172-31-21-130 systemd[1]: Finished man-db.service - Daily man-db regeneration.
Aug 21 03:35:01 ip-172-31-21-130 CRON[2234]: pam_unix(cron:session): session opened for user root(uid=0) by root(uid=0)
Aug 21 03:35:01 ip-172-31-21-130 CRON[2235]: (root) CMD (command -v debian-sa1 > /dev/null && debian-sa1 1 1)
Aug 21 03:35:01 ip-172-31-21-130 CRON[2234]: pam_unix(cron:session): session closed for user root
Aug 21 03:37:03 ip-172-31-21-130 amazon-ssm-agent.amazon-ssm-agent[573]: 2026-08-21 03:37:03.9994 WARN EC2RoleProvider Failed to connect to Systems Manager with instance profile role credentials. Err: retrieved credentials failed to report to ssm. Error: EC2RoleRequestError: no EC2 instance role found
Aug 21 03:37:03 ip-172-31-21-130 amazon-ssm-agent.amazon-ssm-agent[573]: caused by: EC2MetadataError: failed to make EC2Metadata request
Aug 21 03:37:03 ip-172-31-21-130 amazon-ssm-agent.amazon-ssm-agent[573]: <?xml version="1.0" encoding="iso-8859-1"?>
Aug 21 03:37:03 ip-172-31-21-130 amazon-ssm-agent.amazon-ssm-agent[573]: <!DOCTYPE html PUBLIC "-//W3C//DTD XHTML 1.0 Transitional//EN"
Aug 21 03:37:03 ip-172-31-21-130 amazon-ssm-agent.amazon-ssm-agent[573]:                  "http://www.w3.org/TR/xhtml1/DTD/xhtml1-transitional.dtd">
Aug 21 03:37:03 ip-172-31-21-130 amazon-ssm-agent.amazon-ssm-agent[573]: <html xmlns="http://www.w3.org/1999/xhtml" xml:lang="en" lang="en">
Aug 21 03:37:03 ip-172-31-21-130 amazon-ssm-agent.amazon-ssm-agent[573]:  <head>
Aug 21 03:37:03 ip-172-31-21-130 amazon-ssm-agent.amazon-ssm-agent[573]:   <title>404 - Not Found</title>
Aug 21 03:37:03 ip-172-31-21-130 amazon-ssm-agent.amazon-ssm-agent[573]:  </head>
Aug 21 03:37:03 ip-172-31-21-130 amazon-ssm-agent.amazon-ssm-agent[573]:  <body>
Aug 21 03:37:03 ip-172-31-21-130 amazon-ssm-agent.amazon-ssm-agent[573]:   <h1>404 - Not Found</h1>
Aug 21 03:37:03 ip-172-31-21-130 amazon-ssm-agent.amazon-ssm-agent[573]:  </body>
Aug 21 03:37:03 ip-172-31-21-130 amazon-ssm-agent.amazon-ssm-agent[573]: </html>
Aug 21 03:37:03 ip-172-31-21-130 amazon-ssm-agent.amazon-ssm-agent[573]:         status code: 404, request id:
Aug 21 03:37:04 ip-172-31-21-130 amazon-ssm-agent.amazon-ssm-agent[573]: 2026-08-21 03:37:04.0349 ERROR EC2RoleProvider Failed to connect to Systems Manager with SSM role credentials. error calling RequestManagedInstanceRoleToken: AccessDeniedException: Systems Manager's instance management role is not configured for account: 756418066642
Aug 21 03:37:04 ip-172-31-21-130 amazon-ssm-agent.amazon-ssm-agent[573]:         status code: 400, request id: b5e0ba67-f7cc-4443-a2ac-3607ce4eaf5c
Aug 21 03:40:21 ip-172-31-21-130 systemd[1]: Starting sysstat-collect.service - system activity accounting tool...
Aug 21 03:40:21 ip-172-31-21-130 systemd[1]: sysstat-collect.service: Deactivated successfully.
Aug 21 03:40:21 ip-172-31-21-130 systemd[1]: Finished sysstat-collect.service - system activity accounting tool.
Aug 21 03:45:01 ip-172-31-21-130 CRON[2245]: pam_unix(cron:session): session opened for user root(uid=0) by root(uid=0)
Aug 21 03:45:01 ip-172-31-21-130 CRON[2246]: (root) CMD (command -v debian-sa1 > /dev/null && debian-sa1 1 1)
Aug 21 03:45:01 ip-172-31-21-130 CRON[2245]: pam_unix(cron:session): session closed for user root
Aug 21 03:50:21 ip-172-31-21-130 systemd[1]: Starting sysstat-collect.service - system activity accounting tool...
Aug 21 03:50:21 ip-172-31-21-130 systemd[1]: sysstat-collect.service: Deactivated successfully.
Aug 21 03:50:21 ip-172-31-21-130 systemd[1]: Finished sysstat-collect.service - system activity accounting tool.
Aug 21 03:55:01 ip-172-31-21-130 CRON[2256]: pam_unix(cron:session): session opened for user root(uid=0) by root(uid=0)
Aug 21 03:55:01 ip-172-31-21-130 CRON[2257]: (root) CMD (command -v debian-sa1 > /dev/null && debian-sa1 1 1)
Aug 21 03:55:01 ip-172-31-21-130 CRON[2256]: pam_unix(cron:session): session closed for user root
Aug 21 04:00:21 ip-172-31-21-130 systemd[1]: Starting sysstat-collect.service - system activity accounting tool...
Aug 21 04:00:21 ip-172-31-21-130 systemd[1]: sysstat-collect.service: Deactivated successfully.
Aug 21 04:00:21 ip-172-31-21-130 systemd[1]: Finished sysstat-collect.service - system activity accounting tool.
Aug 21 04:03:12 ip-172-31-21-130 amazon-ssm-agent.amazon-ssm-agent[573]: 2026-08-21 04:03:12.1362 WARN EC2RoleProvider Failed to connect to Systems Manager with instance profile role credentials. Err: retrieved credentials failed to report to ssm. Error: EC2RoleRequestError: no EC2 instance role found
Aug 21 04:03:12 ip-172-31-21-130 amazon-ssm-agent.amazon-ssm-agent[573]: caused by: EC2MetadataError: failed to make EC2Metadata request
Aug 21 04:03:12 ip-172-31-21-130 amazon-ssm-agent.amazon-ssm-agent[573]: <?xml version="1.0" encoding="iso-8859-1"?>
Aug 21 04:03:12 ip-172-31-21-130 amazon-ssm-agent.amazon-ssm-agent[573]: <!DOCTYPE html PUBLIC "-//W3C//DTD XHTML 1.0 Transitional//EN"
Aug 21 04:03:12 ip-172-31-21-130 amazon-ssm-agent.amazon-ssm-agent[573]:                  "http://www.w3.org/TR/xhtml1/DTD/xhtml1-transitional.dtd">
Aug 21 04:03:12 ip-172-31-21-130 amazon-ssm-agent.amazon-ssm-agent[573]: <html xmlns="http://www.w3.org/1999/xhtml" xml:lang="en" lang="en">
Aug 21 04:03:12 ip-172-31-21-130 amazon-ssm-agent.amazon-ssm-agent[573]:  <head>
Aug 21 04:03:12 ip-172-31-21-130 amazon-ssm-agent.amazon-ssm-agent[573]:   <title>404 - Not Found</title>
Aug 21 04:03:12 ip-172-31-21-130 amazon-ssm-agent.amazon-ssm-agent[573]:  </head>
Aug 21 04:03:12 ip-172-31-21-130 amazon-ssm-agent.amazon-ssm-agent[573]:  <body>
Aug 21 04:03:12 ip-172-31-21-130 amazon-ssm-agent.amazon-ssm-agent[573]:   <h1>404 - Not Found</h1>
Aug 21 04:03:12 ip-172-31-21-130 amazon-ssm-agent.amazon-ssm-agent[573]:  </body>
Aug 21 04:03:12 ip-172-31-21-130 amazon-ssm-agent.amazon-ssm-agent[573]: </html>
Aug 21 04:03:12 ip-172-31-21-130 amazon-ssm-agent.amazon-ssm-agent[573]:         status code: 404, request id:
Aug 21 04:03:12 ip-172-31-21-130 amazon-ssm-agent.amazon-ssm-agent[573]: 2026-08-21 04:03:12.1681 ERROR EC2RoleProvider Failed to connect to Systems Manager with SSM role credentials. error calling RequestManagedInstanceRoleToken: AccessDeniedException: Systems Manager's instance management role is not configured for account: 756418066642
Aug 21 04:03:12 ip-172-31-21-130 amazon-ssm-agent.amazon-ssm-agent[573]:         status code: 400, request id: b76feeb8-bf6b-49ef-bf09-174e644e5ff8
Aug 21 04:05:01 ip-172-31-21-130 CRON[2266]: pam_unix(cron:session): session opened for user root(uid=0) by root(uid=0)
Aug 21 04:05:01 ip-172-31-21-130 CRON[2267]: (root) CMD (command -v debian-sa1 > /dev/null && debian-sa1 1 1)
Aug 21 04:05:01 ip-172-31-21-130 CRON[2266]: pam_unix(cron:session): session closed for user root
Aug 21 04:10:21 ip-172-31-21-130 systemd[1]: Starting sysstat-collect.service - system activity accounting tool...
Aug 21 04:10:21 ip-172-31-21-130 systemd[1]: sysstat-collect.service: Deactivated successfully.
Aug 21 04:10:21 ip-172-31-21-130 systemd[1]: Finished sysstat-collect.service - system activity accounting tool.
Aug 21 04:15:01 ip-172-31-21-130 CRON[2277]: pam_unix(cron:session): session opened for user root(uid=0) by root(uid=0)
Aug 21 04:15:01 ip-172-31-21-130 CRON[2278]: (root) CMD (command -v debian-sa1 > /dev/null && debian-sa1 1 1)
Aug 21 04:15:01 ip-172-31-21-130 CRON[2277]: pam_unix(cron:session): session closed for user root
Aug 21 04:17:01 ip-172-31-21-130 CRON[2283]: pam_unix(cron:session): session opened for user root(uid=0) by root(uid=0)
Aug 21 04:17:01 ip-172-31-21-130 CRON[2284]: (root) CMD (cd / && run-parts --report /etc/cron.hourly)
Aug 21 04:17:01 ip-172-31-21-130 CRON[2283]: pam_unix(cron:session): session closed for user root
Aug 21 04:20:21 ip-172-31-21-130 systemd[1]: Starting sysstat-collect.service - system activity accounting tool...
Aug 21 04:20:21 ip-172-31-21-130 systemd[1]: sysstat-collect.service: Deactivated successfully.
Aug 21 04:20:21 ip-172-31-21-130 systemd[1]: Finished sysstat-collect.service - system activity accounting tool.
Aug 21 04:21:11 ip-172-31-21-130 sshd[2289]: Connection reset by 147.185.132.168 port 59070 [preauth]
Aug 21 04:23:46 ip-172-31-21-130 sshd[2294]: Connection closed by 179.43.100.210 port 41928
Aug 21 04:24:30 ip-172-31-21-130 sshd[2295]: Connection closed by 103.129.210.34 port 42502
Aug 21 04:24:32 ip-172-31-21-130 sshd[2296]: Connection closed by 103.129.210.34 port 43004
Aug 21 04:25:01 ip-172-31-21-130 CRON[2297]: pam_unix(cron:session): session opened for user root(uid=0) by root(uid=0)
Aug 21 04:25:01 ip-172-31-21-130 CRON[2298]: (root) CMD (command -v debian-sa1 > /dev/null && debian-sa1 1 1)
Aug 21 04:25:01 ip-172-31-21-130 CRON[2297]: pam_unix(cron:session): session closed for user root
Aug 21 04:25:28 ip-172-31-21-130 sshd[2300]: Connection closed by 179.43.100.210 port 49798
Aug 21 04:29:51 ip-172-31-21-130 amazon-ssm-agent.amazon-ssm-agent[573]: 2026-08-21 04:29:51.2650 WARN EC2RoleProvider Failed to connect to Systems Manager with instance profile role credentials. Err: retrieved credentials failed to report to ssm. Error: EC2RoleRequestError: no EC2 instance role found
Aug 21 04:29:51 ip-172-31-21-130 amazon-ssm-agent.amazon-ssm-agent[573]: caused by: EC2MetadataError: failed to make EC2Metadata request
Aug 21 04:29:51 ip-172-31-21-130 amazon-ssm-agent.amazon-ssm-agent[573]: <?xml version="1.0" encoding="iso-8859-1"?>
Aug 21 04:29:51 ip-172-31-21-130 amazon-ssm-agent.amazon-ssm-agent[573]: <!DOCTYPE html PUBLIC "-//W3C//DTD XHTML 1.0 Transitional//EN"
Aug 21 04:29:51 ip-172-31-21-130 amazon-ssm-agent.amazon-ssm-agent[573]:                  "http://www.w3.org/TR/xhtml1/DTD/xhtml1-transitional.dtd">
Aug 21 04:29:51 ip-172-31-21-130 amazon-ssm-agent.amazon-ssm-agent[573]: <html xmlns="http://www.w3.org/1999/xhtml" xml:lang="en" lang="en">
Aug 21 04:29:51 ip-172-31-21-130 amazon-ssm-agent.amazon-ssm-agent[573]:  <head>
Aug 21 04:29:51 ip-172-31-21-130 amazon-ssm-agent.amazon-ssm-agent[573]:   <title>404 - Not Found</title>
Aug 21 04:29:51 ip-172-31-21-130 amazon-ssm-agent.amazon-ssm-agent[573]:  </head>
Aug 21 04:29:51 ip-172-31-21-130 amazon-ssm-agent.amazon-ssm-agent[573]:  <body>
Aug 21 04:29:51 ip-172-31-21-130 amazon-ssm-agent.amazon-ssm-agent[573]:   <h1>404 - Not Found</h1>
Aug 21 04:29:51 ip-172-31-21-130 amazon-ssm-agent.amazon-ssm-agent[573]:  </body>
Aug 21 04:29:51 ip-172-31-21-130 amazon-ssm-agent.amazon-ssm-agent[573]: </html>
Aug 21 04:29:51 ip-172-31-21-130 amazon-ssm-agent.amazon-ssm-agent[573]:         status code: 404, request id:
Aug 21 04:29:51 ip-172-31-21-130 amazon-ssm-agent.amazon-ssm-agent[573]: 2026-08-21 04:29:51.3112 ERROR EC2RoleProvider Failed to connect to Systems Manager with SSM role credentials. error calling RequestManagedInstanceRoleToken: AccessDeniedException: Systems Manager's instance management role is not configured for account: 756418066642
Aug 21 04:29:51 ip-172-31-21-130 amazon-ssm-agent.amazon-ssm-agent[573]:         status code: 400, request id: f8ffee0f-5756-41ee-8cbe-6d31474f401c
Aug 21 04:30:21 ip-172-31-21-130 systemd[1]: Starting sysstat-collect.service - system activity accounting tool...
Aug 21 04:30:21 ip-172-31-21-130 systemd[1]: sysstat-collect.service: Deactivated successfully.
Aug 21 04:30:21 ip-172-31-21-130 systemd[1]: Finished sysstat-collect.service - system activity accounting tool.
Aug 21 04:32:42 ip-172-31-21-130 sshd[2308]: Connection closed by 31.163.55.180 port 34288
Aug 21 04:33:19 ip-172-31-21-130 sshd[2310]: Connection closed by 31.163.55.180 port 47766
Aug 21 04:35:01 ip-172-31-21-130 CRON[2312]: pam_unix(cron:session): session opened for user root(uid=0) by root(uid=0)
Aug 21 04:35:01 ip-172-31-21-130 CRON[2313]: (root) CMD (command -v debian-sa1 > /dev/null && debian-sa1 1 1)
Aug 21 04:35:01 ip-172-31-21-130 CRON[2312]: pam_unix(cron:session): session closed for user root
Aug 21 04:39:55 ip-172-31-21-130 sshd[2317]: Connection closed by 103.116.58.209 port 6990
Aug 21 04:39:59 ip-172-31-21-130 systemd[1]: Starting fwupd-refresh.service - Refresh fwupd metadata and update motd...
Aug 21 04:39:59 ip-172-31-21-130 dbus-daemon[561]: [system] Activating via systemd: service name='org.freedesktop.fwupd' unit='fwupd.service' requested by ':1.48' (uid=990 pid=2318 comm="/usr/bin/fwupdmgr refresh" label="unconfined")
Aug 21 04:39:59 ip-172-31-21-130 systemd[1]: Starting modprobe@sd_mod.service - Load Kernel Module sd_mod...
Aug 21 04:39:59 ip-172-31-21-130 systemd[1]: modprobe@sd_mod.service: Deactivated successfully.
Aug 21 04:39:59 ip-172-31-21-130 systemd[1]: Finished modprobe@sd_mod.service - Load Kernel Module sd_mod.
Aug 21 04:39:59 ip-172-31-21-130 systemd[1]: Starting fwupd.service - Firmware update daemon...
Aug 21 04:39:59 ip-172-31-21-130 fwupd[2325]: 04:39:59.460 FuMain               fwupd 2.0.20 ready for requests (locale C.UTF-8)
Aug 21 04:39:59 ip-172-31-21-130 dbus-daemon[561]: [system] Successfully activated service 'org.freedesktop.fwupd'
Aug 21 04:39:59 ip-172-31-21-130 systemd[1]: Started fwupd.service - Firmware update daemon.
Aug 21 04:39:59 ip-172-31-21-130 fwupd[2325]: 04:39:59.464 FuPluginLinuxSleep   could not open /sys/power/mem_sleep: Error opening file /sys/power/mem_sleep: No such file or directory
Aug 21 04:39:59 ip-172-31-21-130 systemd[1]: fwupd-refresh.service: Deactivated successfully.
Aug 21 04:39:59 ip-172-31-21-130 systemd[1]: Finished fwupd-refresh.service - Refresh fwupd metadata and update motd.
Aug 21 04:40:08 ip-172-31-21-130 sshd[2335]: Connection closed by 103.116.58.209 port 3767
Aug 21 04:40:21 ip-172-31-21-130 systemd[1]: Starting sysstat-collect.service - system activity accounting tool...
Aug 21 04:40:21 ip-172-31-21-130 systemd[1]: sysstat-collect.service: Deactivated successfully.
Aug 21 04:40:21 ip-172-31-21-130 systemd[1]: Finished sysstat-collect.service - system activity accounting tool.
Aug 21 04:45:00 ip-172-31-21-130 systemd[1]: fwupd.service: Deactivated successfully.
Aug 21 04:45:01 ip-172-31-21-130 CRON[2344]: pam_unix(cron:session): session opened for user root(uid=0) by root(uid=0)
Aug 21 04:45:01 ip-172-31-21-130 CRON[2345]: (root) CMD (command -v debian-sa1 > /dev/null && debian-sa1 1 1)
Aug 21 04:45:01 ip-172-31-21-130 CRON[2344]: pam_unix(cron:session): session closed for user root
Aug 21 04:50:21 ip-172-31-21-130 systemd[1]: Starting sysstat-collect.service - system activity accounting tool...
Aug 21 04:50:21 ip-172-31-21-130 systemd[1]: sysstat-collect.service: Deactivated successfully.
Aug 21 04:50:21 ip-172-31-21-130 systemd[1]: Finished sysstat-collect.service - system activity accounting tool.
Aug 21 04:55:01 ip-172-31-21-130 CRON[2354]: pam_unix(cron:session): session opened for user root(uid=0) by root(uid=0)
Aug 21 04:55:01 ip-172-31-21-130 CRON[2355]: (root) CMD (command -v debian-sa1 > /dev/null && debian-sa1 1 1)
Aug 21 04:55:01 ip-172-31-21-130 CRON[2354]: pam_unix(cron:session): session closed for user root
Aug 21 04:56:25 ip-172-31-21-130 amazon-ssm-agent.amazon-ssm-agent[573]: 2026-08-21 04:56:25.4048 WARN EC2RoleProvider Failed to connect to Systems Manager with instance profile role credentials. Err: retrieved credentials failed to report to ssm. Error: EC2RoleRequestError: no EC2 instance role found
Aug 21 04:56:25 ip-172-31-21-130 amazon-ssm-agent.amazon-ssm-agent[573]: caused by: EC2MetadataError: failed to make EC2Metadata request
Aug 21 04:56:25 ip-172-31-21-130 amazon-ssm-agent.amazon-ssm-agent[573]: <?xml version="1.0" encoding="iso-8859-1"?>
Aug 21 04:56:25 ip-172-31-21-130 amazon-ssm-agent.amazon-ssm-agent[573]: <!DOCTYPE html PUBLIC "-//W3C//DTD XHTML 1.0 Transitional//EN"
Aug 21 04:56:25 ip-172-31-21-130 amazon-ssm-agent.amazon-ssm-agent[573]:                  "http://www.w3.org/TR/xhtml1/DTD/xhtml1-transitional.dtd">
Aug 21 04:56:25 ip-172-31-21-130 amazon-ssm-agent.amazon-ssm-agent[573]: <html xmlns="http://www.w3.org/1999/xhtml" xml:lang="en" lang="en">
Aug 21 04:56:25 ip-172-31-21-130 amazon-ssm-agent.amazon-ssm-agent[573]:  <head>
Aug 21 04:56:25 ip-172-31-21-130 amazon-ssm-agent.amazon-ssm-agent[573]:   <title>404 - Not Found</title>
Aug 21 04:56:25 ip-172-31-21-130 amazon-ssm-agent.amazon-ssm-agent[573]:  </head>
Aug 21 04:56:25 ip-172-31-21-130 amazon-ssm-agent.amazon-ssm-agent[573]:  <body>
Aug 21 04:56:25 ip-172-31-21-130 amazon-ssm-agent.amazon-ssm-agent[573]:   <h1>404 - Not Found</h1>
Aug 21 04:56:25 ip-172-31-21-130 amazon-ssm-agent.amazon-ssm-agent[573]:  </body>
Aug 21 04:56:25 ip-172-31-21-130 amazon-ssm-agent.amazon-ssm-agent[573]: </html>
Aug 21 04:56:25 ip-172-31-21-130 amazon-ssm-agent.amazon-ssm-agent[573]:         status code: 404, request id:
Aug 21 04:56:25 ip-172-31-21-130 amazon-ssm-agent.amazon-ssm-agent[573]: 2026-08-21 04:56:25.4410 ERROR EC2RoleProvider Failed to connect to Systems Manager with SSM role credentials. error calling RequestManagedInstanceRoleToken: AccessDeniedException: Systems Manager's instance management role is not configured for account: 756418066642
Aug 21 04:56:25 ip-172-31-21-130 amazon-ssm-agent.amazon-ssm-agent[573]:         status code: 400, request id: 1dfb934e-f114-485a-9298-c6ac9451aff9
Aug 21 05:00:21 ip-172-31-21-130 systemd[1]: Starting sysstat-collect.service - system activity accounting tool...
Aug 21 05:00:21 ip-172-31-21-130 systemd[1]: sysstat-collect.service: Deactivated successfully.
Aug 21 05:00:21 ip-172-31-21-130 systemd[1]: Finished sysstat-collect.service - system activity accounting tool.
Aug 21 05:02:29 ip-172-31-21-130 sshd[2365]: Connection closed by 38.250.214.138 port 37520
Aug 21 05:03:55 ip-172-31-21-130 sshd[2366]: Connection closed by 103.14.209.171 port 8300
Aug 21 05:05:01 ip-172-31-21-130 CRON[2368]: pam_unix(cron:session): session opened for user root(uid=0) by root(uid=0)
Aug 21 05:05:01 ip-172-31-21-130 CRON[2369]: (root) CMD (command -v debian-sa1 > /dev/null && debian-sa1 1 1)
Aug 21 05:05:01 ip-172-31-21-130 CRON[2368]: pam_unix(cron:session): session closed for user root
Aug 21 05:06:58 ip-172-31-21-130 sshd[2371]: Connection closed by 103.14.209.171 port 8301
Aug 21 05:10:21 ip-172-31-21-130 systemd[1]: Starting sysstat-collect.service - system activity accounting tool...
Aug 21 05:10:21 ip-172-31-21-130 systemd[1]: sysstat-collect.service: Deactivated successfully.
Aug 21 05:10:21 ip-172-31-21-130 systemd[1]: Finished sysstat-collect.service - system activity accounting tool.
Aug 21 05:15:01 ip-172-31-21-130 CRON[2378]: pam_unix(cron:session): session opened for user root(uid=0) by root(uid=0)
Aug 21 05:15:01 ip-172-31-21-130 CRON[2379]: (root) CMD (command -v debian-sa1 > /dev/null && debian-sa1 1 1)
Aug 21 05:15:01 ip-172-31-21-130 CRON[2378]: pam_unix(cron:session): session closed for user root
Aug 21 05:17:01 ip-172-31-21-130 CRON[2384]: pam_unix(cron:session): session opened for user root(uid=0) by root(uid=0)
Aug 21 05:17:01 ip-172-31-21-130 CRON[2385]: (root) CMD (cd / && run-parts --report /etc/cron.hourly)
Aug 21 05:17:01 ip-172-31-21-130 CRON[2384]: pam_unix(cron:session): session closed for user root
Aug 21 05:20:21 ip-172-31-21-130 systemd[1]: Starting sysstat-collect.service - system activity accounting tool...
Aug 21 05:20:21 ip-172-31-21-130 systemd[1]: sysstat-collect.service: Deactivated successfully.
Aug 21 05:20:21 ip-172-31-21-130 systemd[1]: Finished sysstat-collect.service - system activity accounting tool.
Aug 21 05:22:40 ip-172-31-21-130 amazon-ssm-agent.amazon-ssm-agent[573]: 2026-08-21 05:22:40.5422 WARN EC2RoleProvider Failed to connect to Systems Manager with instance profile role credentials. Err: retrieved credentials failed to report to ssm. Error: EC2RoleRequestError: no EC2 instance role found
Aug 21 05:22:40 ip-172-31-21-130 amazon-ssm-agent.amazon-ssm-agent[573]: caused by: EC2MetadataError: failed to make EC2Metadata request
Aug 21 05:22:40 ip-172-31-21-130 amazon-ssm-agent.amazon-ssm-agent[573]: <?xml version="1.0" encoding="iso-8859-1"?>
Aug 21 05:22:40 ip-172-31-21-130 amazon-ssm-agent.amazon-ssm-agent[573]: <!DOCTYPE html PUBLIC "-//W3C//DTD XHTML 1.0 Transitional//EN"
Aug 21 05:22:40 ip-172-31-21-130 amazon-ssm-agent.amazon-ssm-agent[573]:                  "http://www.w3.org/TR/xhtml1/DTD/xhtml1-transitional.dtd">
Aug 21 05:22:40 ip-172-31-21-130 amazon-ssm-agent.amazon-ssm-agent[573]: <html xmlns="http://www.w3.org/1999/xhtml" xml:lang="en" lang="en">
Aug 21 05:22:40 ip-172-31-21-130 amazon-ssm-agent.amazon-ssm-agent[573]:  <head>
Aug 21 05:22:40 ip-172-31-21-130 amazon-ssm-agent.amazon-ssm-agent[573]:   <title>404 - Not Found</title>
Aug 21 05:22:40 ip-172-31-21-130 amazon-ssm-agent.amazon-ssm-agent[573]:  </head>
Aug 21 05:22:40 ip-172-31-21-130 amazon-ssm-agent.amazon-ssm-agent[573]:  <body>
Aug 21 05:22:40 ip-172-31-21-130 amazon-ssm-agent.amazon-ssm-agent[573]:   <h1>404 - Not Found</h1>
Aug 21 05:22:40 ip-172-31-21-130 amazon-ssm-agent.amazon-ssm-agent[573]:  </body>
Aug 21 05:22:40 ip-172-31-21-130 amazon-ssm-agent.amazon-ssm-agent[573]: </html>
Aug 21 05:22:40 ip-172-31-21-130 amazon-ssm-agent.amazon-ssm-agent[573]:         status code: 404, request id:
Aug 21 05:22:40 ip-172-31-21-130 amazon-ssm-agent.amazon-ssm-agent[573]: 2026-08-21 05:22:40.5829 ERROR EC2RoleProvider Failed to connect to Systems Manager with SSM role credentials. error calling RequestManagedInstanceRoleToken: AccessDeniedException: Systems Manager's instance management role is not configured for account: 756418066642
Aug 21 05:22:40 ip-172-31-21-130 amazon-ssm-agent.amazon-ssm-agent[573]:         status code: 400, request id: 51558f49-f7b1-42fd-8091-464e345c0ea3
Aug 21 05:25:01 ip-172-31-21-130 CRON[2394]: pam_unix(cron:session): session opened for user root(uid=0) by root(uid=0)
Aug 21 05:25:01 ip-172-31-21-130 CRON[2395]: (root) CMD (command -v debian-sa1 > /dev/null && debian-sa1 1 1)
Aug 21 05:25:01 ip-172-31-21-130 CRON[2394]: pam_unix(cron:session): session closed for user root
Aug 21 05:26:23 ip-172-31-21-130 sshd[2398]: Connection closed by 125.27.11.54 port 39208
Aug 21 05:29:51 ip-172-31-21-130 sshd[2402]: Connection closed by 181.117.161.66 port 56362
Aug 21 05:30:17 ip-172-31-21-130 sshd[2403]: Connection closed by 181.117.161.66 port 38422
Aug 21 05:30:21 ip-172-31-21-130 systemd[1]: Starting sysstat-collect.service - system activity accounting tool...
Aug 21 05:30:21 ip-172-31-21-130 systemd[1]: sysstat-collect.service: Deactivated successfully.
Aug 21 05:30:21 ip-172-31-21-130 systemd[1]: Finished sysstat-collect.service - system activity accounting tool.
Aug 21 05:35:01 ip-172-31-21-130 CRON[2410]: pam_unix(cron:session): session opened for user root(uid=0) by root(uid=0)
Aug 21 05:35:01 ip-172-31-21-130 CRON[2411]: (root) CMD (command -v debian-sa1 > /dev/null && debian-sa1 1 1)
Aug 21 05:35:01 ip-172-31-21-130 CRON[2410]: pam_unix(cron:session): session closed for user root
Aug 21 05:37:29 ip-172-31-21-130 systemd[1]: Starting fwupd-refresh.service - Refresh fwupd metadata and update motd...
Aug 21 05:37:29 ip-172-31-21-130 dbus-daemon[561]: [system] Activating via systemd: service name='org.freedesktop.fwupd' unit='fwupd.service' requested by ':1.51' (uid=990 pid=2413 comm="/usr/bin/fwupdmgr refresh" label="unconfined")
Aug 21 05:37:29 ip-172-31-21-130 systemd[1]: Starting modprobe@sd_mod.service - Load Kernel Module sd_mod...
Aug 21 05:37:29 ip-172-31-21-130 systemd[1]: modprobe@sd_mod.service: Deactivated successfully.
Aug 21 05:37:29 ip-172-31-21-130 systemd[1]: Finished modprobe@sd_mod.service - Load Kernel Module sd_mod.
Aug 21 05:37:29 ip-172-31-21-130 systemd[1]: Starting fwupd.service - Firmware update daemon...
Aug 21 05:37:29 ip-172-31-21-130 fwupd[2420]: 05:37:29.468 FuMain               fwupd 2.0.20 ready for requests (locale C.UTF-8)
Aug 21 05:37:29 ip-172-31-21-130 dbus-daemon[561]: [system] Successfully activated service 'org.freedesktop.fwupd'
Aug 21 05:37:29 ip-172-31-21-130 systemd[1]: Started fwupd.service - Firmware update daemon.
Aug 21 05:37:29 ip-172-31-21-130 fwupd[2420]: 05:37:29.472 FuPluginLinuxSleep   could not open /sys/power/mem_sleep: Error opening file /sys/power/mem_sleep: No such file or directory
Aug 21 05:37:29 ip-172-31-21-130 systemd[1]: fwupd-refresh.service: Deactivated successfully.
Aug 21 05:37:29 ip-172-31-21-130 systemd[1]: Finished fwupd-refresh.service - Refresh fwupd metadata and update motd.
Aug 21 05:40:21 ip-172-31-21-130 systemd[1]: Starting sysstat-collect.service - system activity accounting tool...
Aug 21 05:40:21 ip-172-31-21-130 systemd[1]: sysstat-collect.service: Deactivated successfully.
Aug 21 05:40:21 ip-172-31-21-130 systemd[1]: Finished sysstat-collect.service - system activity accounting tool.
Aug 21 05:42:30 ip-172-31-21-130 systemd[1]: fwupd.service: Deactivated successfully.
Aug 21 05:45:01 ip-172-31-21-130 CRON[2439]: pam_unix(cron:session): session opened for user root(uid=0) by root(uid=0)
Aug 21 05:45:01 ip-172-31-21-130 CRON[2440]: (root) CMD (command -v debian-sa1 > /dev/null && debian-sa1 1 1)
Aug 21 05:45:01 ip-172-31-21-130 CRON[2439]: pam_unix(cron:session): session closed for user root
Aug 21 05:48:12 ip-172-31-21-130 amazon-ssm-agent.amazon-ssm-agent[573]: 2026-08-21 05:48:12.5845 WARN EC2RoleProvider Failed to connect to Systems Manager with instance profile role credentials. Err: retrieved credentials failed to report to ssm. Error: EC2RoleRequestError: no EC2 instance role found
Aug 21 05:48:12 ip-172-31-21-130 amazon-ssm-agent.amazon-ssm-agent[573]: caused by: EC2MetadataError: failed to make EC2Metadata request
Aug 21 05:48:12 ip-172-31-21-130 amazon-ssm-agent.amazon-ssm-agent[573]: <?xml version="1.0" encoding="iso-8859-1"?>
Aug 21 05:48:12 ip-172-31-21-130 amazon-ssm-agent.amazon-ssm-agent[573]: <!DOCTYPE html PUBLIC "-//W3C//DTD XHTML 1.0 Transitional//EN"
Aug 21 05:48:12 ip-172-31-21-130 amazon-ssm-agent.amazon-ssm-agent[573]:                  "http://www.w3.org/TR/xhtml1/DTD/xhtml1-transitional.dtd">
Aug 21 05:48:12 ip-172-31-21-130 amazon-ssm-agent.amazon-ssm-agent[573]: <html xmlns="http://www.w3.org/1999/xhtml" xml:lang="en" lang="en">
Aug 21 05:48:12 ip-172-31-21-130 amazon-ssm-agent.amazon-ssm-agent[573]:  <head>
Aug 21 05:48:12 ip-172-31-21-130 amazon-ssm-agent.amazon-ssm-agent[573]:   <title>404 - Not Found</title>
Aug 21 05:48:12 ip-172-31-21-130 amazon-ssm-agent.amazon-ssm-agent[573]:  </head>
Aug 21 05:48:12 ip-172-31-21-130 amazon-ssm-agent.amazon-ssm-agent[573]:  <body>
Aug 21 05:48:12 ip-172-31-21-130 amazon-ssm-agent.amazon-ssm-agent[573]:   <h1>404 - Not Found</h1>
Aug 21 05:48:12 ip-172-31-21-130 amazon-ssm-agent.amazon-ssm-agent[573]:  </body>
Aug 21 05:48:12 ip-172-31-21-130 amazon-ssm-agent.amazon-ssm-agent[573]: </html>
Aug 21 05:48:12 ip-172-31-21-130 amazon-ssm-agent.amazon-ssm-agent[573]:         status code: 404, request id:
Aug 21 05:48:12 ip-172-31-21-130 amazon-ssm-agent.amazon-ssm-agent[573]: 2026-08-21 05:48:12.6292 ERROR EC2RoleProvider Failed to connect to Systems Manager with SSM role credentials. error calling RequestManagedInstanceRoleToken: AccessDeniedException: Systems Manager's instance management role is not configured for account: 756418066642
Aug 21 05:48:12 ip-172-31-21-130 amazon-ssm-agent.amazon-ssm-agent[573]:         status code: 400, request id: 4c15704a-7b1d-47b2-bf16-e77d69fb1729
Aug 21 05:49:46 ip-172-31-21-130 sshd[2445]: Connection closed by 66.9.161.209 port 22971
Aug 21 05:50:21 ip-172-31-21-130 systemd[1]: Starting sysstat-collect.service - system activity accounting tool...
Aug 21 05:50:21 ip-172-31-21-130 systemd[1]: sysstat-collect.service: Deactivated successfully.
Aug 21 05:50:21 ip-172-31-21-130 systemd[1]: Finished sysstat-collect.service - system activity accounting tool.
Aug 21 05:55:01 ip-172-31-21-130 CRON[2452]: pam_unix(cron:session): session opened for user root(uid=0) by root(uid=0)
Aug 21 05:55:01 ip-172-31-21-130 CRON[2453]: (root) CMD (command -v debian-sa1 > /dev/null && debian-sa1 1 1)
Aug 21 05:55:01 ip-172-31-21-130 CRON[2452]: pam_unix(cron:session): session closed for user root
Aug 21 06:00:01 ip-172-31-21-130 systemd[1]: Starting sysstat-collect.service - system activity accounting tool...
Aug 21 06:00:01 ip-172-31-21-130 systemd[1]: sysstat-collect.service: Deactivated successfully.
Aug 21 06:00:01 ip-172-31-21-130 systemd[1]: Finished sysstat-collect.service - system activity accounting tool.
Aug 21 06:05:01 ip-172-31-21-130 CRON[2462]: pam_unix(cron:session): session opened for user root(uid=0) by root(uid=0)
Aug 21 06:05:01 ip-172-31-21-130 CRON[2463]: (root) CMD (command -v debian-sa1 > /dev/null && debian-sa1 1 1)
Aug 21 06:05:01 ip-172-31-21-130 CRON[2462]: pam_unix(cron:session): session closed for user root
Aug 21 06:10:21 ip-172-31-21-130 systemd[1]: Starting sysstat-collect.service - system activity accounting tool...
Aug 21 06:10:21 ip-172-31-21-130 systemd[1]: sysstat-collect.service: Deactivated successfully.
Aug 21 06:10:21 ip-172-31-21-130 systemd[1]: Finished sysstat-collect.service - system activity accounting tool.
Aug 21 06:14:01 ip-172-31-21-130 sshd[2473]: Connection closed by 39.45.118.211 port 56554
Aug 21 06:15:01 ip-172-31-21-130 CRON[2474]: pam_unix(cron:session): session opened for user root(uid=0) by root(uid=0)
Aug 21 06:15:01 ip-172-31-21-130 CRON[2475]: (root) CMD (command -v debian-sa1 > /dev/null && debian-sa1 1 1)
Aug 21 06:15:01 ip-172-31-21-130 CRON[2474]: pam_unix(cron:session): session closed for user root
Aug 21 06:16:38 ip-172-31-21-130 amazon-ssm-agent.amazon-ssm-agent[573]: 2026-08-21 06:16:38.6309 WARN EC2RoleProvider Failed to connect to Systems Manager with instance profile role credentials. Err: retrieved credentials failed to report to ssm. Error: EC2RoleRequestError: no EC2 instance role found
Aug 21 06:16:38 ip-172-31-21-130 amazon-ssm-agent.amazon-ssm-agent[573]: caused by: EC2MetadataError: failed to make EC2Metadata request
Aug 21 06:16:38 ip-172-31-21-130 amazon-ssm-agent.amazon-ssm-agent[573]: <?xml version="1.0" encoding="iso-8859-1"?>
Aug 21 06:16:38 ip-172-31-21-130 amazon-ssm-agent.amazon-ssm-agent[573]: <!DOCTYPE html PUBLIC "-//W3C//DTD XHTML 1.0 Transitional//EN"
Aug 21 06:16:38 ip-172-31-21-130 amazon-ssm-agent.amazon-ssm-agent[573]:                  "http://www.w3.org/TR/xhtml1/DTD/xhtml1-transitional.dtd">
Aug 21 06:16:38 ip-172-31-21-130 amazon-ssm-agent.amazon-ssm-agent[573]: <html xmlns="http://www.w3.org/1999/xhtml" xml:lang="en" lang="en">
Aug 21 06:16:38 ip-172-31-21-130 amazon-ssm-agent.amazon-ssm-agent[573]:  <head>
Aug 21 06:16:38 ip-172-31-21-130 amazon-ssm-agent.amazon-ssm-agent[573]:   <title>404 - Not Found</title>
Aug 21 06:16:38 ip-172-31-21-130 amazon-ssm-agent.amazon-ssm-agent[573]:  </head>
Aug 21 06:16:38 ip-172-31-21-130 amazon-ssm-agent.amazon-ssm-agent[573]:  <body>
Aug 21 06:16:38 ip-172-31-21-130 amazon-ssm-agent.amazon-ssm-agent[573]:   <h1>404 - Not Found</h1>
Aug 21 06:16:38 ip-172-31-21-130 amazon-ssm-agent.amazon-ssm-agent[573]:  </body>
Aug 21 06:16:38 ip-172-31-21-130 amazon-ssm-agent.amazon-ssm-agent[573]: </html>
Aug 21 06:16:38 ip-172-31-21-130 amazon-ssm-agent.amazon-ssm-agent[573]:         status code: 404, request id:
Aug 21 06:16:38 ip-172-31-21-130 amazon-ssm-agent.amazon-ssm-agent[573]: 2026-08-21 06:16:38.6828 ERROR EC2RoleProvider Failed to connect to Systems Manager with SSM role credentials. error calling RequestManagedInstanceRoleToken: AccessDeniedException: Systems Manager's instance management role is not configured for account: 756418066642
Aug 21 06:16:38 ip-172-31-21-130 amazon-ssm-agent.amazon-ssm-agent[573]:         status code: 400, request id: 272801fd-2466-4f75-8396-3fe2de40044a
Aug 21 06:17:01 ip-172-31-21-130 CRON[2479]: pam_unix(cron:session): session opened for user root(uid=0) by root(uid=0)
Aug 21 06:17:01 ip-172-31-21-130 CRON[2480]: (root) CMD (cd / && run-parts --report /etc/cron.hourly)
Aug 21 06:17:01 ip-172-31-21-130 CRON[2479]: pam_unix(cron:session): session closed for user root
Aug 21 06:20:21 ip-172-31-21-130 systemd[1]: Starting sysstat-collect.service - system activity accounting tool...
Aug 21 06:20:21 ip-172-31-21-130 systemd[1]: sysstat-collect.service: Deactivated successfully.
Aug 21 06:20:21 ip-172-31-21-130 systemd[1]: Finished sysstat-collect.service - system activity accounting tool.
Aug 21 06:25:01 ip-172-31-21-130 CRON[2488]: pam_unix(cron:session): session opened for user root(uid=0) by root(uid=0)
Aug 21 06:25:01 ip-172-31-21-130 CRON[2489]: pam_unix(cron:session): session opened for user root(uid=0) by root(uid=0)
Aug 21 06:25:01 ip-172-31-21-130 CRON[2490]: (root) CMD (command -v debian-sa1 > /dev/null && debian-sa1 1 1)
Aug 21 06:25:01 ip-172-31-21-130 CRON[2491]: (root) CMD (test -x /usr/sbin/anacron || { cd / && run-parts --report /etc/cron.daily; })
Aug 21 06:25:01 ip-172-31-21-130 CRON[2489]: pam_unix(cron:session): session closed for user root
Aug 21 06:25:01 ip-172-31-21-130 CRON[2488]: pam_unix(cron:session): session closed for user root
Aug 21 06:30:01 ip-172-31-21-130 systemd[1]: Starting sysstat-collect.service - system activity accounting tool...
Aug 21 06:30:01 ip-172-31-21-130 systemd[1]: sysstat-collect.service: Deactivated successfully.
Aug 21 06:30:01 ip-172-31-21-130 systemd[1]: Finished sysstat-collect.service - system activity accounting tool.
Aug 21 06:35:01 ip-172-31-21-130 CRON[2510]: pam_unix(cron:session): session opened for user root(uid=0) by root(uid=0)
Aug 21 06:35:01 ip-172-31-21-130 CRON[2511]: (root) CMD (command -v debian-sa1 > /dev/null && debian-sa1 1 1)
Aug 21 06:35:01 ip-172-31-21-130 CRON[2510]: pam_unix(cron:session): session closed for user root
Aug 21 06:40:21 ip-172-31-21-130 systemd[1]: Starting sysstat-collect.service - system activity accounting tool...
Aug 21 06:40:21 ip-172-31-21-130 systemd[1]: sysstat-collect.service: Deactivated successfully.
Aug 21 06:40:21 ip-172-31-21-130 systemd[1]: Finished sysstat-collect.service - system activity accounting tool.
Aug 21 06:40:59 ip-172-31-21-130 sshd[2518]: Connection closed by 179.238.61.160 port 31725
Aug 21 06:42:24 ip-172-31-21-130 sshd[2519]: Connection closed by 179.238.61.160 port 29290
Aug 21 06:45:01 ip-172-31-21-130 CRON[2523]: pam_unix(cron:session): session opened for user root(uid=0) by root(uid=0)
Aug 21 06:45:01 ip-172-31-21-130 CRON[2524]: (root) CMD (command -v debian-sa1 > /dev/null && debian-sa1 1 1)
Aug 21 06:45:01 ip-172-31-21-130 CRON[2523]: pam_unix(cron:session): session closed for user root
Aug 21 06:45:50 ip-172-31-21-130 amazon-ssm-agent.amazon-ssm-agent[573]: 2026-08-21 06:45:50.7582 WARN EC2RoleProvider Failed to connect to Systems Manager with instance profile role credentials. Err: retrieved credentials failed to report to ssm. Error: EC2RoleRequestError: no EC2 instance role found
Aug 21 06:45:50 ip-172-31-21-130 amazon-ssm-agent.amazon-ssm-agent[573]: caused by: EC2MetadataError: failed to make EC2Metadata request
Aug 21 06:45:50 ip-172-31-21-130 amazon-ssm-agent.amazon-ssm-agent[573]: <?xml version="1.0" encoding="iso-8859-1"?>
Aug 21 06:45:50 ip-172-31-21-130 amazon-ssm-agent.amazon-ssm-agent[573]: <!DOCTYPE html PUBLIC "-//W3C//DTD XHTML 1.0 Transitional//EN"
Aug 21 06:45:50 ip-172-31-21-130 amazon-ssm-agent.amazon-ssm-agent[573]:                  "http://www.w3.org/TR/xhtml1/DTD/xhtml1-transitional.dtd">
Aug 21 06:45:50 ip-172-31-21-130 amazon-ssm-agent.amazon-ssm-agent[573]: <html xmlns="http://www.w3.org/1999/xhtml" xml:lang="en" lang="en">
Aug 21 06:45:50 ip-172-31-21-130 amazon-ssm-agent.amazon-ssm-agent[573]:  <head>
Aug 21 06:45:50 ip-172-31-21-130 amazon-ssm-agent.amazon-ssm-agent[573]:   <title>404 - Not Found</title>
Aug 21 06:45:50 ip-172-31-21-130 amazon-ssm-agent.amazon-ssm-agent[573]:  </head>
Aug 21 06:45:50 ip-172-31-21-130 amazon-ssm-agent.amazon-ssm-agent[573]:  <body>
Aug 21 06:45:50 ip-172-31-21-130 amazon-ssm-agent.amazon-ssm-agent[573]:   <h1>404 - Not Found</h1>
Aug 21 06:45:50 ip-172-31-21-130 amazon-ssm-agent.amazon-ssm-agent[573]:  </body>
Aug 21 06:45:50 ip-172-31-21-130 amazon-ssm-agent.amazon-ssm-agent[573]: </html>
Aug 21 06:45:50 ip-172-31-21-130 amazon-ssm-agent.amazon-ssm-agent[573]:         status code: 404, request id:
Aug 21 06:45:50 ip-172-31-21-130 amazon-ssm-agent.amazon-ssm-agent[573]: 2026-08-21 06:45:50.8021 ERROR EC2RoleProvider Failed to connect to Systems Manager with SSM role credentials. error calling RequestManagedInstanceRoleToken: AccessDeniedException: Systems Manager's instance management role is not configured for account: 756418066642
Aug 21 06:45:50 ip-172-31-21-130 amazon-ssm-agent.amazon-ssm-agent[573]:         status code: 400, request id: e9839349-c3ee-4aad-9ed5-7853cfaa0abe
Aug 21 06:47:29 ip-172-31-21-130 snapd[576]: storehelpers.go:919: cannot refresh: snap has no updates available: "amazon-ssm-agent", "core22", "snapd"
Aug 21 06:48:21 ip-172-31-21-130 systemd[1]: Starting apt-daily-upgrade.service - Daily apt upgrade and clean activities...
Aug 21 06:48:25 ip-172-31-21-130 apt.systemd.daily[2567]: /usr/bin/unattended-upgrade:567: DeprecationWarning: This process (pid=2567) is multi-threaded, use of fork() may lead to deadlocks in the child.
Aug 21 06:48:25 ip-172-31-21-130 apt.systemd.daily[2567]:   pid = os.fork()
Aug 21 06:48:29 ip-172-31-21-130 dbus-daemon[561]: [system] Activating via systemd: service name='org.freedesktop.PackageKit' unit='packagekit.service' requested by ':1.56' (uid=0 pid=2707 comm="/usr/bin/gdbus call --system --dest org.freedeskto" label="unconfined")
Aug 21 06:48:29 ip-172-31-21-130 systemd[1]: Starting packagekit.service - PackageKit Daemon...
Aug 21 06:48:29 ip-172-31-21-130 PackageKit[2711]: daemon start
Aug 21 06:48:29 ip-172-31-21-130 dbus-daemon[561]: [system] Successfully activated service 'org.freedesktop.PackageKit'
Aug 21 06:48:29 ip-172-31-21-130 systemd[1]: Started packagekit.service - PackageKit Daemon.
Aug 21 06:48:32 ip-172-31-21-130 systemd[1]: apt-daily-upgrade.service: Deactivated successfully.
Aug 21 06:48:32 ip-172-31-21-130 systemd[1]: Finished apt-daily-upgrade.service - Daily apt upgrade and clean activities.
Aug 21 06:48:32 ip-172-31-21-130 systemd[1]: apt-daily-upgrade.service: Consumed 7.986s CPU time.
Aug 21 06:50:21 ip-172-31-21-130 systemd[1]: Starting sysstat-collect.service - system activity accounting tool...
Aug 21 06:50:21 ip-172-31-21-130 systemd[1]: sysstat-collect.service: Deactivated successfully.
Aug 21 06:50:21 ip-172-31-21-130 systemd[1]: Finished sysstat-collect.service - system activity accounting tool.
Aug 21 06:53:34 ip-172-31-21-130 PackageKit[2711]: daemon quit
Aug 21 06:53:34 ip-172-31-21-130 systemd[1]: packagekit.service: Deactivated successfully.
Aug 21 06:53:41 ip-172-31-21-130 systemd[1]: Starting fwupd-refresh.service - Refresh fwupd metadata and update motd...
Aug 21 06:53:41 ip-172-31-21-130 dbus-daemon[561]: [system] Activating via systemd: service name='org.freedesktop.fwupd' unit='fwupd.service' requested by ':1.61' (uid=990 pid=2814 comm="/usr/bin/fwupdmgr refresh" label="unconfined")
Aug 21 06:53:41 ip-172-31-21-130 systemd[1]: Starting modprobe@sd_mod.service - Load Kernel Module sd_mod...
Aug 21 06:53:41 ip-172-31-21-130 systemd[1]: modprobe@sd_mod.service: Deactivated successfully.
Aug 21 06:53:41 ip-172-31-21-130 systemd[1]: Finished modprobe@sd_mod.service - Load Kernel Module sd_mod.
Aug 21 06:53:41 ip-172-31-21-130 systemd[1]: Starting fwupd.service - Firmware update daemon...
Aug 21 06:53:41 ip-172-31-21-130 fwupd[2821]: 06:53:41.332 FuMain               fwupd 2.0.20 ready for requests (locale C.UTF-8)
Aug 21 06:53:41 ip-172-31-21-130 dbus-daemon[561]: [system] Successfully activated service 'org.freedesktop.fwupd'
Aug 21 06:53:41 ip-172-31-21-130 systemd[1]: Started fwupd.service - Firmware update daemon.
Aug 21 06:53:41 ip-172-31-21-130 fwupd[2821]: 06:53:41.336 FuPluginLinuxSleep   could not open /sys/power/mem_sleep: Error opening file /sys/power/mem_sleep: No such file or directory
Aug 21 06:53:41 ip-172-31-21-130 systemd[1]: fwupd-refresh.service: Deactivated successfully.
Aug 21 06:53:41 ip-172-31-21-130 systemd[1]: Finished fwupd-refresh.service - Refresh fwupd metadata and update motd.
Aug 21 06:55:01 ip-172-31-21-130 CRON[2831]: pam_unix(cron:session): session opened for user root(uid=0) by root(uid=0)
Aug 21 06:55:01 ip-172-31-21-130 CRON[2832]: (root) CMD (command -v debian-sa1 > /dev/null && debian-sa1 1 1)
Aug 21 06:55:01 ip-172-31-21-130 CRON[2831]: pam_unix(cron:session): session closed for user root
Aug 21 06:58:42 ip-172-31-21-130 systemd[1]: fwupd.service: Deactivated successfully.
Aug 21 07:00:21 ip-172-31-21-130 systemd[1]: Starting sysstat-collect.service - system activity accounting tool...
Aug 21 07:00:21 ip-172-31-21-130 systemd[1]: sysstat-collect.service: Deactivated successfully.
Aug 21 07:00:21 ip-172-31-21-130 systemd[1]: Finished sysstat-collect.service - system activity accounting tool.
Aug 21 07:04:14 ip-172-31-21-130 sshd[2846]: Connection closed by 103.146.197.220 port 34188
Aug 21 07:04:29 ip-172-31-21-130 sshd[2847]: Connection closed by 103.146.197.220 port 46476
Aug 21 07:05:01 ip-172-31-21-130 CRON[2848]: pam_unix(cron:session): session opened for user root(uid=0) by root(uid=0)
Aug 21 07:05:01 ip-172-31-21-130 CRON[2849]: (root) CMD (command -v debian-sa1 > /dev/null && debian-sa1 1 1)
Aug 21 07:05:01 ip-172-31-21-130 CRON[2848]: pam_unix(cron:session): session closed for user root
Aug 21 07:10:21 ip-172-31-21-130 systemd[1]: Starting sysstat-collect.service - system activity accounting tool...
Aug 21 07:10:21 ip-172-31-21-130 systemd[1]: sysstat-collect.service: Deactivated successfully.
Aug 21 07:10:21 ip-172-31-21-130 systemd[1]: Finished sysstat-collect.service - system activity accounting tool.
Aug 21 07:12:21 ip-172-31-21-130 systemd[1]: Starting fwupd-refresh.service - Refresh fwupd metadata and update motd...
Aug 21 07:12:22 ip-172-31-21-130 dbus-daemon[561]: [system] Activating via systemd: service name='org.freedesktop.fwupd' unit='fwupd.service' requested by ':1.64' (uid=990 pid=2857 comm="/usr/bin/fwupdmgr refresh" label="unconfined")
Aug 21 07:12:22 ip-172-31-21-130 systemd[1]: Starting modprobe@sd_mod.service - Load Kernel Module sd_mod...
Aug 21 07:12:22 ip-172-31-21-130 systemd[1]: modprobe@sd_mod.service: Deactivated successfully.
Aug 21 07:12:22 ip-172-31-21-130 systemd[1]: Finished modprobe@sd_mod.service - Load Kernel Module sd_mod.
Aug 21 07:12:22 ip-172-31-21-130 systemd[1]: Starting fwupd.service - Firmware update daemon...
Aug 21 07:12:22 ip-172-31-21-130 fwupd[2864]: 07:12:22.255 FuMain               fwupd 2.0.20 ready for requests (locale C.UTF-8)
Aug 21 07:12:22 ip-172-31-21-130 dbus-daemon[561]: [system] Successfully activated service 'org.freedesktop.fwupd'
Aug 21 07:12:22 ip-172-31-21-130 systemd[1]: Started fwupd.service - Firmware update daemon.
Aug 21 07:12:22 ip-172-31-21-130 fwupd[2864]: 07:12:22.261 FuPluginLinuxSleep   could not open /sys/power/mem_sleep: Error opening file /sys/power/mem_sleep: No such file or directory
Aug 21 07:12:22 ip-172-31-21-130 systemd[1]: fwupd-refresh.service: Deactivated successfully.
Aug 21 07:12:22 ip-172-31-21-130 systemd[1]: Finished fwupd-refresh.service - Refresh fwupd metadata and update motd.
Aug 21 07:13:56 ip-172-31-21-130 sshd[2873]: Connection closed by 89.237.4.55 port 40812
Aug 21 07:15:01 ip-172-31-21-130 CRON[2874]: pam_unix(cron:session): session opened for user root(uid=0) by root(uid=0)
Aug 21 07:15:01 ip-172-31-21-130 CRON[2875]: (root) CMD (command -v debian-sa1 > /dev/null && debian-sa1 1 1)
Aug 21 07:15:01 ip-172-31-21-130 CRON[2874]: pam_unix(cron:session): session closed for user root
Aug 21 07:15:45 ip-172-31-21-130 amazon-ssm-agent.amazon-ssm-agent[573]: 2026-08-21 07:15:45.8036 WARN EC2RoleProvider Failed to connect to Systems Manager with instance profile role credentials. Err: retrieved credentials failed to report to ssm. Error: EC2RoleRequestError: no EC2 instance role found
Aug 21 07:15:45 ip-172-31-21-130 amazon-ssm-agent.amazon-ssm-agent[573]: caused by: EC2MetadataError: failed to make EC2Metadata request
Aug 21 07:15:45 ip-172-31-21-130 amazon-ssm-agent.amazon-ssm-agent[573]: <?xml version="1.0" encoding="iso-8859-1"?>
Aug 21 07:15:45 ip-172-31-21-130 amazon-ssm-agent.amazon-ssm-agent[573]: <!DOCTYPE html PUBLIC "-//W3C//DTD XHTML 1.0 Transitional//EN"
Aug 21 07:15:45 ip-172-31-21-130 amazon-ssm-agent.amazon-ssm-agent[573]:                  "http://www.w3.org/TR/xhtml1/DTD/xhtml1-transitional.dtd">
Aug 21 07:15:45 ip-172-31-21-130 amazon-ssm-agent.amazon-ssm-agent[573]: <html xmlns="http://www.w3.org/1999/xhtml" xml:lang="en" lang="en">
Aug 21 07:15:45 ip-172-31-21-130 amazon-ssm-agent.amazon-ssm-agent[573]:  <head>
Aug 21 07:15:45 ip-172-31-21-130 amazon-ssm-agent.amazon-ssm-agent[573]:   <title>404 - Not Found</title>
Aug 21 07:15:45 ip-172-31-21-130 amazon-ssm-agent.amazon-ssm-agent[573]:  </head>
Aug 21 07:15:45 ip-172-31-21-130 amazon-ssm-agent.amazon-ssm-agent[573]:  <body>
Aug 21 07:15:45 ip-172-31-21-130 amazon-ssm-agent.amazon-ssm-agent[573]:   <h1>404 - Not Found</h1>
Aug 21 07:15:45 ip-172-31-21-130 amazon-ssm-agent.amazon-ssm-agent[573]:  </body>
Aug 21 07:15:45 ip-172-31-21-130 amazon-ssm-agent.amazon-ssm-agent[573]: </html>
Aug 21 07:15:45 ip-172-31-21-130 amazon-ssm-agent.amazon-ssm-agent[573]:         status code: 404, request id:
Aug 21 07:15:45 ip-172-31-21-130 amazon-ssm-agent.amazon-ssm-agent[573]: 2026-08-21 07:15:45.8437 ERROR EC2RoleProvider Failed to connect to Systems Manager with SSM role credentials. error calling RequestManagedInstanceRoleToken: AccessDeniedException: Systems Manager's instance management role is not configured for account: 756418066642
Aug 21 07:15:45 ip-172-31-21-130 amazon-ssm-agent.amazon-ssm-agent[573]:         status code: 400, request id: 9cf1266c-1b32-454b-85e6-737eca61afe5
Aug 21 07:17:01 ip-172-31-21-130 CRON[2878]: pam_unix(cron:session): session opened for user root(uid=0) by root(uid=0)
Aug 21 07:17:01 ip-172-31-21-130 CRON[2879]: (root) CMD (cd / && run-parts --report /etc/cron.hourly)
Aug 21 07:17:01 ip-172-31-21-130 CRON[2878]: pam_unix(cron:session): session closed for user root
Aug 21 07:17:22 ip-172-31-21-130 systemd[1]: fwupd.service: Deactivated successfully.
Aug 21 07:17:56 ip-172-31-21-130 sshd[2887]: Connection closed by 89.237.4.55 port 44706
Aug 21 07:20:21 ip-172-31-21-130 systemd[1]: Starting sysstat-collect.service - system activity accounting tool...
Aug 21 07:20:21 ip-172-31-21-130 systemd[1]: sysstat-collect.service: Deactivated successfully.
Aug 21 07:20:21 ip-172-31-21-130 systemd[1]: Finished sysstat-collect.service - system activity accounting tool.
Aug 21 07:24:05 ip-172-31-21-130 sshd[2894]: Connection closed by 103.204.33.215 port 36540
Aug 21 07:24:40 ip-172-31-21-130 sshd[2895]: Connection closed by 62.217.141.67 port 7392
Aug 21 07:25:01 ip-172-31-21-130 CRON[2896]: pam_unix(cron:session): session opened for user root(uid=0) by root(uid=0)
Aug 21 07:25:01 ip-172-31-21-130 CRON[2897]: (root) CMD (command -v debian-sa1 > /dev/null && debian-sa1 1 1)
Aug 21 07:25:01 ip-172-31-21-130 CRON[2896]: pam_unix(cron:session): session closed for user root
Aug 21 07:25:04 ip-172-31-21-130 sshd[2899]: Connection closed by 62.217.141.67 port 7926
Aug 21 07:30:21 ip-172-31-21-130 systemd[1]: Starting sysstat-collect.service - system activity accounting tool...
Aug 21 07:30:21 ip-172-31-21-130 systemd[1]: sysstat-collect.service: Deactivated successfully.
Aug 21 07:30:21 ip-172-31-21-130 systemd[1]: Finished sysstat-collect.service - system activity accounting tool.
Aug 21 07:35:01 ip-172-31-21-130 CRON[2908]: pam_unix(cron:session): session opened for user root(uid=0) by root(uid=0)
Aug 21 07:35:01 ip-172-31-21-130 CRON[2909]: (root) CMD (command -v debian-sa1 > /dev/null && debian-sa1 1 1)
Aug 21 07:35:01 ip-172-31-21-130 CRON[2908]: pam_unix(cron:session): session closed for user root
Aug 21 07:40:21 ip-172-31-21-130 systemd[1]: Starting sysstat-collect.service - system activity accounting tool...
Aug 21 07:40:21 ip-172-31-21-130 systemd[1]: sysstat-collect.service: Deactivated successfully.
Aug 21 07:40:21 ip-172-31-21-130 systemd[1]: Finished sysstat-collect.service - system activity accounting tool.
Aug 21 07:41:32 ip-172-31-21-130 amazon-ssm-agent.amazon-ssm-agent[573]: 2026-08-21 07:41:32.9076 WARN EC2RoleProvider Failed to connect to Systems Manager with instance profile role credentials. Err: retrieved credentials failed to report to ssm. Error: EC2RoleRequestError: no EC2 instance role found
Aug 21 07:41:32 ip-172-31-21-130 amazon-ssm-agent.amazon-ssm-agent[573]: caused by: EC2MetadataError: failed to make EC2Metadata request
Aug 21 07:41:32 ip-172-31-21-130 amazon-ssm-agent.amazon-ssm-agent[573]: <?xml version="1.0" encoding="iso-8859-1"?>
Aug 21 07:41:32 ip-172-31-21-130 amazon-ssm-agent.amazon-ssm-agent[573]: <!DOCTYPE html PUBLIC "-//W3C//DTD XHTML 1.0 Transitional//EN"
Aug 21 07:41:32 ip-172-31-21-130 amazon-ssm-agent.amazon-ssm-agent[573]:                  "http://www.w3.org/TR/xhtml1/DTD/xhtml1-transitional.dtd">
Aug 21 07:41:32 ip-172-31-21-130 amazon-ssm-agent.amazon-ssm-agent[573]: <html xmlns="http://www.w3.org/1999/xhtml" xml:lang="en" lang="en">
Aug 21 07:41:32 ip-172-31-21-130 amazon-ssm-agent.amazon-ssm-agent[573]:  <head>
Aug 21 07:41:32 ip-172-31-21-130 amazon-ssm-agent.amazon-ssm-agent[573]:   <title>404 - Not Found</title>
Aug 21 07:41:32 ip-172-31-21-130 amazon-ssm-agent.amazon-ssm-agent[573]:  </head>
Aug 21 07:41:32 ip-172-31-21-130 amazon-ssm-agent.amazon-ssm-agent[573]:  <body>
Aug 21 07:41:32 ip-172-31-21-130 amazon-ssm-agent.amazon-ssm-agent[573]:   <h1>404 - Not Found</h1>
Aug 21 07:41:32 ip-172-31-21-130 amazon-ssm-agent.amazon-ssm-agent[573]:  </body>
Aug 21 07:41:32 ip-172-31-21-130 amazon-ssm-agent.amazon-ssm-agent[573]: </html>
Aug 21 07:41:32 ip-172-31-21-130 amazon-ssm-agent.amazon-ssm-agent[573]:         status code: 404, request id:
Aug 21 07:41:33 ip-172-31-21-130 amazon-ssm-agent.amazon-ssm-agent[573]: 2026-08-21 07:41:32.9474 ERROR EC2RoleProvider Failed to connect to Systems Manager with SSM role credentials. error calling RequestManagedInstanceRoleToken: AccessDeniedException: Systems Manager's instance management role is not configured for account: 756418066642
Aug 21 07:41:33 ip-172-31-21-130 amazon-ssm-agent.amazon-ssm-agent[573]:         status code: 400, request id: 94079dd7-e635-4d86-b3fc-9b108ba08a4a
Aug 21 07:42:31 ip-172-31-21-130 sshd[2917]: Connection closed by 102.138.104.61 port 42234
Aug 21 07:42:39 ip-172-31-21-130 sshd[2918]: Connection closed by 102.138.104.61 port 53252
Aug 21 07:45:01 ip-172-31-21-130 CRON[2920]: pam_unix(cron:session): session opened for user root(uid=0) by root(uid=0)
Aug 21 07:45:01 ip-172-31-21-130 CRON[2921]: (root) CMD (command -v debian-sa1 > /dev/null && debian-sa1 1 1)
Aug 21 07:45:01 ip-172-31-21-130 CRON[2920]: pam_unix(cron:session): session closed for user root
Aug 21 07:49:15 ip-172-31-21-130 sshd[2924]: Connection closed by 179.157.14.173 port 1698
Aug 21 07:49:56 ip-172-31-21-130 sshd[2925]: Connection closed by 179.157.14.173 port 1760
Aug 21 07:50:21 ip-172-31-21-130 systemd[1]: Starting sysstat-collect.service - system activity accounting tool...
Aug 21 07:50:21 ip-172-31-21-130 systemd[1]: sysstat-collect.service: Deactivated successfully.
Aug 21 07:50:21 ip-172-31-21-130 systemd[1]: Finished sysstat-collect.service - system activity accounting tool.
Aug 21 07:55:01 ip-172-31-21-130 CRON[2933]: pam_unix(cron:session): session opened for user root(uid=0) by root(uid=0)
Aug 21 07:55:01 ip-172-31-21-130 CRON[2934]: (root) CMD (command -v debian-sa1 > /dev/null && debian-sa1 1 1)
Aug 21 07:55:01 ip-172-31-21-130 CRON[2933]: pam_unix(cron:session): session closed for user root
Aug 21 08:00:01 ip-172-31-21-130 systemd[1]: Starting sysstat-collect.service - system activity accounting tool...
Aug 21 08:00:01 ip-172-31-21-130 systemd[1]: sysstat-collect.service: Deactivated successfully.
Aug 21 08:00:01 ip-172-31-21-130 systemd[1]: Finished sysstat-collect.service - system activity accounting tool.
Aug 21 08:05:01 ip-172-31-21-130 CRON[2943]: pam_unix(cron:session): session opened for user root(uid=0) by root(uid=0)
Aug 21 08:05:01 ip-172-31-21-130 CRON[2944]: (root) CMD (command -v debian-sa1 > /dev/null && debian-sa1 1 1)
Aug 21 08:05:01 ip-172-31-21-130 CRON[2943]: pam_unix(cron:session): session closed for user root
Aug 21 08:06:51 ip-172-31-21-130 amazon-ssm-agent.amazon-ssm-agent[573]: 2026-08-21 08:06:51.9499 WARN EC2RoleProvider Failed to connect to Systems Manager with instance profile role credentials. Err: retrieved credentials failed to report to ssm. Error: EC2RoleRequestError: no EC2 instance role found
Aug 21 08:06:51 ip-172-31-21-130 amazon-ssm-agent.amazon-ssm-agent[573]: caused by: EC2MetadataError: failed to make EC2Metadata request
Aug 21 08:06:51 ip-172-31-21-130 amazon-ssm-agent.amazon-ssm-agent[573]: <?xml version="1.0" encoding="iso-8859-1"?>
Aug 21 08:06:51 ip-172-31-21-130 amazon-ssm-agent.amazon-ssm-agent[573]: <!DOCTYPE html PUBLIC "-//W3C//DTD XHTML 1.0 Transitional//EN"
Aug 21 08:06:51 ip-172-31-21-130 amazon-ssm-agent.amazon-ssm-agent[573]:                  "http://www.w3.org/TR/xhtml1/DTD/xhtml1-transitional.dtd">
Aug 21 08:06:51 ip-172-31-21-130 amazon-ssm-agent.amazon-ssm-agent[573]: <html xmlns="http://www.w3.org/1999/xhtml" xml:lang="en" lang="en">
Aug 21 08:06:51 ip-172-31-21-130 amazon-ssm-agent.amazon-ssm-agent[573]:  <head>
Aug 21 08:06:51 ip-172-31-21-130 amazon-ssm-agent.amazon-ssm-agent[573]:   <title>404 - Not Found</title>
Aug 21 08:06:51 ip-172-31-21-130 amazon-ssm-agent.amazon-ssm-agent[573]:  </head>
Aug 21 08:06:51 ip-172-31-21-130 amazon-ssm-agent.amazon-ssm-agent[573]:  <body>
Aug 21 08:06:51 ip-172-31-21-130 amazon-ssm-agent.amazon-ssm-agent[573]:   <h1>404 - Not Found</h1>
Aug 21 08:06:51 ip-172-31-21-130 amazon-ssm-agent.amazon-ssm-agent[573]:  </body>
Aug 21 08:06:51 ip-172-31-21-130 amazon-ssm-agent.amazon-ssm-agent[573]: </html>
Aug 21 08:06:51 ip-172-31-21-130 amazon-ssm-agent.amazon-ssm-agent[573]:         status code: 404, request id:
Aug 21 08:06:52 ip-172-31-21-130 amazon-ssm-agent.amazon-ssm-agent[573]: 2026-08-21 08:06:51.9962 ERROR EC2RoleProvider Failed to connect to Systems Manager with SSM role credentials. error calling RequestManagedInstanceRoleToken: AccessDeniedException: Systems Manager's instance management role is not configured for account: 756418066642
Aug 21 08:06:52 ip-172-31-21-130 amazon-ssm-agent.amazon-ssm-agent[573]:         status code: 400, request id: 91d50db5-91d9-4ee3-88fe-2da731fee50d
Aug 21 08:10:21 ip-172-31-21-130 systemd[1]: Starting sysstat-collect.service - system activity accounting tool...
Aug 21 08:10:21 ip-172-31-21-130 systemd[1]: sysstat-collect.service: Deactivated successfully.
Aug 21 08:10:21 ip-172-31-21-130 systemd[1]: Finished sysstat-collect.service - system activity accounting tool.
Aug 21 08:14:59 ip-172-31-21-130 systemd[1]: Starting fwupd-refresh.service - Refresh fwupd metadata and update motd...
Aug 21 08:14:59 ip-172-31-21-130 dbus-daemon[561]: [system] Activating via systemd: service name='org.freedesktop.fwupd' unit='fwupd.service' requested by ':1.67' (uid=990 pid=2959 comm="/usr/bin/fwupdmgr refresh" label="unconfined")
Aug 21 08:14:59 ip-172-31-21-130 systemd[1]: Starting modprobe@sd_mod.service - Load Kernel Module sd_mod...
Aug 21 08:14:59 ip-172-31-21-130 systemd[1]: modprobe@sd_mod.service: Deactivated successfully.
Aug 21 08:14:59 ip-172-31-21-130 systemd[1]: Finished modprobe@sd_mod.service - Load Kernel Module sd_mod.
Aug 21 08:14:59 ip-172-31-21-130 systemd[1]: Starting fwupd.service - Firmware update daemon...
Aug 21 08:14:59 ip-172-31-21-130 fwupd[2966]: 08:14:59.461 FuMain               fwupd 2.0.20 ready for requests (locale C.UTF-8)
Aug 21 08:14:59 ip-172-31-21-130 dbus-daemon[561]: [system] Successfully activated service 'org.freedesktop.fwupd'
Aug 21 08:14:59 ip-172-31-21-130 systemd[1]: Started fwupd.service - Firmware update daemon.
Aug 21 08:14:59 ip-172-31-21-130 fwupd[2966]: 08:14:59.465 FuPluginLinuxSleep   could not open /sys/power/mem_sleep: Error opening file /sys/power/mem_sleep: No such file or directory
Aug 21 08:14:59 ip-172-31-21-130 systemd[1]: fwupd-refresh.service: Deactivated successfully.
Aug 21 08:14:59 ip-172-31-21-130 systemd[1]: Finished fwupd-refresh.service - Refresh fwupd metadata and update motd.
Aug 21 08:15:01 ip-172-31-21-130 CRON[2977]: pam_unix(cron:session): session opened for user root(uid=0) by root(uid=0)
Aug 21 08:15:01 ip-172-31-21-130 CRON[2978]: (root) CMD (command -v debian-sa1 > /dev/null && debian-sa1 1 1)
Aug 21 08:15:01 ip-172-31-21-130 CRON[2977]: pam_unix(cron:session): session closed for user root
Aug 21 08:17:01 ip-172-31-21-130 CRON[2982]: pam_unix(cron:session): session opened for user root(uid=0) by root(uid=0)
Aug 21 08:17:01 ip-172-31-21-130 CRON[2983]: (root) CMD (cd / && run-parts --report /etc/cron.hourly)
Aug 21 08:17:01 ip-172-31-21-130 CRON[2982]: pam_unix(cron:session): session closed for user root
Aug 21 08:20:00 ip-172-31-21-130 systemd[1]: Starting sysstat-collect.service - system activity accounting tool...
Aug 21 08:20:00 ip-172-31-21-130 systemd[1]: fwupd.service: Deactivated successfully.
Aug 21 08:20:00 ip-172-31-21-130 systemd[1]: sysstat-collect.service: Deactivated successfully.
Aug 21 08:20:00 ip-172-31-21-130 systemd[1]: Finished sysstat-collect.service - system activity accounting tool.
Aug 21 08:21:20 ip-172-31-21-130 sshd[2993]: Connection closed by 186.19.128.16 port 51144
Aug 21 08:22:29 ip-172-31-21-130 sshd[2996]: Connection closed by 186.19.128.16 port 35134
Aug 21 08:24:35 ip-172-31-21-130 sshd[2998]: Connection closed by authenticating user root 120.71.5.15 port 47010 [preauth]
Aug 21 08:24:36 ip-172-31-21-130 sshd[3000]: Connection closed by authenticating user root 120.71.5.15 port 47688 [preauth]
Aug 21 08:24:38 ip-172-31-21-130 sshd[3002]: Connection closed by authenticating user root 120.71.5.15 port 48676 [preauth]
Aug 21 08:24:41 ip-172-31-21-130 sshd[3004]: Connection closed by authenticating user root 120.71.5.15 port 49560 [preauth]
Aug 21 08:24:43 ip-172-31-21-130 sshd[3006]: Connection closed by authenticating user root 120.71.5.15 port 51074 [preauth]
Aug 21 08:24:48 ip-172-31-21-130 sshd[3008]: Connection closed by authenticating user root 120.71.5.15 port 52410 [preauth]
Aug 21 08:24:51 ip-172-31-21-130 sshd[3010]: Connection closed by authenticating user root 120.71.5.15 port 55058 [preauth]
Aug 21 08:24:55 ip-172-31-21-130 sshd[3012]: Connection closed by authenticating user root 120.71.5.15 port 57036 [preauth]
Aug 21 08:24:57 ip-172-31-21-130 sshd[3014]: Connection closed by authenticating user root 120.71.5.15 port 58816 [preauth]
Aug 21 08:24:59 ip-172-31-21-130 sshd[3016]: Connection closed by authenticating user root 120.71.5.15 port 60264 [preauth]
Aug 21 08:25:01 ip-172-31-21-130 sshd[3018]: Connection closed by authenticating user root 120.71.5.15 port 32850 [preauth]
Aug 21 08:25:01 ip-172-31-21-130 CRON[3020]: pam_unix(cron:session): session opened for user root(uid=0) by root(uid=0)
Aug 21 08:25:01 ip-172-31-21-130 CRON[3021]: (root) CMD (command -v debian-sa1 > /dev/null && debian-sa1 1 1)
Aug 21 08:25:01 ip-172-31-21-130 CRON[3020]: pam_unix(cron:session): session closed for user root
Aug 21 08:25:03 ip-172-31-21-130 sshd[3023]: Connection closed by authenticating user root 120.71.5.15 port 34192 [preauth]
Aug 21 08:25:07 ip-172-31-21-130 sshd[3025]: Connection closed by authenticating user root 120.71.5.15 port 35374 [preauth]
Aug 21 08:25:10 ip-172-31-21-130 sshd[3027]: Connection closed by authenticating user root 120.71.5.15 port 37920 [preauth]
Aug 21 08:25:12 ip-172-31-21-130 sshd[3029]: Connection closed by authenticating user root 120.71.5.15 port 39128 [preauth]
Aug 21 08:25:16 ip-172-31-21-130 sshd[3031]: Connection closed by authenticating user root 120.71.5.15 port 40158 [preauth]
Aug 21 08:25:24 ip-172-31-21-130 sshd[3033]: Connection closed by authenticating user root 120.71.5.15 port 42552 [preauth]
Aug 21 08:25:25 ip-172-31-21-130 sshd[3035]: Connection closed by authenticating user root 120.71.5.15 port 47392 [preauth]
Aug 21 08:25:27 ip-172-31-21-130 sshd[3037]: Connection closed by authenticating user root 120.71.5.15 port 48406 [preauth]
Aug 21 08:25:31 ip-172-31-21-130 sshd[3039]: Connection closed by authenticating user root 120.71.5.15 port 49618 [preauth]
Aug 21 08:25:34 ip-172-31-21-130 sshd[3041]: Connection closed by authenticating user root 120.71.5.15 port 51850 [preauth]
Aug 21 08:25:36 ip-172-31-21-130 sshd[3043]: Connection closed by authenticating user root 120.71.5.15 port 53540 [preauth]
Aug 21 08:25:39 ip-172-31-21-130 sshd[3045]: Connection closed by authenticating user root 120.71.5.15 port 54542 [preauth]
Aug 21 08:25:47 ip-172-31-21-130 sshd[3047]: Connection closed by authenticating user root 120.71.5.15 port 56794 [preauth]
Aug 21 08:25:48 ip-172-31-21-130 sshd[3050]: Connection closed by authenticating user root 120.71.5.15 port 32972 [preauth]
Aug 21 08:25:54 ip-172-31-21-130 sshd[3052]: Connection closed by authenticating user root 120.71.5.15 port 33934 [preauth]
Aug 21 08:25:57 ip-172-31-21-130 sshd[3054]: Connection closed by authenticating user root 120.71.5.15 port 37318 [preauth]
Aug 21 08:26:00 ip-172-31-21-130 sshd[3056]: Connection closed by authenticating user root 120.71.5.15 port 38866 [preauth]
Aug 21 08:26:08 ip-172-31-21-130 sshd[3058]: Connection closed by authenticating user root 120.71.5.15 port 40862 [preauth]
Aug 21 08:26:11 ip-172-31-21-130 sshd[3060]: Connection closed by authenticating user root 120.71.5.15 port 45466 [preauth]
Aug 21 08:26:13 ip-172-31-21-130 sshd[3062]: Connection closed by authenticating user root 120.71.5.15 port 46756 [preauth]
Aug 21 08:26:14 ip-172-31-21-130 sshd[3064]: Connection closed by authenticating user root 120.71.5.15 port 47712 [preauth]
Aug 21 08:26:16 ip-172-31-21-130 sshd[3066]: Connection closed by authenticating user root 120.71.5.15 port 48612 [preauth]
Aug 21 08:26:18 ip-172-31-21-130 sshd[3068]: Connection closed by authenticating user root 120.71.5.15 port 49480 [preauth]
Aug 21 08:26:22 ip-172-31-21-130 sshd[3070]: Connection closed by authenticating user root 120.71.5.15 port 50382 [preauth]
Aug 21 08:26:30 ip-172-31-21-130 sshd[3072]: Connection closed by authenticating user root 120.71.5.15 port 52664 [preauth]
Aug 21 08:26:33 ip-172-31-21-130 sshd[3074]: Connection closed by authenticating user root 120.71.5.15 port 56978 [preauth]
Aug 21 08:26:37 ip-172-31-21-130 sshd[3076]: Connection closed by authenticating user root 120.71.5.15 port 58604 [preauth]
Aug 21 08:26:40 ip-172-31-21-130 sshd[3078]: Connection closed by authenticating user root 120.71.5.15 port 60892 [preauth]
Aug 21 08:26:42 ip-172-31-21-130 sshd[3080]: Connection closed by authenticating user root 120.71.5.15 port 33780 [preauth]
Aug 21 08:26:45 ip-172-31-21-130 sshd[3082]: Connection closed by authenticating user root 120.71.5.15 port 35586 [preauth]
Aug 21 08:26:51 ip-172-31-21-130 sshd[3084]: Connection closed by authenticating user root 120.71.5.15 port 36900 [preauth]
Aug 21 08:26:53 ip-172-31-21-130 sshd[3086]: Connection closed by authenticating user root 120.71.5.15 port 40242 [preauth]
Aug 21 08:26:55 ip-172-31-21-130 sshd[3088]: Connection closed by authenticating user root 120.71.5.15 port 41260 [preauth]
Aug 21 08:26:57 ip-172-31-21-130 sshd[3090]: Connection closed by authenticating user root 120.71.5.15 port 42450 [preauth]
Aug 21 08:26:59 ip-172-31-21-130 sshd[3092]: Connection closed by authenticating user root 120.71.5.15 port 43430 [preauth]
Aug 21 08:27:04 ip-172-31-21-130 sshd[3094]: Connection closed by authenticating user root 120.71.5.15 port 44872 [preauth]
Aug 21 08:27:06 ip-172-31-21-130 sshd[3096]: Connection closed by authenticating user root 120.71.5.15 port 47594 [preauth]
Aug 21 08:27:09 ip-172-31-21-130 sshd[3098]: Connection closed by authenticating user root 120.71.5.15 port 48488 [preauth]
Aug 21 08:27:11 ip-172-31-21-130 sshd[3100]: Connection closed by authenticating user root 120.71.5.15 port 49972 [preauth]
Aug 21 08:27:12 ip-172-31-21-130 sshd[3102]: Connection closed by authenticating user root 120.71.5.15 port 51180 [preauth]
Aug 21 08:27:17 ip-172-31-21-130 sshd[3104]: Connection closed by authenticating user root 120.71.5.15 port 51970 [preauth]
Aug 21 08:27:20 ip-172-31-21-130 sshd[3106]: Connection closed by authenticating user root 120.71.5.15 port 54316 [preauth]
Aug 21 08:27:23 ip-172-31-21-130 sshd[3108]: Connection closed by authenticating user root 120.71.5.15 port 56072 [preauth]
Aug 21 08:27:24 ip-172-31-21-130 sshd[3110]: Connection closed by authenticating user root 120.71.5.15 port 57590 [preauth]
Aug 21 08:27:29 ip-172-31-21-130 sshd[3112]: Connection closed by authenticating user root 120.71.5.15 port 58438 [preauth]
Aug 21 08:27:31 ip-172-31-21-130 sshd[3115]: Connection closed by authenticating user root 120.71.5.15 port 60820 [preauth]
Aug 21 08:27:35 ip-172-31-21-130 sshd[3117]: Connection closed by authenticating user root 120.71.5.15 port 33452 [preauth]
Aug 21 08:27:37 ip-172-31-21-130 sshd[3119]: Connection closed by authenticating user root 120.71.5.15 port 35698 [preauth]
Aug 21 08:27:43 ip-172-31-21-130 sshd[3121]: Connection closed by authenticating user root 120.71.5.15 port 37144 [preauth]
Aug 21 08:27:46 ip-172-31-21-130 sshd[3123]: Connection closed by authenticating user root 120.71.5.15 port 39956 [preauth]
Aug 21 08:27:48 ip-172-31-21-130 sshd[3125]: Connection closed by authenticating user root 120.71.5.15 port 41828 [preauth]
Aug 21 08:27:51 ip-172-31-21-130 sshd[3127]: Connection closed by authenticating user root 120.71.5.15 port 43168 [preauth]
Aug 21 08:27:54 ip-172-31-21-130 sshd[3129]: Connection closed by authenticating user root 120.71.5.15 port 44472 [preauth]
Aug 21 08:27:57 ip-172-31-21-130 sshd[3131]: Connection closed by authenticating user root 120.71.5.15 port 46054 [preauth]
Aug 21 08:28:00 ip-172-31-21-130 sshd[3133]: Connection closed by authenticating user root 120.71.5.15 port 47844 [preauth]
Aug 21 08:28:03 ip-172-31-21-130 sshd[3135]: Connection closed by authenticating user root 120.71.5.15 port 49374 [preauth]
Aug 21 08:28:06 ip-172-31-21-130 sshd[3137]: Connection closed by authenticating user root 120.71.5.15 port 50884 [preauth]
Aug 21 08:28:12 ip-172-31-21-130 sshd[3139]: Connection closed by authenticating user root 120.71.5.15 port 52906 [preauth]
Aug 21 08:28:15 ip-172-31-21-130 sshd[3141]: Connection closed by authenticating user root 120.71.5.15 port 55678 [preauth]
Aug 21 08:28:18 ip-172-31-21-130 sshd[3143]: Connection closed by authenticating user root 120.71.5.15 port 57536 [preauth]
Aug 21 08:28:25 ip-172-31-21-130 sshd[3145]: Connection closed by authenticating user root 120.71.5.15 port 58912 [preauth]
Aug 21 08:28:26 ip-172-31-21-130 sshd[3147]: Connection closed by authenticating user root 120.71.5.15 port 34294 [preauth]
Aug 21 08:28:29 ip-172-31-21-130 sshd[3150]: Connection closed by authenticating user root 120.71.5.15 port 35136 [preauth]
Aug 21 08:28:31 ip-172-31-21-130 sshd[3152]: Connection closed by authenticating user root 120.71.5.15 port 36568 [preauth]
Aug 21 08:28:33 ip-172-31-21-130 sshd[3154]: Connection closed by authenticating user root 120.71.5.15 port 37684 [preauth]
Aug 21 08:28:35 ip-172-31-21-130 sshd[3156]: Connection closed by authenticating user root 120.71.5.15 port 38624 [preauth]
Aug 21 08:28:46 ip-172-31-21-130 sshd[3160]: Connection closed by authenticating user root 120.71.5.15 port 44188 [preauth]
Aug 21 08:28:48 ip-172-31-21-130 sshd[3162]: Connection closed by authenticating user root 120.71.5.15 port 45626 [preauth]
Aug 21 08:28:52 ip-172-31-21-130 sshd[3164]: Connection closed by authenticating user root 120.71.5.15 port 46476 [preauth]
Aug 21 08:28:53 ip-172-31-21-130 sshd[3158]: Connection closed by authenticating user root 120.71.5.15 port 39714 [preauth]
Aug 21 08:28:54 ip-172-31-21-130 sshd[3166]: Connection closed by authenticating user root 120.71.5.15 port 48334 [preauth]
Aug 21 08:28:57 ip-172-31-21-130 sshd[3168]: Invalid user user from 120.71.5.15 port 49864
Aug 21 08:28:58 ip-172-31-21-130 sshd[3168]: Connection closed by invalid user user 120.71.5.15 port 49864 [preauth]
Aug 21 08:29:01 ip-172-31-21-130 sshd[3170]: Invalid user user from 120.71.5.15 port 51574
Aug 21 08:29:01 ip-172-31-21-130 sshd[3170]: Connection closed by invalid user user 120.71.5.15 port 51574 [preauth]
Aug 21 08:29:03 ip-172-31-21-130 sshd[3172]: Invalid user user from 120.71.5.15 port 53388
Aug 21 08:29:03 ip-172-31-21-130 sshd[3172]: Connection closed by invalid user user 120.71.5.15 port 53388 [preauth]
Aug 21 08:29:05 ip-172-31-21-130 sshd[3174]: Invalid user user from 120.71.5.15 port 54306
Aug 21 08:29:07 ip-172-31-21-130 sshd[3174]: Connection closed by invalid user user 120.71.5.15 port 54306 [preauth]
Aug 21 08:29:10 ip-172-31-21-130 sshd[3176]: Invalid user user from 120.71.5.15 port 56582
Aug 21 08:29:11 ip-172-31-21-130 sshd[3176]: Connection closed by invalid user user 120.71.5.15 port 56582 [preauth]
Aug 21 08:30:21 ip-172-31-21-130 systemd[1]: Starting sysstat-collect.service - system activity accounting tool...
Aug 21 08:30:21 ip-172-31-21-130 systemd[1]: sysstat-collect.service: Deactivated successfully.
Aug 21 08:30:21 ip-172-31-21-130 systemd[1]: Finished sysstat-collect.service - system activity accounting tool.
Aug 21 08:35:01 ip-172-31-21-130 CRON[3186]: pam_unix(cron:session): session opened for user root(uid=0) by root(uid=0)
Aug 21 08:35:01 ip-172-31-21-130 CRON[3187]: (root) CMD (command -v debian-sa1 > /dev/null && debian-sa1 1 1)
Aug 21 08:35:01 ip-172-31-21-130 CRON[3186]: pam_unix(cron:session): session closed for user root
Aug 21 08:35:26 ip-172-31-21-130 amazon-ssm-agent.amazon-ssm-agent[573]: 2026-08-21 08:35:26.9977 WARN EC2RoleProvider Failed to connect to Systems Manager with instance profile role credentials. Err: retrieved credentials failed to report to ssm. Error: EC2RoleRequestError: no EC2 instance role found
Aug 21 08:35:26 ip-172-31-21-130 amazon-ssm-agent.amazon-ssm-agent[573]: caused by: EC2MetadataError: failed to make EC2Metadata request
Aug 21 08:35:26 ip-172-31-21-130 amazon-ssm-agent.amazon-ssm-agent[573]: <?xml version="1.0" encoding="iso-8859-1"?>
Aug 21 08:35:26 ip-172-31-21-130 amazon-ssm-agent.amazon-ssm-agent[573]: <!DOCTYPE html PUBLIC "-//W3C//DTD XHTML 1.0 Transitional//EN"
Aug 21 08:35:26 ip-172-31-21-130 amazon-ssm-agent.amazon-ssm-agent[573]:                  "http://www.w3.org/TR/xhtml1/DTD/xhtml1-transitional.dtd">
Aug 21 08:35:26 ip-172-31-21-130 amazon-ssm-agent.amazon-ssm-agent[573]: <html xmlns="http://www.w3.org/1999/xhtml" xml:lang="en" lang="en">
Aug 21 08:35:26 ip-172-31-21-130 amazon-ssm-agent.amazon-ssm-agent[573]:  <head>
Aug 21 08:35:26 ip-172-31-21-130 amazon-ssm-agent.amazon-ssm-agent[573]:   <title>404 - Not Found</title>
Aug 21 08:35:26 ip-172-31-21-130 amazon-ssm-agent.amazon-ssm-agent[573]:  </head>
Aug 21 08:35:26 ip-172-31-21-130 amazon-ssm-agent.amazon-ssm-agent[573]:  <body>
Aug 21 08:35:26 ip-172-31-21-130 amazon-ssm-agent.amazon-ssm-agent[573]:   <h1>404 - Not Found</h1>
Aug 21 08:35:26 ip-172-31-21-130 amazon-ssm-agent.amazon-ssm-agent[573]:  </body>
Aug 21 08:35:26 ip-172-31-21-130 amazon-ssm-agent.amazon-ssm-agent[573]: </html>
Aug 21 08:35:26 ip-172-31-21-130 amazon-ssm-agent.amazon-ssm-agent[573]:         status code: 404, request id:
Aug 21 08:35:27 ip-172-31-21-130 amazon-ssm-agent.amazon-ssm-agent[573]: 2026-08-21 08:35:27.0335 ERROR EC2RoleProvider Failed to connect to Systems Manager with SSM role credentials. error calling RequestManagedInstanceRoleToken: AccessDeniedException: Systems Manager's instance management role is not configured for account: 756418066642
Aug 21 08:35:27 ip-172-31-21-130 amazon-ssm-agent.amazon-ssm-agent[573]:         status code: 400, request id: a39c3932-ed3d-456e-bef8-1e57e64cfc40
Aug 21 08:40:21 ip-172-31-21-130 systemd[1]: Starting sysstat-collect.service - system activity accounting tool...
Aug 21 08:40:21 ip-172-31-21-130 systemd[1]: sysstat-collect.service: Deactivated successfully.
Aug 21 08:40:21 ip-172-31-21-130 systemd[1]: Finished sysstat-collect.service - system activity accounting tool.
Aug 21 08:44:44 ip-172-31-21-130 sshd[3196]: Connection closed by 190.7.36.200 port 52486
Aug 21 08:45:00 ip-172-31-21-130 sshd[3198]: Connection closed by 190.7.36.200 port 38114
Aug 21 08:45:01 ip-172-31-21-130 CRON[3199]: pam_unix(cron:session): session opened for user root(uid=0) by root(uid=0)
Aug 21 08:45:01 ip-172-31-21-130 CRON[3200]: (root) CMD (command -v debian-sa1 > /dev/null && debian-sa1 1 1)
Aug 21 08:45:01 ip-172-31-21-130 CRON[3199]: pam_unix(cron:session): session closed for user root
Aug 21 08:45:17 ip-172-31-21-130 sshd[3202]: Connection closed by 187.188.45.104 port 28476
Aug 21 08:48:29 ip-172-31-21-130 sshd[3204]: Connection closed by 102.132.160.166 port 32049
Aug 21 08:48:47 ip-172-31-21-130 sshd[3205]: Connection closed by 102.132.160.166 port 36615
Aug 21 08:50:21 ip-172-31-21-130 systemd[1]: Starting sysstat-collect.service - system activity accounting tool...
Aug 21 08:50:21 ip-172-31-21-130 systemd[1]: sysstat-collect.service: Deactivated successfully.
Aug 21 08:50:21 ip-172-31-21-130 systemd[1]: Finished sysstat-collect.service - system activity accounting tool.
Aug 21 08:55:01 ip-172-31-21-130 CRON[3211]: pam_unix(cron:session): session opened for user root(uid=0) by root(uid=0)
Aug 21 08:55:01 ip-172-31-21-130 CRON[3212]: (root) CMD (command -v debian-sa1 > /dev/null && debian-sa1 1 1)
Aug 21 08:55:01 ip-172-31-21-130 CRON[3211]: pam_unix(cron:session): session closed for user root
Aug 21 08:57:53 ip-172-31-21-130 sshd[3215]: Accepted publickey for ubuntu from 106.200.30.86 port 33163 ssh2: RSA SHA256:DmOUWSHsD4VR48RhKsonEQz1PorfIIIakzZbjEz+27M
Aug 21 08:57:53 ip-172-31-21-130 sshd[3215]: pam_unix(sshd:session): session opened for user ubuntu(uid=1000) by ubuntu(uid=0)
Aug 21 08:57:53 ip-172-31-21-130 systemd-logind[586]: New session 102 of user ubuntu.
Aug 21 08:57:53 ip-172-31-21-130 systemd[1]: Created slice user-1000.slice - User Slice of UID 1000.
Aug 21 08:57:53 ip-172-31-21-130 systemd[1]: Starting user-runtime-dir@1000.service - User Runtime Directory /run/user/1000...
Aug 21 08:57:53 ip-172-31-21-130 systemd[1]: Finished user-runtime-dir@1000.service - User Runtime Directory /run/user/1000.
Aug 21 08:57:53 ip-172-31-21-130 systemd[1]: Starting user@1000.service - User Manager for UID 1000...
Aug 21 08:57:53 ip-172-31-21-130 (systemd)[3221]: pam_unix(systemd-user:session): session opened for user ubuntu(uid=1000) by ubuntu(uid=0)
Aug 21 08:57:53 ip-172-31-21-130 systemd[3221]: Queued start job for default target default.target.
Aug 21 08:57:53 ip-172-31-21-130 systemd[3221]: Created slice app.slice - User Application Slice.
Aug 21 08:57:53 ip-172-31-21-130 systemd[3221]: Started launchpadlib-cache-clean.timer - Clean up old files in the Launchpadlib cache.
Aug 21 08:57:53 ip-172-31-21-130 systemd[3221]: Reached target paths.target - Paths.
Aug 21 08:57:53 ip-172-31-21-130 systemd[3221]: Reached target timers.target - Timers.
Aug 21 08:57:53 ip-172-31-21-130 systemd[3221]: Starting dbus.socket - D-Bus User Message Bus Socket...
Aug 21 08:57:53 ip-172-31-21-130 systemd[3221]: Listening on dirmngr.socket - GnuPG network certificate management daemon.
Aug 21 08:57:53 ip-172-31-21-130 systemd[3221]: Listening on gpg-agent-browser.socket - GnuPG cryptographic agent and passphrase cache (access for web browsers).
Aug 21 08:57:53 ip-172-31-21-130 systemd[3221]: Listening on gpg-agent-extra.socket - GnuPG cryptographic agent and passphrase cache (restricted).
Aug 21 08:57:53 ip-172-31-21-130 systemd[3221]: Starting gpg-agent-ssh.socket - GnuPG cryptographic agent (ssh-agent emulation)...
Aug 21 08:57:53 ip-172-31-21-130 systemd[3221]: Listening on gpg-agent.socket - GnuPG cryptographic agent and passphrase cache.
Aug 21 08:57:53 ip-172-31-21-130 systemd[3221]: Listening on keyboxd.socket - GnuPG public key management service.
Aug 21 08:57:53 ip-172-31-21-130 systemd[3221]: Listening on pk-debconf-helper.socket - debconf communication socket.
Aug 21 08:57:53 ip-172-31-21-130 systemd[3221]: Listening on snapd.session-agent.socket - REST API socket for snapd user session agent.
Aug 21 08:57:53 ip-172-31-21-130 systemd[3221]: Listening on dbus.socket - D-Bus User Message Bus Socket.
Aug 21 08:57:53 ip-172-31-21-130 systemd[3221]: Listening on gpg-agent-ssh.socket - GnuPG cryptographic agent (ssh-agent emulation).
Aug 21 08:57:53 ip-172-31-21-130 systemd[3221]: Reached target sockets.target - Sockets.
Aug 21 08:57:53 ip-172-31-21-130 systemd[3221]: Reached target basic.target - Basic System.
Aug 21 08:57:53 ip-172-31-21-130 systemd[1]: Started user@1000.service - User Manager for UID 1000.
Aug 21 08:57:53 ip-172-31-21-130 systemd[1]: Started session-102.scope - Session 102 of User ubuntu.
Aug 21 08:57:53 ip-172-31-21-130 systemd[3221]: Reached target default.target - Main User Target.
Aug 21 08:57:53 ip-172-31-21-130 systemd[3221]: Startup finished in 87ms.
Aug 21 08:57:55 ip-172-31-21-130 sshd[3217]: Accepted publickey for ubuntu from 106.200.30.86 port 7678 ssh2: RSA SHA256:DmOUWSHsD4VR48RhKsonEQz1PorfIIIakzZbjEz+27M
Aug 21 08:57:55 ip-172-31-21-130 sshd[3217]: pam_unix(sshd:session): session opened for user ubuntu(uid=1000) by ubuntu(uid=0)
Aug 21 08:57:55 ip-172-31-21-130 systemd-logind[586]: New session 104 of user ubuntu.
Aug 21 08:57:55 ip-172-31-21-130 systemd[1]: Started session-104.scope - Session 104 of User ubuntu.
Aug 21 09:00:01 ip-172-31-21-130 systemd[1]: Starting sysstat-collect.service - system activity accounting tool...
Aug 21 09:00:01 ip-172-31-21-130 systemd[1]: sysstat-collect.service: Deactivated successfully.
Aug 21 09:00:01 ip-172-31-21-130 systemd[1]: Finished sysstat-collect.service - system activity accounting tool.
Aug 21 09:00:36 ip-172-31-21-130 amazon-ssm-agent.amazon-ssm-agent[573]: 2026-08-21 09:00:36.1338 WARN EC2RoleProvider Failed to connect to Systems Manager with instance profile role credentials. Err: retrieved credentials failed to report to ssm. Error: EC2RoleRequestError: no EC2 instance role found
Aug 21 09:00:36 ip-172-31-21-130 amazon-ssm-agent.amazon-ssm-agent[573]: caused by: EC2MetadataError: failed to make EC2Metadata request
Aug 21 09:00:36 ip-172-31-21-130 amazon-ssm-agent.amazon-ssm-agent[573]: <?xml version="1.0" encoding="iso-8859-1"?>
Aug 21 09:00:36 ip-172-31-21-130 amazon-ssm-agent.amazon-ssm-agent[573]: <!DOCTYPE html PUBLIC "-//W3C//DTD XHTML 1.0 Transitional//EN"
Aug 21 09:00:36 ip-172-31-21-130 amazon-ssm-agent.amazon-ssm-agent[573]:                  "http://www.w3.org/TR/xhtml1/DTD/xhtml1-transitional.dtd">
Aug 21 09:00:36 ip-172-31-21-130 amazon-ssm-agent.amazon-ssm-agent[573]: <html xmlns="http://www.w3.org/1999/xhtml" xml:lang="en" lang="en">
Aug 21 09:00:36 ip-172-31-21-130 amazon-ssm-agent.amazon-ssm-agent[573]:  <head>
Aug 21 09:00:36 ip-172-31-21-130 amazon-ssm-agent.amazon-ssm-agent[573]:   <title>404 - Not Found</title>
Aug 21 09:00:36 ip-172-31-21-130 amazon-ssm-agent.amazon-ssm-agent[573]:  </head>
Aug 21 09:00:36 ip-172-31-21-130 amazon-ssm-agent.amazon-ssm-agent[573]:  <body>
Aug 21 09:00:36 ip-172-31-21-130 amazon-ssm-agent.amazon-ssm-agent[573]:   <h1>404 - Not Found</h1>
Aug 21 09:00:36 ip-172-31-21-130 amazon-ssm-agent.amazon-ssm-agent[573]:  </body>
Aug 21 09:00:36 ip-172-31-21-130 amazon-ssm-agent.amazon-ssm-agent[573]: </html>
Aug 21 09:00:36 ip-172-31-21-130 amazon-ssm-agent.amazon-ssm-agent[573]:         status code: 404, request id:
Aug 21 09:00:36 ip-172-31-21-130 amazon-ssm-agent.amazon-ssm-agent[573]: 2026-08-21 09:00:36.1685 ERROR EC2RoleProvider Failed to connect to Systems Manager with SSM role credentials. error calling RequestManagedInstanceRoleToken: AccessDeniedException: Systems Manager's instance management role is not configured for account: 756418066642
Aug 21 09:00:36 ip-172-31-21-130 amazon-ssm-agent.amazon-ssm-agent[573]:         status code: 400, request id: 88910ba1-a2be-42c5-95ad-298b2a3e0a48
Aug 21 09:01:54 ip-172-31-21-130 sudo[3415]:   ubuntu : TTY=pts/0 ; PWD=/home/ubuntu/linux-rcc-ai ; USER=root ; COMMAND=/usr/bin/apt update
Aug 21 09:01:54 ip-172-31-21-130 sudo[3415]: pam_unix(sudo:session): session opened for user root(uid=0) by ubuntu(uid=1000)
Aug 21 09:01:54 ip-172-31-21-130 systemd[1]: Starting apt-news.service - Update APT News...
Aug 21 09:01:54 ip-172-31-21-130 systemd[1]: Starting esm-cache.service - Update the local ESM caches...
Aug 21 09:01:55 ip-172-31-21-130 systemd[1]: apt-news.service: Deactivated successfully.
Aug 21 09:01:55 ip-172-31-21-130 systemd[1]: Finished apt-news.service - Update APT News.
Aug 21 09:01:56 ip-172-31-21-130 systemd[1]: esm-cache.service: Deactivated successfully.
Aug 21 09:01:56 ip-172-31-21-130 systemd[1]: Finished esm-cache.service - Update the local ESM caches.
Aug 21 09:01:56 ip-172-31-21-130 dbus-daemon[561]: [system] Activating via systemd: service name='org.freedesktop.PackageKit' unit='packagekit.service' requested by ':1.75' (uid=0 pid=3689 comm="/usr/bin/gdbus call --system --dest org.freedeskto" label="unconfined")
Aug 21 09:01:56 ip-172-31-21-130 systemd[1]: Starting packagekit.service - PackageKit Daemon...
Aug 21 09:01:56 ip-172-31-21-130 PackageKit[3693]: daemon start
Aug 21 09:01:56 ip-172-31-21-130 dbus-daemon[561]: [system] Successfully activated service 'org.freedesktop.PackageKit'
Aug 21 09:01:56 ip-172-31-21-130 systemd[1]: Started packagekit.service - PackageKit Daemon.
Aug 21 09:02:00 ip-172-31-21-130 sudo[3415]: pam_unix(sudo:session): session closed for user root
Aug 21 09:02:00 ip-172-31-21-130 sudo[3726]:   ubuntu : TTY=pts/0 ; PWD=/home/ubuntu/linux-rcc-ai ; USER=root ; COMMAND=/usr/bin/apt install -y kdump-tools
Aug 21 09:02:00 ip-172-31-21-130 sudo[3726]: pam_unix(sudo:session): session opened for user root(uid=0) by ubuntu(uid=1000)
Aug 21 09:02:14 ip-172-31-21-130 systemd[1]: Reloading requested from client PID 4436 ('systemctl') (unit session-102.scope)...
Aug 21 09:02:14 ip-172-31-21-130 systemd[1]: Reloading...
Aug 21 09:02:15 ip-172-31-21-130 systemd[1]: Reloading finished in 223 ms.
Aug 21 09:02:15 ip-172-31-21-130 systemd[1]: Starting apt-daily.service - Daily apt download activities...
Aug 21 09:02:15 ip-172-31-21-130 systemd[1]: apt-daily.service: Deactivated successfully.
Aug 21 09:02:15 ip-172-31-21-130 systemd[1]: Finished apt-daily.service - Daily apt download activities.
Aug 21 09:02:15 ip-172-31-21-130 systemd[1]: Reloading requested from client PID 4522 ('systemctl') (unit session-102.scope)...
Aug 21 09:02:15 ip-172-31-21-130 systemd[1]: Reloading...
Aug 21 09:02:15 ip-172-31-21-130 systemd[1]: Reloading finished in 187 ms.
Aug 21 09:02:15 ip-172-31-21-130 systemd[1]: Starting kdump-tools.service - Kernel crash dump capture service...
Aug 21 09:02:15 ip-172-31-21-130 kdump-tools[4576]: Starting kdump-tools:
Aug 21 09:02:15 ip-172-31-21-130 kdump-tools[4581]:  * no crashkernel= parameter in the kernel cmdline
Aug 21 09:02:15 ip-172-31-21-130 systemd[1]: Finished kdump-tools.service - Kernel crash dump capture service.
Aug 21 09:02:15 ip-172-31-21-130 systemd[1]: Reloading requested from client PID 4595 ('systemctl') (unit session-102.scope)...
Aug 21 09:02:15 ip-172-31-21-130 systemd[1]: Reloading...
Aug 21 09:02:15 ip-172-31-21-130 systemd[1]: Reloading finished in 196 ms.
Aug 21 09:02:27 ip-172-31-21-130 sudo[3726]: pam_unix(sudo:session): session closed for user root
Aug 21 09:02:46 ip-172-31-21-130 sudo[9068]:   ubuntu : TTY=pts/0 ; PWD=/home/ubuntu/linux-rcc-ai ; USER=root ; COMMAND=/usr/sbin/kdump-config show
Aug 21 09:02:46 ip-172-31-21-130 sudo[9068]: pam_unix(sudo:session): session opened for user root(uid=0) by ubuntu(uid=1000)
Aug 21 09:02:46 ip-172-31-21-130 sudo[9068]: pam_unix(sudo:session): session closed for user root
Aug 21 09:02:54 ip-172-31-21-130 sudo[9086]:   ubuntu : TTY=pts/0 ; PWD=/home/ubuntu/linux-rcc-ai ; USER=root ; COMMAND=/usr/bin/systemctl status kdump-tools --no-pager
Aug 21 09:02:54 ip-172-31-21-130 sudo[9086]: pam_unix(sudo:session): session opened for user root(uid=0) by ubuntu(uid=1000)
Aug 21 09:02:54 ip-172-31-21-130 sudo[9086]: pam_unix(sudo:session): session closed for user root
Aug 21 09:03:00 ip-172-31-21-130 sudo[9089]:   ubuntu : TTY=pts/0 ; PWD=/home/ubuntu/linux-rcc-ai ; USER=root ; COMMAND=/usr/bin/grep -v ^# /etc/default/kdump-tools
Aug 21 09:03:00 ip-172-31-21-130 sudo[9089]: pam_unix(sudo:session): session opened for user root(uid=0) by ubuntu(uid=1000)
Aug 21 09:03:00 ip-172-31-21-130 sudo[9089]: pam_unix(sudo:session): session closed for user root
Aug 21 09:03:19 ip-172-31-21-130 sshd[9094]: Connection closed by 196.127.134.157 port 38192
Aug 21 09:03:27 ip-172-31-21-130 sudo[9095]:   ubuntu : TTY=pts/0 ; PWD=/home/ubuntu/linux-rcc-ai ; USER=root ; COMMAND=/usr/sbin/kdump-config show
Aug 21 09:03:27 ip-172-31-21-130 sudo[9095]: pam_unix(sudo:session): session opened for user root(uid=0) by ubuntu(uid=1000)
Aug 21 09:03:27 ip-172-31-21-130 sudo[9095]: pam_unix(sudo:session): session closed for user root
Aug 21 09:03:41 ip-172-31-21-130 systemd[3221]: launchpadlib-cache-clean.service - Clean up old files in the Launchpadlib cache was skipped because of an unmet condition check (ConditionPathExists=/home/ubuntu/.launchpadlib/api.launchpad.net/cache).
Aug 21 09:03:56 ip-172-31-21-130 sudo[9114]:   ubuntu : TTY=pts/0 ; PWD=/home/ubuntu/linux-rcc-ai ; USER=root ; COMMAND=/usr/bin/cat /etc/default/grub.d/kdump-tools.cfg
Aug 21 09:03:56 ip-172-31-21-130 sudo[9114]: pam_unix(sudo:session): session opened for user root(uid=0) by ubuntu(uid=1000)
Aug 21 09:03:56 ip-172-31-21-130 sudo[9114]: pam_unix(sudo:session): session closed for user root
Aug 21 09:04:02 ip-172-31-21-130 sudo[9117]:   ubuntu : TTY=pts/0 ; PWD=/home/ubuntu/linux-rcc-ai ; USER=root ; COMMAND=/usr/sbin/kdump-config test
Aug 21 09:04:02 ip-172-31-21-130 sudo[9117]: pam_unix(sudo:session): session opened for user root(uid=0) by ubuntu(uid=1000)
Aug 21 09:04:02 ip-172-31-21-130 sudo[9117]: pam_unix(sudo:session): session closed for user root
Aug 21 09:04:20 ip-172-31-21-130 sudo[9139]:   ubuntu : TTY=pts/0 ; PWD=/home/ubuntu/linux-rcc-ai ; USER=root ; COMMAND=/usr/bin/cat /etc/default/grub.d/kdump-tools.cfg
Aug 21 09:04:20 ip-172-31-21-130 sudo[9139]: pam_unix(sudo:session): session opened for user root(uid=0) by ubuntu(uid=1000)
Aug 21 09:04:20 ip-172-31-21-130 sudo[9139]: pam_unix(sudo:session): session closed for user root
Aug 21 09:04:20 ip-172-31-21-130 sudo[9142]:   ubuntu : TTY=pts/0 ; PWD=/home/ubuntu/linux-rcc-ai ; USER=root ; COMMAND=/usr/sbin/kdump-config test
Aug 21 09:04:20 ip-172-31-21-130 sudo[9142]: pam_unix(sudo:session): session opened for user root(uid=0) by ubuntu(uid=1000)
Aug 21 09:04:20 ip-172-31-21-130 sudo[9142]: pam_unix(sudo:session): session closed for user root
Aug 21 09:05:01 ip-172-31-21-130 CRON[9164]: pam_unix(cron:session): session opened for user root(uid=0) by root(uid=0)
Aug 21 09:05:01 ip-172-31-21-130 CRON[9165]: (root) CMD (command -v debian-sa1 > /dev/null && debian-sa1 1 1)
Aug 21 09:05:01 ip-172-31-21-130 CRON[9164]: pam_unix(cron:session): session closed for user root
Aug 21 09:05:41 ip-172-31-21-130 sudo[9173]:   ubuntu : TTY=pts/0 ; PWD=/home/ubuntu/linux-rcc-ai ; USER=root ; COMMAND=/etc/kernel/postinst.d/kdump-tools 7.0.0-1010-aws
Aug 21 09:05:41 ip-172-31-21-130 sudo[9173]: pam_unix(sudo:session): session opened for user root(uid=0) by ubuntu(uid=1000)
Aug 21 09:05:44 ip-172-31-21-130 sudo[9173]: pam_unix(sudo:session): session closed for user root
Aug 21 09:06:09 ip-172-31-21-130 sudo[12751]:   ubuntu : TTY=pts/0 ; PWD=/home/ubuntu/linux-rcc-ai ; USER=root ; COMMAND=/usr/sbin/kdump-config test
Aug 21 09:06:09 ip-172-31-21-130 sudo[12751]: pam_unix(sudo:session): session opened for user root(uid=0) by ubuntu(uid=1000)
Aug 21 09:06:09 ip-172-31-21-130 sudo[12751]: pam_unix(sudo:session): session closed for user root
Aug 21 09:06:13 ip-172-31-21-130 sudo[12772]:   ubuntu : TTY=pts/0 ; PWD=/home/ubuntu/linux-rcc-ai ; USER=root ; COMMAND=/usr/sbin/kdump-config show
Aug 21 09:06:13 ip-172-31-21-130 sudo[12772]: pam_unix(sudo:session): session opened for user root(uid=0) by ubuntu(uid=1000)
Aug 21 09:06:13 ip-172-31-21-130 sudo[12772]: pam_unix(sudo:session): session closed for user root
Aug 21 09:06:40 ip-172-31-21-130 sudo[12792]:   ubuntu : TTY=pts/0 ; PWD=/home/ubuntu/linux-rcc-ai ; USER=root ; COMMAND=/usr/bin/ln -sf /boot/vmlinuz-7.0.0-1010-aws /var/lib/kdump/vmlinuz
Aug 21 09:06:40 ip-172-31-21-130 sudo[12792]: pam_unix(sudo:session): session opened for user root(uid=0) by ubuntu(uid=1000)
Aug 21 09:06:40 ip-172-31-21-130 sudo[12792]: pam_unix(sudo:session): session closed for user root
Aug 21 09:06:40 ip-172-31-21-130 sudo[12796]:   ubuntu : TTY=pts/0 ; PWD=/home/ubuntu/linux-rcc-ai ; USER=root ; COMMAND=/usr/bin/ln -sf /var/lib/kdump/initrd.img-7.0.0-1010-aws /var/lib/kdump/initrd.img
Aug 21 09:06:40 ip-172-31-21-130 sudo[12796]: pam_unix(sudo:session): session opened for user root(uid=0) by ubuntu(uid=1000)
Aug 21 09:06:40 ip-172-31-21-130 sudo[12796]: pam_unix(sudo:session): session closed for user root
Aug 21 09:06:55 ip-172-31-21-130 sudo[12800]:   ubuntu : TTY=pts/0 ; PWD=/home/ubuntu/linux-rcc-ai ; USER=root ; COMMAND=/usr/sbin/kdump-config test
Aug 21 09:06:55 ip-172-31-21-130 sudo[12800]: pam_unix(sudo:session): session opened for user root(uid=0) by ubuntu(uid=1000)
Aug 21 09:06:55 ip-172-31-21-130 sudo[12800]: pam_unix(sudo:session): session closed for user root
Aug 21 09:07:05 ip-172-31-21-130 sudo[12835]:   ubuntu : TTY=pts/0 ; PWD=/home/ubuntu/linux-rcc-ai ; USER=root ; COMMAND=/usr/sbin/update-grub
Aug 21 09:07:05 ip-172-31-21-130 sudo[12835]: pam_unix(sudo:session): session opened for user root(uid=0) by ubuntu(uid=1000)
Aug 21 09:07:06 ip-172-31-21-130 sudo[12835]: pam_unix(sudo:session): session closed for user root
Aug 21 09:07:24 ip-172-31-21-130 sudo[13293]:   ubuntu : TTY=pts/0 ; PWD=/home/ubuntu/linux-rcc-ai ; USER=root ; COMMAND=/usr/sbin/reboot
Aug 21 09:07:24 ip-172-31-21-130 sudo[13293]: pam_unix(sudo:session): session opened for user root(uid=0) by ubuntu(uid=1000)
Aug 21 09:07:24 ip-172-31-21-130 systemd-logind[586]: The system will reboot now!
Aug 21 09:07:24 ip-172-31-21-130 sudo[13293]: pam_unix(sudo:session): session closed for user root
Aug 21 09:07:24 ip-172-31-21-130 systemd-logind[586]: System is rebooting.
Aug 21 09:07:24 ip-172-31-21-130 systemd[1]: unattended-upgrades.service: Deactivated successfully.
Aug 21 09:07:24 ip-172-31-21-130 systemd[1]: Stopped unattended-upgrades.service - Unattended Upgrades Shutdown.
Aug 21 09:07:24 ip-172-31-21-130 systemd[1]: Stopping session-102.scope - Session 102 of User ubuntu...
Aug 21 09:07:24 ip-172-31-21-130 systemd[1]: Stopping session-104.scope - Session 104 of User ubuntu...
Aug 21 09:07:24 ip-172-31-21-130 systemd[1]: Removed slice system-modprobe.slice - Slice /system/modprobe.
Aug 21 09:07:24 ip-172-31-21-130 systemd[1]: Stopped target cloud-init.target - Cloud-init target.
Aug 21 09:07:24 ip-172-31-21-130 sshd[3215]: pam_unix(sshd:session): session closed for user ubuntu
Aug 21 09:07:24 ip-172-31-21-130 systemd[1]: Stopped target graphical.target - Graphical Interface.
Aug 21 09:07:24 ip-172-31-21-130 systemd[1]: Stopped target nss-lookup.target - Host and Network Name Lookups.
Aug 21 09:07:24 ip-172-31-21-130 systemd[1]: Stopped target timers.target - Timer Units.
Aug 21 09:07:24 ip-172-31-21-130 systemd[1]: apt-daily-upgrade.timer: Deactivated successfully.
Aug 21 09:07:24 ip-172-31-21-130 systemd[1]: Stopped apt-daily-upgrade.timer - Daily apt upgrade and clean activities.
Aug 21 09:07:24 ip-172-31-21-130 sshd[3217]: pam_unix(sshd:session): session closed for user ubuntu
Aug 21 09:07:24 ip-172-31-21-130 systemd[1]: apt-daily.timer: Deactivated successfully.
Aug 21 09:07:24 ip-172-31-21-130 systemd[1]: Stopped apt-daily.timer - Daily apt download activities.
Aug 21 09:07:24 ip-172-31-21-130 systemd[1]: dpkg-db-backup.timer: Deactivated successfully.
Aug 21 09:07:24 ip-172-31-21-130 systemd[1]: Stopped dpkg-db-backup.timer - Daily dpkg database backup timer.
Aug 21 09:07:24 ip-172-31-21-130 systemd[1]: e2scrub_all.timer: Deactivated successfully.
Aug 21 09:07:24 ip-172-31-21-130 systemd[1]: Stopped e2scrub_all.timer - Periodic ext4 Online Metadata Check for All Filesystems.
Aug 21 09:07:24 ip-172-31-21-130 systemd[1]: fstrim.timer: Deactivated successfully.
Aug 21 09:07:24 ip-172-31-21-130 systemd[1]: Stopped fstrim.timer - Discard unused filesystem blocks once a week.
Aug 21 09:07:24 ip-172-31-21-130 systemd[1]: fwupd-refresh.timer: Deactivated successfully.
Aug 21 09:07:24 ip-172-31-21-130 systemd[1]: Stopped fwupd-refresh.timer - Refresh fwupd metadata regularly.
Aug 21 09:07:24 ip-172-31-21-130 systemd[1]: logrotate.timer: Deactivated successfully.
Aug 21 09:07:24 ip-172-31-21-130 systemd[1]: Stopped logrotate.timer - Daily rotation of log files.
Aug 21 09:07:24 ip-172-31-21-130 systemd[1]: man-db.timer: Deactivated successfully.
Aug 21 09:07:24 ip-172-31-21-130 systemd[1]: Stopped man-db.timer - Daily man-db regeneration.
Aug 21 09:07:24 ip-172-31-21-130 systemd[1]: motd-news.timer: Deactivated successfully.
Aug 21 09:07:24 ip-172-31-21-130 systemd[1]: Stopped motd-news.timer - Message of the Day.
Aug 21 09:07:24 ip-172-31-21-130 systemd[1]: sysstat-collect.timer: Deactivated successfully.
Aug 21 09:07:24 ip-172-31-21-130 systemd[1]: Stopped sysstat-collect.timer - Run system activity accounting tool every 10 minutes.
Aug 21 09:07:24 ip-172-31-21-130 systemd[1]: sysstat-summary.timer: Deactivated successfully.
Aug 21 09:07:24 ip-172-31-21-130 systemd[1]: Stopped sysstat-summary.timer - Generate summary of yesterday's process accounting.
Aug 21 09:07:24 ip-172-31-21-130 systemd[1]: systemd-tmpfiles-clean.timer: Deactivated successfully.
Aug 21 09:07:24 ip-172-31-21-130 systemd[1]: Stopped systemd-tmpfiles-clean.timer - Daily Cleanup of Temporary Directories.
Aug 21 09:07:24 ip-172-31-21-130 systemd[1]: update-notifier-download.timer: Deactivated successfully.
Aug 21 09:07:24 ip-172-31-21-130 systemd[1]: Stopped update-notifier-download.timer - Download data for packages that failed at package install time.
Aug 21 09:07:24 ip-172-31-21-130 systemd[1]: update-notifier-motd.timer: Deactivated successfully.
Aug 21 09:07:24 ip-172-31-21-130 systemd[1]: Stopped update-notifier-motd.timer - Check to see whether there is a new version of Ubuntu available.
Aug 21 09:07:24 ip-172-31-21-130 systemd[1]: cloud-init-hotplugd.socket: Deactivated successfully.
Aug 21 09:07:24 ip-172-31-21-130 systemd[1]: Closed cloud-init-hotplugd.socket - cloud-init hotplug hook socket.
Aug 21 09:07:24 ip-172-31-21-130 systemd[1]: lvm2-lvmpolld.socket: Deactivated successfully.
Aug 21 09:07:24 ip-172-31-21-130 systemd[1]: Closed lvm2-lvmpolld.socket - LVM2 poll daemon socket.
Aug 21 09:07:24 ip-172-31-21-130 systemd[1]: systemd-rfkill.socket: Deactivated successfully.
Aug 21 09:07:24 ip-172-31-21-130 systemd[1]: Closed systemd-rfkill.socket - Load/Save RF Kill Switch Status /dev/rfkill Watch.
Aug 21 09:07:24 ip-172-31-21-130 systemd[1]: Stopping acpid.service - ACPI event daemon...
Aug 21 09:07:24 ip-172-31-21-130 systemd[1]: Stopping blk-availability.service - Availability of block devices...
Aug 21 09:07:24 ip-172-31-21-130 systemd[1]: cloud-final.service: Deactivated successfully.
Aug 21 09:07:24 ip-172-31-21-130 systemd[1]: Stopped cloud-final.service - Cloud-init: Final Stage.
Aug 21 09:07:24 ip-172-31-21-130 systemd[1]: Stopped target multi-user.target - Multi-User System.
Aug 21 09:07:24 ip-172-31-21-130 systemd[1]: Stopped target getty.target - Login Prompts.
Aug 21 09:07:24 ip-172-31-21-130 systemd[1]: Stopped target time-sync.target - System Time Synchronized.
Aug 21 09:07:24 ip-172-31-21-130 systemd[1]: Stopping ModemManager.service - Modem Manager...
Aug 21 09:07:24 ip-172-31-21-130 ModemManager[751]: <msg> caught signal, shutting down...
Aug 21 09:07:24 ip-172-31-21-130 systemd[1]: Stopping apport.service - automatic crash report generation...
Aug 21 09:07:24 ip-172-31-21-130 systemd[1]: Stopping chrony.service - chrony, an NTP client/server...
Aug 21 09:07:24 ip-172-31-21-130 chronyd[689]: chronyd exiting
Aug 21 09:07:24 ip-172-31-21-130 ModemManager[751]: <msg> ModemManager is shut down
Aug 21 09:07:24 ip-172-31-21-130 systemd[1]: cloud-config.service: Deactivated successfully.
Aug 21 09:07:24 ip-172-31-21-130 systemd[1]: Stopped cloud-config.service - Cloud-init: Config Stage.
Aug 21 09:07:24 ip-172-31-21-130 systemd[1]: Stopped target cloud-config.target - Cloud-config availability.
Aug 21 09:07:24 ip-172-31-21-130 systemd[1]: Stopped target network-online.target - Network is Online.
Aug 21 09:07:24 ip-172-31-21-130 systemd[1]: Stopping cron.service - Regular background program processing daemon...
Aug 21 09:07:24 ip-172-31-21-130 blkdeactivate[13300]: Deactivating block devices:
Aug 21 09:07:24 ip-172-31-21-130 systemd[1]: Stopping finalrd.service - Create final runtime dir for shutdown pivot root...
Aug 21 09:07:24 ip-172-31-21-130 systemd[1]: Stopping getty@tty1.service - Getty on tty1...
Aug 21 09:07:24 ip-172-31-21-130 systemd[1]: Stopping irqbalance.service - irqbalance daemon...
Aug 21 09:07:24 ip-172-31-21-130 systemd[1]: Stopping networkd-dispatcher.service - Dispatcher daemon for systemd-networkd...
Aug 21 09:07:24 ip-172-31-21-130 systemd[1]: Stopping packagekit.service - PackageKit Daemon...
Aug 21 09:07:24 ip-172-31-21-130 systemd[1]: plymouth-quit.service: Deactivated successfully.
Aug 21 09:07:24 ip-172-31-21-130 systemd[1]: Stopped plymouth-quit.service - Terminate Plymouth Boot Screen.
Aug 21 09:07:24 ip-172-31-21-130 systemd[1]: Stopping rsyslog.service - System Logging Service...
Aug 21 09:07:24 ip-172-31-21-130 rsyslogd[722]: [origin software="rsyslogd" swVersion="8.2312.0" x-pid="722" x-info="https://www.rsyslog.com"] exiting on signal 15.
Aug 21 09:07:24 ip-172-31-21-130 systemd[1]: Stopping serial-getty@ttyS0.service - Serial Getty on ttyS0...
Aug 21 09:07:24 ip-172-31-21-130 systemd[1]: Stopping snap.amazon-ssm-agent.amazon-ssm-agent.service - Service for snap application amazon-ssm-agent.amazon-ssm-agent...
Aug 21 09:07:24 ip-172-31-21-130 systemd[1]: snapd.seeded.service: Deactivated successfully.
Aug 21 09:07:24 ip-172-31-21-130 amazon-ssm-agent.amazon-ssm-agent[573]: 2026-08-21 09:07:24.7076 INFO [amazon-ssm-agent] amazon-ssm-agent got signal:terminated value:0x73c6555460c0
Aug 21 09:07:24 ip-172-31-21-130 amazon-ssm-agent.amazon-ssm-agent[573]: 2026-08-21 09:07:24.7079 INFO [amazon-ssm-agent] Received stop/termination signal from main routine
Aug 21 09:07:24 ip-172-31-21-130 amazon-ssm-agent.amazon-ssm-agent[573]: 2026-08-21 09:07:24.7080 INFO [amazon-ssm-agent] Stopping Core Agent
Aug 21 09:07:24 ip-172-31-21-130 systemd[1]: Stopped snapd.seeded.service - Wait until snapd is fully seeded.
Aug 21 09:07:24 ip-172-31-21-130 snapd[576]: main.go:197: Exiting on terminated signal.
Aug 21 09:07:24 ip-172-31-21-130 systemd[1]: Stopping snapd.service - Snap Daemon...
Aug 21 09:07:24 ip-172-31-21-130 systemd[1]: snapd.system-shutdown.service - Ubuntu core (all-snaps) system shutdown helper setup service was skipped because of an unmet condition check (ConditionPathExists=!/usr/bin/finalrd).
Aug 21 09:07:24 ip-172-31-21-130 sshd[911]: Received signal 15; terminating.
Aug 21 09:07:24 ip-172-31-21-130 systemd[1]: Stopping ssh.service - OpenBSD Secure Shell server...
Aug 21 09:07:24 ip-172-31-21-130 systemd[1]: sysstat.service: Deactivated successfully.
Aug 21 09:07:24 ip-172-31-21-130 systemd[1]: Stopped sysstat.service - Resets System Activity Logs.
Aug 21 09:07:24 ip-172-31-21-130 systemd[1]: Stopping systemd-random-seed.service - Load/Save OS Random Seed...
Aug 21 09:07:24 ip-172-31-21-130 systemd[1]: Stopping udisks2.service - Disk Manager...
Aug 21 09:07:24 ip-172-31-21-130 systemd[1]: acpid.service: Deactivated successfully.
Aug 21 09:07:24 ip-172-31-21-130 systemd[1]: Stopped acpid.service - ACPI event daemon.
Aug 21 09:07:24 ip-172-31-21-130 systemd[1]: cron.service: Deactivated successfully.
Aug 21 09:07:24 ip-172-31-21-130 systemd[1]: Stopped cron.service - Regular background program processing daemon.
Aug 21 09:07:24 ip-172-31-21-130 systemd[1]: irqbalance.service: Deactivated successfully.
Aug 21 09:07:24 ip-172-31-21-130 systemd[1]: Stopped irqbalance.service - irqbalance daemon.
Aug 21 09:07:24 ip-172-31-21-130 systemd[1]: irqbalance.service: Consumed 1.451s CPU time, 1.3M memory peak, 0B memory swap peak.
Aug 21 09:07:24 ip-172-31-21-130 systemd[1]: networkd-dispatcher.service: Deactivated successfully.
Aug 21 09:07:24 ip-172-31-21-130 systemd[1]: Stopped networkd-dispatcher.service - Dispatcher daemon for systemd-networkd.
Aug 21 09:07:24 ip-172-31-21-130 systemd[1]: serial-getty@ttyS0.service: Deactivated successfully.
Aug 21 09:07:24 ip-172-31-21-130 systemd[1]: Stopped serial-getty@ttyS0.service - Serial Getty on ttyS0.
Aug 21 09:07:24 ip-172-31-21-130 systemd[1]: chrony.service: Deactivated successfully.
Aug 21 09:07:24 ip-172-31-21-130 systemd[1]: Stopped chrony.service - chrony, an NTP client/server.
Aug 21 09:07:24 ip-172-31-21-130 systemd[1]: rsyslog.service: Deactivated successfully.
Aug 21 09:07:24 ip-172-31-21-130 systemd[1]: Stopped rsyslog.service - System Logging Service.
Aug 21 09:07:24 ip-172-31-21-130 systemd[1]: ModemManager.service: Deactivated successfully.
Aug 21 09:07:24 ip-172-31-21-130 systemd[1]: Stopped ModemManager.service - Modem Manager.
Aug 21 09:07:24 ip-172-31-21-130 systemd[1]: getty@tty1.service: Deactivated successfully.
Aug 21 09:07:24 ip-172-31-21-130 systemd[1]: Stopped getty@tty1.service - Getty on tty1.
Aug 21 09:07:24 ip-172-31-21-130 udisksd[604]: udisks daemon version 2.10.1 exiting
Aug 21 09:07:24 ip-172-31-21-130 systemd[1]: udisks2.service: Deactivated successfully.
Aug 21 09:07:24 ip-172-31-21-130 systemd[1]: Stopped udisks2.service - Disk Manager.
Aug 21 09:07:24 ip-172-31-21-130 systemd[1]: udisks2.service: Consumed 1.000s CPU time, 8.3M memory peak, 0B memory swap peak.
Aug 21 09:07:24 ip-172-31-21-130 systemd[1]: ssh.service: Deactivated successfully.
Aug 21 09:07:24 ip-172-31-21-130 systemd[1]: Stopped ssh.service - OpenBSD Secure Shell server.
Aug 21 09:07:24 ip-172-31-21-130 systemd[1]: ssh.service: Consumed 2.542s CPU time, 9.3M memory peak, 0B memory swap peak.
Aug 21 09:07:24 ip-172-31-21-130 systemd[1]: packagekit.service: Deactivated successfully.
Aug 21 09:07:24 ip-172-31-21-130 systemd[1]: Stopped packagekit.service - PackageKit Daemon.
Aug 21 09:07:24 ip-172-31-21-130 systemd[1]: blk-availability.service: Deactivated successfully.
Aug 21 09:07:24 ip-172-31-21-130 systemd[1]: Stopped blk-availability.service - Availability of block devices.
Aug 21 09:07:24 ip-172-31-21-130 systemd[1]: systemd-random-seed.service: Deactivated successfully.
Aug 21 09:07:24 ip-172-31-21-130 systemd[1]: Stopped systemd-random-seed.service - Load/Save OS Random Seed.
Aug 21 09:07:24 ip-172-31-21-130 systemd[1]: session-102.scope: Deactivated successfully.
Aug 21 09:07:24 ip-172-31-21-130 systemd[1]: Stopped session-102.scope - Session 102 of User ubuntu.
Aug 21 09:07:24 ip-172-31-21-130 systemd[1]: session-102.scope: Consumed 22.756s CPU time, 403.8M memory peak, 0B memory swap peak.
Aug 21 09:07:24 ip-172-31-21-130 systemd[1]: session-104.scope: Deactivated successfully.
Aug 21 09:07:24 ip-172-31-21-130 systemd[1]: Stopped session-104.scope - Session 104 of User ubuntu.
Aug 21 09:07:24 ip-172-31-21-130 systemd-logind[586]: Session 102 logged out. Waiting for processes to exit.
Aug 21 09:07:24 ip-172-31-21-130 systemd-logind[586]: Session 104 logged out. Waiting for processes to exit.
Aug 21 09:07:24 ip-172-31-21-130 systemd-logind[586]: Removed session 104.
Aug 21 09:07:24 ip-172-31-21-130 systemd-logind[586]: Removed session 102.
Aug 21 09:07:24 ip-172-31-21-130 systemd[1]: Removed slice system-getty.slice - Slice /system/getty.
Aug 21 09:07:24 ip-172-31-21-130 systemd[1]: Removed slice system-serial\x2dgetty.slice - Slice /system/serial-getty.
Aug 21 09:07:24 ip-172-31-21-130 systemd[1]: Stopped target getty-pre.target - Preparation for Logins.
Aug 21 09:07:24 ip-172-31-21-130 systemd[1]: plymouth-quit-wait.service: Deactivated successfully.
Aug 21 09:07:24 ip-172-31-21-130 systemd[1]: Stopped plymouth-quit-wait.service - Hold until boot process finishes up.
Aug 21 09:07:24 ip-172-31-21-130 systemd[1]: plymouth-reboot.service - Show Plymouth Reboot Screen was skipped because of an unmet condition check (ConditionKernelCommandLine=splash).
Aug 21 09:07:24 ip-172-31-21-130 systemd[1]: plymouth-switch-root-initramfs.service - Tell Plymouth To Jump To initramfs was skipped because no trigger condition checks were met.
Aug 21 09:07:24 ip-172-31-21-130 systemd[1]: Stopping polkit.service - Authorization Manager...
Aug 21 09:07:24 ip-172-31-21-130 systemd[1]: Stopping systemd-logind.service - User Login Management...
Aug 21 09:07:24 ip-172-31-21-130 systemd[3221]: Activating special unit exit.target...
Aug 21 09:07:24 ip-172-31-21-130 systemd[3221]: Stopped target default.target - Main User Target.
Aug 21 09:07:24 ip-172-31-21-130 systemd[3221]: Stopped target basic.target - Basic System.
Aug 21 09:07:24 ip-172-31-21-130 systemd[3221]: Stopped target paths.target - Paths.
Aug 21 09:07:24 ip-172-31-21-130 systemd[3221]: Stopped target sockets.target - Sockets.
Aug 21 09:07:24 ip-172-31-21-130 systemd[3221]: Stopped target timers.target - Timers.
Aug 21 09:07:24 ip-172-31-21-130 systemd[3221]: Stopped launchpadlib-cache-clean.timer - Clean up old files in the Launchpadlib cache.
Aug 21 09:07:24 ip-172-31-21-130 systemd[3221]: Closed dbus.socket - D-Bus User Message Bus Socket.
Aug 21 09:07:24 ip-172-31-21-130 systemd[3221]: Closed dirmngr.socket - GnuPG network certificate management daemon.
Aug 21 09:07:24 ip-172-31-21-130 systemd[3221]: Closed gpg-agent-browser.socket - GnuPG cryptographic agent and passphrase cache (access for web browsers).
Aug 21 09:07:24 ip-172-31-21-130 systemd[3221]: Closed gpg-agent-extra.socket - GnuPG cryptographic agent and passphrase cache (restricted).
Aug 21 09:07:24 ip-172-31-21-130 systemd[1]: Stopping user@1000.service - User Manager for UID 1000...
Aug 21 09:07:24 ip-172-31-21-130 systemd[1]: polkit.service: Deactivated successfully.
Aug 21 09:07:24 ip-172-31-21-130 systemd[3221]: Stopping gpg-agent-ssh.socket - GnuPG cryptographic agent (ssh-agent emulation)...
Aug 21 09:07:24 ip-172-31-21-130 systemd[1]: Stopped polkit.service - Authorization Manager.
Aug 21 09:07:24 ip-172-31-21-130 systemd[3221]: Closed gpg-agent.socket - GnuPG cryptographic agent and passphrase cache.
Aug 21 09:07:24 ip-172-31-21-130 systemd[3221]: Closed keyboxd.socket - GnuPG public key management service.
Aug 21 09:07:24 ip-172-31-21-130 systemd[3221]: Closed pk-debconf-helper.socket - debconf communication socket.
Aug 21 09:07:24 ip-172-31-21-130 systemd[3221]: Closed snapd.session-agent.socket - REST API socket for snapd user session agent.
Aug 21 09:07:24 ip-172-31-21-130 systemd[1]: systemd-logind.service: Deactivated successfully.
Aug 21 09:07:24 ip-172-31-21-130 systemd[1]: Stopped systemd-logind.service - User Login Management.
Aug 21 09:07:24 ip-172-31-21-130 systemd[3221]: Closed gpg-agent-ssh.socket - GnuPG cryptographic agent (ssh-agent emulation).
Aug 21 09:07:24 ip-172-31-21-130 systemd[3221]: Removed slice app.slice - User Application Slice.
Aug 21 09:07:24 ip-172-31-21-130 systemd[3221]: Reached target shutdown.target - Shutdown.
Aug 21 09:07:24 ip-172-31-21-130 systemd[3221]: Finished systemd-exit.service - Exit the Session.
Aug 21 09:07:24 ip-172-31-21-130 systemd[3221]: Reached target exit.target - Exit the Session.
Aug 21 09:07:24 ip-172-31-21-130 systemd[1]: user@1000.service: Deactivated successfully.
Aug 21 09:07:24 ip-172-31-21-130 systemd[1]: Stopped user@1000.service - User Manager for UID 1000.
Aug 21 09:07:24 ip-172-31-21-130 systemd[1]: Stopping systemd-user-sessions.service - Permit User Sessions...
Aug 21 09:07:24 ip-172-31-21-130 systemd[1]: Stopping user-runtime-dir@1000.service - User Runtime Directory /run/user/1000...
Aug 21 09:07:24 ip-172-31-21-130 systemd[1]: systemd-user-sessions.service: Deactivated successfully.
Aug 21 09:07:24 ip-172-31-21-130 systemd[1]: Stopped systemd-user-sessions.service - Permit User Sessions.
Aug 21 09:07:24 ip-172-31-21-130 systemd-tmpfiles[13445]: /run/finalrd-libs.conf:47: Duplicate line for path "/run/initramfs/lib64", ignoring.
Aug 21 09:07:24 ip-172-31-21-130 systemd[1]: run-user-1000.mount: Deactivated successfully.
Aug 21 09:07:24 ip-172-31-21-130 systemd[1]: Unmounted run-user-1000.mount - /run/user/1000.
Aug 21 09:07:24 ip-172-31-21-130 systemd[1]: user-runtime-dir@1000.service: Deactivated successfully.
Aug 21 09:07:24 ip-172-31-21-130 systemd[1]: Stopped user-runtime-dir@1000.service - User Runtime Directory /run/user/1000.
Aug 21 09:07:24 ip-172-31-21-130 systemd[1]: Removed slice user-1000.slice - User Slice of UID 1000.
Aug 21 09:07:24 ip-172-31-21-130 systemd[1]: user-1000.slice: Consumed 22.970s CPU time, 409.7M memory peak, 0B memory swap peak.
Aug 21 09:07:24 ip-172-31-21-130 finalrd[13449]: run-parts: executing /usr/share/finalrd/kexec-tools.finalrd setup
Aug 21 09:07:24 ip-172-31-21-130 systemd[1]: apport.service: Deactivated successfully.
Aug 21 09:07:24 ip-172-31-21-130 systemd[1]: Stopped apport.service - automatic crash report generation.
Aug 21 09:07:24 ip-172-31-21-130 systemd[1]: Stopped target remote-fs.target - Remote File Systems.
Aug 21 09:07:24 ip-172-31-21-130 systemd[1]: Stopped target remote-fs-pre.target - Preparation for Remote File Systems.
Aug 21 09:07:24 ip-172-31-21-130 finalrd[13449]: run-parts: executing /usr/share/finalrd/mdadm.finalrd setup
Aug 21 09:07:24 ip-172-31-21-130 finalrd[13449]: run-parts: executing /usr/share/finalrd/open-iscsi.finalrd setup
Aug 21 09:07:25 ip-172-31-21-130 systemd[1]: finalrd.service: Deactivated successfully.
Aug 21 09:07:25 ip-172-31-21-130 systemd[1]: Stopped finalrd.service - Create final runtime dir for shutdown pivot root.
Aug 21 09:07:27 ip-172-31-21-130 snapd[576]: standby.go:121: standby monitoring stop requested
Aug 21 09:07:27 ip-172-31-21-130 snapd[576]: overlord.go:568: Released state lock file
Aug 21 09:07:27 ip-172-31-21-130 snapd[576]: seclog.go:189: security logger disabled
Aug 21 09:07:27 ip-172-31-21-130 systemd[1]: snapd.service: Deactivated successfully.
Aug 21 09:07:27 ip-172-31-21-130 systemd[1]: Stopped snapd.service - Snap Daemon.
Aug 21 09:07:27 ip-172-31-21-130 systemd[1]: snapd.service: Consumed 2.917s CPU time, 73.3M memory peak, 0B memory swap peak.
Aug 21 09:07:27 ip-172-31-21-130 systemd[1]: Stopped target time-set.target - System Time Set.
Aug 21 09:07:31 ip-172-31-21-130 amazon-ssm-agent.amazon-ssm-agent[573]: 2026-08-21 09:07:31.7156 INFO [CredentialRefresher] Sending credential refresher stop signal
Aug 21 09:07:31 ip-172-31-21-130 amazon-ssm-agent.amazon-ssm-agent[573]: 2026-08-21 09:07:31.7156 INFO [Registrar] Registrar is already stopped
Aug 21 09:07:31 ip-172-31-21-130 amazon-ssm-agent.amazon-ssm-agent[573]: 2026-08-21 09:07:31.7157 INFO [CredentialRefresher] Stopping credentials refresher
Aug 21 09:07:31 ip-172-31-21-130 amazon-ssm-agent.amazon-ssm-agent[573]: 2026-08-21 09:07:31.7158 INFO [amazon-ssm-agent] Bye.
Aug 21 09:07:31 ip-172-31-21-130 systemd[1]: snap.amazon-ssm-agent.amazon-ssm-agent.service: Deactivated successfully.
Aug 21 09:07:31 ip-172-31-21-130 systemd[1]: Stopped snap.amazon-ssm-agent.amazon-ssm-agent.service - Service for snap application amazon-ssm-agent.amazon-ssm-agent.
Aug 21 09:07:31 ip-172-31-21-130 systemd[1]: snap.amazon-ssm-agent.amazon-ssm-agent.service: Consumed 2.543s CPU time, 57.1M memory peak, 0B memory swap peak.
Aug 21 09:07:31 ip-172-31-21-130 systemd[1]: Stopped target basic.target - Basic System.
Aug 21 09:07:31 ip-172-31-21-130 systemd[1]: Stopped target network.target - Network.
Aug 21 09:07:31 ip-172-31-21-130 systemd[1]: Stopped target paths.target - Path Units.
Aug 21 09:07:31 ip-172-31-21-130 systemd[1]: acpid.path: Deactivated successfully.
Aug 21 09:07:31 ip-172-31-21-130 systemd[1]: Stopped acpid.path - ACPI Events Check.
Aug 21 09:07:31 ip-172-31-21-130 systemd[1]: Stopped target slices.target - Slice Units.
Aug 21 09:07:31 ip-172-31-21-130 systemd[1]: Removed slice user.slice - User and Session Slice.
Aug 21 09:07:31 ip-172-31-21-130 systemd[1]: user.slice: Consumed 25.744s CPU time, 438.7M memory peak, 0B memory swap peak.
Aug 21 09:07:31 ip-172-31-21-130 systemd[1]: Stopped target sockets.target - Socket Units.
Aug 21 09:07:31 ip-172-31-21-130 systemd[1]: acpid.socket: Deactivated successfully.
Aug 21 09:07:31 ip-172-31-21-130 systemd[1]: Closed acpid.socket - ACPID Listen Socket.
Aug 21 09:07:31 ip-172-31-21-130 systemd[1]: iscsid.socket: Deactivated successfully.
Aug 21 09:07:31 ip-172-31-21-130 systemd[1]: Closed iscsid.socket - Open-iSCSI iscsid Socket.
Aug 21 09:07:31 ip-172-31-21-130 systemd[1]: lxd-installer.socket: Deactivated successfully.
Aug 21 09:07:31 ip-172-31-21-130 systemd[1]: Closed lxd-installer.socket - Helper to install lxd snap on demand.
Aug 21 09:07:31 ip-172-31-21-130 systemd[1]: snapd.socket: Deactivated successfully.
Aug 21 09:07:31 ip-172-31-21-130 systemd[1]: Closed snapd.socket - Socket activation for snappy daemon.
Aug 21 09:07:31 ip-172-31-21-130 systemd[1]: ssh.socket: Deactivated successfully.
Aug 21 09:07:31 ip-172-31-21-130 systemd[1]: Closed ssh.socket - OpenBSD Secure Shell server socket.
Aug 21 09:07:31 ip-172-31-21-130 systemd[1]: syslog.socket: Deactivated successfully.
Aug 21 09:07:31 ip-172-31-21-130 systemd[1]: Closed syslog.socket - Syslog Socket.
Aug 21 09:07:31 ip-172-31-21-130 systemd[1]: uuidd.socket: Deactivated successfully.
Aug 21 09:07:31 ip-172-31-21-130 systemd[1]: Closed uuidd.socket - UUID daemon activation socket.
Aug 21 09:07:31 ip-172-31-21-130 systemd[1]: Stopped target sysinit.target - System Initialization.
Aug 21 09:07:31 ip-172-31-21-130 systemd[1]: Stopped target cryptsetup.target - Local Encrypted Volumes.
Aug 21 09:07:31 ip-172-31-21-130 systemd[1]: systemd-ask-password-console.path: Deactivated successfully.
Aug 21 09:07:31 ip-172-31-21-130 systemd[1]: Stopped systemd-ask-password-console.path - Dispatch Password Requests to Console Directory Watch.
Aug 21 09:07:31 ip-172-31-21-130 systemd[1]: systemd-ask-password-wall.path: Deactivated successfully.
Aug 21 09:07:31 ip-172-31-21-130 systemd[1]: Stopped systemd-ask-password-wall.path - Forward Password Requests to Wall Directory Watch.
Aug 21 09:07:31 ip-172-31-21-130 systemd[1]: Stopped target integritysetup.target - Local Integrity Protected Volumes.
Aug 21 09:07:31 ip-172-31-21-130 systemd[1]: Stopped target swap.target - Swaps.
Aug 21 09:07:31 ip-172-31-21-130 systemd[1]: Stopped target veritysetup.target - Local Verity Protected Volumes.
Aug 21 09:07:31 ip-172-31-21-130 systemd[1]: cloud-init.service: Deactivated successfully.
Aug 21 09:07:31 ip-172-31-21-130 systemd[1]: Stopped cloud-init.service - Cloud-init: Network Stage.
Aug 21 09:07:31 ip-172-31-21-130 systemd[1]: Stopping systemd-binfmt.service - Set Up Additional Binary Formats...
Aug 21 09:07:31 ip-172-31-21-130 systemd[1]: systemd-networkd-wait-online.service: Deactivated successfully.
Aug 21 09:07:31 ip-172-31-21-130 systemd[1]: Stopped systemd-networkd-wait-online.service - Wait for Network to be Configured.
Aug 21 09:07:31 ip-172-31-21-130 systemd[1]: Stopping systemd-networkd.service - Network Configuration...
Aug 21 09:07:31 ip-172-31-21-130 systemd-networkd[512]: enX0: DHCP lease lost
Aug 21 09:07:31 ip-172-31-21-130 systemd-networkd[512]: enX0: DHCPv6 lease lost
Aug 21 09:07:31 ip-172-31-21-130 systemd[1]: Stopping systemd-resolved.service - Network Name Resolution...
Aug 21 09:07:31 ip-172-31-21-130 systemd[1]: Stopping systemd-update-utmp.service - Record System Boot/Shutdown in UTMP...
Aug 21 09:07:31 ip-172-31-21-130 systemd[1]: systemd-networkd.service: Deactivated successfully.
Aug 21 09:07:31 ip-172-31-21-130 systemd[1]: Stopped systemd-networkd.service - Network Configuration.
Aug 21 09:07:31 ip-172-31-21-130 systemd[1]: Stopped target network-pre.target - Preparation for Network.
Aug 21 09:07:31 ip-172-31-21-130 systemd[1]: systemd-networkd.socket: Deactivated successfully.
Aug 21 09:07:31 ip-172-31-21-130 systemd[1]: Closed systemd-networkd.socket - Network Service Netlink Socket.
Aug 21 09:07:31 ip-172-31-21-130 systemd[1]: cloud-init-local.service: Deactivated successfully.
Aug 21 09:07:31 ip-172-31-21-130 systemd[1]: Stopped cloud-init-local.service - Cloud-init: Local Stage (pre-network).
Aug 21 09:07:31 ip-172-31-21-130 systemd[1]: systemd-resolved.service: Deactivated successfully.
Aug 21 09:07:31 ip-172-31-21-130 systemd[1]: Stopped systemd-resolved.service - Network Name Resolution.
Aug 21 09:07:31 ip-172-31-21-130 systemd[1]: systemd-binfmt.service: Deactivated successfully.
Aug 21 09:07:31 ip-172-31-21-130 systemd[1]: Stopped systemd-binfmt.service - Set Up Additional Binary Formats.
Aug 21 09:07:31 ip-172-31-21-130 systemd[1]: proc-sys-fs-binfmt_misc.automount: Deactivated successfully.
Aug 21 09:07:31 ip-172-31-21-130 systemd[1]: Unset automount proc-sys-fs-binfmt_misc.automount - Arbitrary Executable File Formats File System Automount Point.
Aug 21 09:07:31 ip-172-31-21-130 systemd[1]: systemd-sysctl.service: Deactivated successfully.
Aug 21 09:07:31 ip-172-31-21-130 systemd[1]: Stopped systemd-sysctl.service - Apply Kernel Variables.
Aug 21 09:07:31 ip-172-31-21-130 systemd[1]: systemd-modules-load.service: Deactivated successfully.
Aug 21 09:07:31 ip-172-31-21-130 systemd[1]: Stopped systemd-modules-load.service - Load Kernel Modules.
Aug 21 09:07:31 ip-172-31-21-130 systemd[1]: proc-sys-fs-binfmt_misc.mount: Deactivated successfully.
Aug 21 09:07:31 ip-172-31-21-130 systemd[1]: systemd-update-utmp.service: Deactivated successfully.
Aug 21 09:07:31 ip-172-31-21-130 systemd[1]: Stopped systemd-update-utmp.service - Record System Boot/Shutdown in UTMP.
Aug 21 09:07:31 ip-172-31-21-130 systemd[1]: systemd-tmpfiles-setup.service: Deactivated successfully.
Aug 21 09:07:31 ip-172-31-21-130 systemd[1]: Stopped systemd-tmpfiles-setup.service - Create Volatile Files and Directories.
Aug 21 09:07:31 ip-172-31-21-130 systemd[1]: Stopped target local-fs.target - Local File Systems.
Aug 21 09:07:31 ip-172-31-21-130 systemd[1]: Stopped target snapd.mounts.target - Mounted snaps.
Aug 21 09:07:31 ip-172-31-21-130 systemd[1]: Unmounting boot-efi.mount - /boot/efi...
Aug 21 09:07:31 ip-172-31-21-130 systemd[1]: Unmounting snap-amazon\x2dssm\x2dagent-13009.mount - Mount unit for amazon-ssm-agent, revision 13009...
Aug 21 09:07:31 ip-172-31-21-130 systemd[1]: Unmounting snap-amazon\x2dssm\x2dagent-13349.mount - Mount unit for amazon-ssm-agent, revision 13349...
Aug 21 09:07:31 ip-172-31-21-130 systemd[1]: Unmounting snap-core22-2411.mount - Mount unit for core22, revision 2411...
Aug 21 09:07:31 ip-172-31-21-130 systemd[1]: Unmounting snap-core22-2437.mount - Mount unit for core22, revision 2437...
Aug 21 09:07:31 ip-172-31-21-130 systemd[1]: Unmounting snap-snapd-26865.mount - Mount unit for snapd, revision 26865...
Aug 21 09:07:31 ip-172-31-21-130 systemd[1]: Unmounting snap-snapd-27710.mount - Mount unit for snapd, revision 27710...
Aug 21 09:07:31 ip-172-31-21-130 systemd[1]: boot-efi.mount: Deactivated successfully.
Aug 21 09:07:31 ip-172-31-21-130 systemd[1]: Unmounted boot-efi.mount - /boot/efi.
Aug 21 09:07:31 ip-172-31-21-130 systemd[1]: snap-amazon\x2dssm\x2dagent-13009.mount: Deactivated successfully.
Aug 21 09:07:31 ip-172-31-21-130 systemd[1]: Unmounted snap-amazon\x2dssm\x2dagent-13009.mount - Mount unit for amazon-ssm-agent, revision 13009.
Aug 21 09:07:31 ip-172-31-21-130 systemd[1]: Unmounting boot.mount - /boot...
Aug 21 09:07:31 ip-172-31-21-130 systemd[1]: systemd-fsck@dev-disk-by\x2dlabel-UEFI.service: Deactivated successfully.
Aug 21 09:07:31 ip-172-31-21-130 systemd[1]: Stopped systemd-fsck@dev-disk-by\x2dlabel-UEFI.service - File System Check on /dev/disk/by-label/UEFI.
Aug 21 09:07:31 ip-172-31-21-130 systemd[1]: snap-amazon\x2dssm\x2dagent-13349.mount: Deactivated successfully.
Aug 21 09:07:31 ip-172-31-21-130 systemd[1]: Unmounted snap-amazon\x2dssm\x2dagent-13349.mount - Mount unit for amazon-ssm-agent, revision 13349.
Aug 21 09:07:31 ip-172-31-21-130 systemd[1]: snap-core22-2411.mount: Deactivated successfully.
Aug 21 09:07:31 ip-172-31-21-130 systemd[1]: Unmounted snap-core22-2411.mount - Mount unit for core22, revision 2411.
Aug 21 09:07:31 ip-172-31-21-130 systemd[1]: snap-core22-2437.mount: Deactivated successfully.
Aug 21 09:07:31 ip-172-31-21-130 systemd[1]: Unmounted snap-core22-2437.mount - Mount unit for core22, revision 2437.
Aug 21 09:07:31 ip-172-31-21-130 systemd[1]: snap-snapd-26865.mount: Deactivated successfully.
Aug 21 09:07:31 ip-172-31-21-130 systemd[1]: Unmounted snap-snapd-26865.mount - Mount unit for snapd, revision 26865.
Aug 21 09:07:31 ip-172-31-21-130 systemd[1]: snap-snapd-27710.mount: Deactivated successfully.
Aug 21 09:07:31 ip-172-31-21-130 systemd[1]: Unmounted snap-snapd-27710.mount - Mount unit for snapd, revision 27710.
Aug 21 09:07:31 ip-172-31-21-130 systemd[1]: Stopped target snapd.mounts-pre.target - Mounting snaps.
Aug 21 09:07:31 ip-172-31-21-130 kernel: EXT4-fs (xvda16): unmounting filesystem 8fb95cef-95fc-48ca-aaab-3f1b1df59748.
Aug 21 09:07:31 ip-172-31-21-130 systemd[1]: boot.mount: Deactivated successfully.
Aug 21 09:07:31 ip-172-31-21-130 systemd[1]: Unmounted boot.mount - /boot.
Aug 21 09:07:31 ip-172-31-21-130 systemd[1]: Reached target umount.target - Unmount All Filesystems.
Aug 21 09:07:31 ip-172-31-21-130 systemd[1]: systemd-fsck@dev-disk-by\x2dlabel-BOOT.service: Deactivated successfully.
Aug 21 09:07:31 ip-172-31-21-130 systemd[1]: Stopped systemd-fsck@dev-disk-by\x2dlabel-BOOT.service - File System Check on /dev/disk/by-label/BOOT.
Aug 21 09:07:31 ip-172-31-21-130 systemd[1]: Removed slice system-systemd\x2dfsck.slice - Slice /system/systemd-fsck.
Aug 21 09:07:31 ip-172-31-21-130 systemd[1]: Stopped target local-fs-pre.target - Preparation for Local File Systems.
Aug 21 09:07:31 ip-172-31-21-130 systemd[1]: Stopping lvm2-monitor.service - Monitoring of LVM2 mirrors, snapshots etc. using dmeventd or progress polling...
Aug 21 09:07:31 ip-172-31-21-130 multipathd[192]: multipathd: shut down
Aug 21 09:07:31 ip-172-31-21-130 systemd[1]: Stopping multipathd.service - Device-Mapper Multipath Device Controller...
Aug 21 09:07:31 ip-172-31-21-130 systemd[1]: systemd-tmpfiles-setup-dev.service: Deactivated successfully.
Aug 21 09:07:31 ip-172-31-21-130 systemd[1]: Stopped systemd-tmpfiles-setup-dev.service - Create Static Device Nodes in /dev.
Aug 21 09:07:31 ip-172-31-21-130 systemd[1]: systemd-tmpfiles-setup-dev-early.service: Deactivated successfully.
Aug 21 09:07:31 ip-172-31-21-130 systemd[1]: Stopped systemd-tmpfiles-setup-dev-early.service - Create Static Device Nodes in /dev gracefully.
Aug 21 09:07:31 ip-172-31-21-130 systemd[1]: lvm2-monitor.service: Deactivated successfully.
Aug 21 09:07:31 ip-172-31-21-130 systemd[1]: Stopped lvm2-monitor.service - Monitoring of LVM2 mirrors, snapshots etc. using dmeventd or progress polling.
Aug 21 09:07:31 ip-172-31-21-130 systemd[1]: multipathd.service: Deactivated successfully.
Aug 21 09:07:31 ip-172-31-21-130 systemd[1]: Stopped multipathd.service - Device-Mapper Multipath Device Controller.
Aug 21 09:07:31 ip-172-31-21-130 systemd[1]: multipathd.service: Consumed 4.103s CPU time, 22.3M memory peak, 0B memory swap peak.
Aug 21 09:07:31 ip-172-31-21-130 systemd[1]: systemd-remount-fs.service: Deactivated successfully.
Aug 21 09:07:31 ip-172-31-21-130 systemd[1]: Stopped systemd-remount-fs.service - Remount Root and Kernel File Systems.
Aug 21 09:07:31 ip-172-31-21-130 systemd[1]: systemd-fsck-root.service: Deactivated successfully.
Aug 21 09:07:31 ip-172-31-21-130 systemd[1]: Stopped systemd-fsck-root.service - File System Check on Root Device.
Aug 21 09:07:31 ip-172-31-21-130 systemd[1]: Reached target shutdown.target - System Shutdown.
Aug 21 09:07:31 ip-172-31-21-130 systemd[1]: Reached target final.target - Late Shutdown Services.
Aug 21 09:07:31 ip-172-31-21-130 systemd[1]: systemd-reboot.service: Deactivated successfully.
Aug 21 09:07:31 ip-172-31-21-130 systemd[1]: Finished systemd-reboot.service - System Reboot.
Aug 21 09:07:31 ip-172-31-21-130 systemd[1]: Reached target reboot.target - System Reboot.
Aug 21 09:07:31 ip-172-31-21-130 systemd[1]: Shutting down.
Aug 21 09:07:31 ip-172-31-21-130 systemd-shutdown[1]: Syncing filesystems and block devices.
Aug 21 09:07:32 ip-172-31-21-130 systemd-shutdown[1]: Sending SIGTERM to remaining processes...
Aug 21 09:07:32 ip-172-31-21-130 systemd-journald[129]: Journal stopped