LINUX RAW PREVIOUS BOOT LOG
================================================================================
Hostname: ip-172-31-21-130
Collection Time: 2026-08-21 16:13:57.317303
================================================================================

Aug 21 11:09:04 ip-172-31-21-130 kernel: Linux version 7.0.0-1010-aws (buildd@lcy02-amd64-063) (x86_64-linux-gnu-gcc-13 (Ubuntu 13.3.0-6ubuntu2~24.04.1) 13.3.0, GNU ld (GNU Binutils for Ubuntu) 2.42) #10~24.04.1-Ubuntu SMP PREEMPT Mon Jul 27 17:41:33 UTC 2026 (Ubuntu 7.0.0-1010.10~24.04.1-aws 7.0.12)
Aug 21 11:09:04 ip-172-31-21-130 kernel: Command line: BOOT_IMAGE=/vmlinuz-7.0.0-1010-aws root=PARTUUID=fe814a98-f7fd-4c3d-9642-c18fe64c6e5d ro console=tty1 console=ttyS0 nvme_core.io_timeout=4294967295 crashkernel=2G-4G:320M,4G-32G:512M,32G-64G:1024M,64G-128G:2048M,128G-:4096M panic=-1
Aug 21 11:09:04 ip-172-31-21-130 kernel: KERNEL supported cpus:
Aug 21 11:09:04 ip-172-31-21-130 kernel:   Intel GenuineIntel
Aug 21 11:09:04 ip-172-31-21-130 kernel:   AMD AuthenticAMD
Aug 21 11:09:04 ip-172-31-21-130 kernel:   Hygon HygonGenuine
Aug 21 11:09:04 ip-172-31-21-130 kernel:   Centaur CentaurHauls
Aug 21 11:09:04 ip-172-31-21-130 kernel:   zhaoxin   Shanghai  
Aug 21 11:09:04 ip-172-31-21-130 kernel: x86/CPU: Model not found in latest microcode list
Aug 21 11:09:04 ip-172-31-21-130 kernel: BIOS-provided physical RAM map:
Aug 21 11:09:04 ip-172-31-21-130 kernel: BIOS-e820: [mem 0x0000000000000000-0x000000000009dfff]  System RAM
Aug 21 11:09:04 ip-172-31-21-130 kernel: BIOS-e820: [mem 0x000000000009e000-0x000000000009ffff]  device reserved
Aug 21 11:09:04 ip-172-31-21-130 kernel: BIOS-e820: [gap 0x00000000000a0000-0x00000000000dffff]
Aug 21 11:09:04 ip-172-31-21-130 kernel: BIOS-e820: [mem 0x00000000000e0000-0x00000000000fffff]  device reserved
Aug 21 11:09:04 ip-172-31-21-130 kernel: BIOS-e820: [mem 0x0000000000100000-0x00000000efffffff]  System RAM
Aug 21 11:09:04 ip-172-31-21-130 kernel: BIOS-e820: [gap 0x00000000f0000000-0x00000000fbffffff]
Aug 21 11:09:04 ip-172-31-21-130 kernel: BIOS-e820: [mem 0x00000000fc000000-0x00000000ffffffff]  device reserved
Aug 21 11:09:04 ip-172-31-21-130 kernel: BIOS-e820: [mem 0x0000000100000000-0x000000020fffffff]  System RAM
Aug 21 11:09:04 ip-172-31-21-130 kernel: NX (Execute Disable) protection: active
Aug 21 11:09:04 ip-172-31-21-130 kernel: APIC: Static calls initialized
Aug 21 11:09:04 ip-172-31-21-130 kernel: SMBIOS 2.7 present.
Aug 21 11:09:04 ip-172-31-21-130 kernel: DMI: Xen HVM domU, BIOS 4.11.amazon 08/24/2006
Aug 21 11:09:04 ip-172-31-21-130 kernel: DMI: Memory slots populated: 1/1
Aug 21 11:09:04 ip-172-31-21-130 kernel: Hypervisor detected: Xen HVM
Aug 21 11:09:04 ip-172-31-21-130 kernel: Xen version 4.11.
Aug 21 11:09:04 ip-172-31-21-130 kernel: platform_pci_unplug: Netfront and the Xen platform PCI driver have been compiled for this kernel: unplug emulated NICs.
Aug 21 11:09:04 ip-172-31-21-130 kernel: platform_pci_unplug: Blkfront and the Xen platform PCI driver have been compiled for this kernel: unplug emulated disks.
                                         You might have to change the root device
                                         from /dev/hd[a-d] to /dev/xvd[a-d]
                                         in your root= kernel command line option
Aug 21 11:09:04 ip-172-31-21-130 kernel: HVMOP_pagetable_dying not supported
Aug 21 11:09:04 ip-172-31-21-130 kernel: tsc: Detected 2299.998 MHz processor
Aug 21 11:09:04 ip-172-31-21-130 kernel: e820: update [mem 0x00000000-0x00000fff] System RAM ==> device reserved
Aug 21 11:09:04 ip-172-31-21-130 kernel: e820: remove [mem 0x000a0000-0x000fffff] System RAM
Aug 21 11:09:04 ip-172-31-21-130 kernel: last_pfn = 0x210000 max_arch_pfn = 0x400000000
Aug 21 11:09:04 ip-172-31-21-130 kernel: MTRR map: 4 entries (3 fixed + 1 variable; max 19), built from 8 variable MTRRs
Aug 21 11:09:04 ip-172-31-21-130 kernel: x86/PAT: Configuration [0-7]: WB  WC  UC- UC  WB  WP  UC- WT  
Aug 21 11:09:04 ip-172-31-21-130 kernel: last_pfn = 0xf0000 max_arch_pfn = 0x400000000
Aug 21 11:09:04 ip-172-31-21-130 kernel: found SMP MP-table at [mem 0x000fbb70-0x000fbb7f]
Aug 21 11:09:04 ip-172-31-21-130 kernel: RAMDISK: [mem 0x3631f000-0x37186fff]
Aug 21 11:09:04 ip-172-31-21-130 kernel: ACPI: Early table checksum verification disabled
Aug 21 11:09:04 ip-172-31-21-130 kernel: ACPI: RSDP 0x00000000000EA020 000024 (v02 Xen   )
Aug 21 11:09:04 ip-172-31-21-130 kernel: ACPI: XSDT 0x00000000FC00D4F0 00005C (v01 Xen    HVM      00000000 HVML 00000000)
Aug 21 11:09:04 ip-172-31-21-130 kernel: ACPI: FACP 0x00000000FC00D3F0 0000F4 (v04 Xen    HVM      00000000 HVML 00000000)
Aug 21 11:09:04 ip-172-31-21-130 kernel: ACPI: DSDT 0x00000000FC001000 00BD14 (v02 Xen    HVM      00000000 INTL 20090123)
Aug 21 11:09:04 ip-172-31-21-130 kernel: ACPI: FACS 0x00000000FC00D2F0 000040
Aug 21 11:09:04 ip-172-31-21-130 kernel: ACPI: FACS 0x00000000FC00D2F0 000040
Aug 21 11:09:04 ip-172-31-21-130 kernel: ACPI: SSDT 0x00000000FC00CD20 000033 (v02 Xen    HVM      00000000 INTL 20090123)
Aug 21 11:09:04 ip-172-31-21-130 kernel: ACPI: SSDT 0x00000000FC00CD60 000031 (v02 Xen    HVM      00000000 INTL 20090123)
Aug 21 11:09:04 ip-172-31-21-130 kernel: ACPI: APIC 0x00000000FC00CDA0 0000D8 (v02 Xen    HVM      00000000 HVML 00000000)
Aug 21 11:09:04 ip-172-31-21-130 kernel: ACPI: HPET 0x00000000FC00D280 000038 (v01 Xen    HVM      00000000 HVML 00000000)
Aug 21 11:09:04 ip-172-31-21-130 kernel: ACPI: WAET 0x00000000FC00D2C0 000028 (v01 Xen    HVM      00000000 HVML 00000000)
Aug 21 11:09:04 ip-172-31-21-130 kernel: ACPI: Reserving FACP table memory at [mem 0xfc00d3f0-0xfc00d4e3]
Aug 21 11:09:04 ip-172-31-21-130 kernel: ACPI: Reserving DSDT table memory at [mem 0xfc001000-0xfc00cd13]
Aug 21 11:09:04 ip-172-31-21-130 kernel: ACPI: Reserving FACS table memory at [mem 0xfc00d2f0-0xfc00d32f]
Aug 21 11:09:04 ip-172-31-21-130 kernel: ACPI: Reserving FACS table memory at [mem 0xfc00d2f0-0xfc00d32f]
Aug 21 11:09:04 ip-172-31-21-130 kernel: ACPI: Reserving SSDT table memory at [mem 0xfc00cd20-0xfc00cd52]
Aug 21 11:09:04 ip-172-31-21-130 kernel: ACPI: Reserving SSDT table memory at [mem 0xfc00cd60-0xfc00cd90]
Aug 21 11:09:04 ip-172-31-21-130 kernel: ACPI: Reserving APIC table memory at [mem 0xfc00cda0-0xfc00ce77]
Aug 21 11:09:04 ip-172-31-21-130 kernel: ACPI: Reserving HPET table memory at [mem 0xfc00d280-0xfc00d2b7]
Aug 21 11:09:04 ip-172-31-21-130 kernel: ACPI: Reserving WAET table memory at [mem 0xfc00d2c0-0xfc00d2e7]
Aug 21 11:09:04 ip-172-31-21-130 kernel: No NUMA configuration found
Aug 21 11:09:04 ip-172-31-21-130 kernel: Faking a node at [mem 0x0000000000000000-0x000000020fffffff]
Aug 21 11:09:04 ip-172-31-21-130 kernel: NODE_DATA(0) allocated [mem 0x20ffd2280-0x20fffcfff]
Aug 21 11:09:04 ip-172-31-21-130 kernel: crashkernel reserved: 0x00000000d0000000 - 0x00000000f0000000 (512 MB)
Aug 21 11:09:04 ip-172-31-21-130 kernel: ACPI: PM-Timer IO Port: 0xb008
Aug 21 11:09:04 ip-172-31-21-130 kernel: IOAPIC[0]: apic_id 1, version 17, address 0xfec00000, GSI 0-47
Aug 21 11:09:04 ip-172-31-21-130 kernel: ACPI: INT_SRC_OVR (bus 0 bus_irq 0 global_irq 2 dfl dfl)
Aug 21 11:09:04 ip-172-31-21-130 kernel: ACPI: INT_SRC_OVR (bus 0 bus_irq 5 global_irq 5 low level)
Aug 21 11:09:04 ip-172-31-21-130 kernel: ACPI: INT_SRC_OVR (bus 0 bus_irq 10 global_irq 10 low level)
Aug 21 11:09:04 ip-172-31-21-130 kernel: ACPI: INT_SRC_OVR (bus 0 bus_irq 11 global_irq 11 low level)
Aug 21 11:09:04 ip-172-31-21-130 kernel: ACPI: Using ACPI (MADT) for SMP configuration information
Aug 21 11:09:04 ip-172-31-21-130 kernel: ACPI: HPET id: 0x8086a201 base: 0xfed00000
Aug 21 11:09:04 ip-172-31-21-130 kernel: TSC deadline timer available
Aug 21 11:09:04 ip-172-31-21-130 kernel: CPU topo: Max. logical packages:   1
Aug 21 11:09:04 ip-172-31-21-130 kernel: CPU topo: Max. logical nodes:      1
Aug 21 11:09:04 ip-172-31-21-130 kernel: CPU topo: Num. nodes per package:  1
Aug 21 11:09:04 ip-172-31-21-130 kernel: CPU topo: Max. logical dies:       1
Aug 21 11:09:04 ip-172-31-21-130 kernel: CPU topo: Max. dies per package:   1
Aug 21 11:09:04 ip-172-31-21-130 kernel: CPU topo: Max. threads per core:   1
Aug 21 11:09:04 ip-172-31-21-130 kernel: CPU topo: Num. cores per package:     2
Aug 21 11:09:04 ip-172-31-21-130 kernel: CPU topo: Num. threads per package:   2
Aug 21 11:09:04 ip-172-31-21-130 kernel: CPU topo: Allowing 2 present CPUs plus 13 hotplug CPUs
Aug 21 11:09:04 ip-172-31-21-130 kernel: PM: hibernation: Registered nosave memory: [mem 0x00000000-0x00000fff]
Aug 21 11:09:04 ip-172-31-21-130 kernel: PM: hibernation: Registered nosave memory: [mem 0x0009e000-0x000fffff]
Aug 21 11:09:04 ip-172-31-21-130 kernel: PM: hibernation: Registered nosave memory: [mem 0xf0000000-0xffffffff]
Aug 21 11:09:04 ip-172-31-21-130 kernel: [gap 0xf0000000-0xfbffffff] available for PCI devices
Aug 21 11:09:04 ip-172-31-21-130 kernel: Booting paravirtualized kernel on Xen HVM
Aug 21 11:09:04 ip-172-31-21-130 kernel: clocksource: refined-jiffies: mask: 0xffffffff max_cycles: 0xffffffff, max_idle_ns: 1910969940391419 ns
Aug 21 11:09:04 ip-172-31-21-130 kernel: Zone ranges:
Aug 21 11:09:04 ip-172-31-21-130 kernel:   DMA      [mem 0x0000000000001000-0x0000000000ffffff]
Aug 21 11:09:04 ip-172-31-21-130 kernel:   DMA32    [mem 0x0000000001000000-0x00000000ffffffff]
Aug 21 11:09:04 ip-172-31-21-130 kernel:   Normal   [mem 0x0000000100000000-0x000000020fffffff]
Aug 21 11:09:04 ip-172-31-21-130 kernel:   Device   empty
Aug 21 11:09:04 ip-172-31-21-130 kernel: Movable zone start for each node
Aug 21 11:09:04 ip-172-31-21-130 kernel: Early memory node ranges
Aug 21 11:09:04 ip-172-31-21-130 kernel:   node   0: [mem 0x0000000000001000-0x000000000009dfff]
Aug 21 11:09:04 ip-172-31-21-130 kernel:   node   0: [mem 0x0000000000100000-0x00000000efffffff]
Aug 21 11:09:04 ip-172-31-21-130 kernel:   node   0: [mem 0x0000000100000000-0x000000020fffffff]
Aug 21 11:09:04 ip-172-31-21-130 kernel: Initmem setup node 0 [mem 0x0000000000001000-0x000000020fffffff]
Aug 21 11:09:04 ip-172-31-21-130 kernel: On node 0, zone DMA: 1 pages in unavailable ranges
Aug 21 11:09:04 ip-172-31-21-130 kernel: On node 0, zone DMA: 98 pages in unavailable ranges
Aug 21 11:09:04 ip-172-31-21-130 kernel: setup_percpu: NR_CPUS:8192 nr_cpumask_bits:15 nr_cpu_ids:15 nr_node_ids:1
Aug 21 11:09:04 ip-172-31-21-130 kernel: percpu: Embedded 85 pages/cpu s225280 r8192 d114688 u524288
Aug 21 11:09:04 ip-172-31-21-130 kernel: pcpu-alloc: s225280 r8192 d114688 u524288 alloc=1*2097152
Aug 21 11:09:04 ip-172-31-21-130 kernel: pcpu-alloc: [0] 00 01 02 03 [0] 04 05 06 07 
Aug 21 11:09:04 ip-172-31-21-130 kernel: pcpu-alloc: [0] 08 09 10 11 [0] 12 13 14 -- 
Aug 21 11:09:04 ip-172-31-21-130 kernel: xen: PV spinlocks enabled
Aug 21 11:09:04 ip-172-31-21-130 kernel: PV qspinlock hash table entries: 256 (order: 0, 4096 bytes, linear)
Aug 21 11:09:04 ip-172-31-21-130 kernel: Kernel command line: BOOT_IMAGE=/vmlinuz-7.0.0-1010-aws root=PARTUUID=fe814a98-f7fd-4c3d-9642-c18fe64c6e5d ro console=tty1 console=ttyS0 nvme_core.io_timeout=4294967295 crashkernel=2G-4G:320M,4G-32G:512M,32G-64G:1024M,64G-128G:2048M,128G-:4096M panic=-1
Aug 21 11:09:04 ip-172-31-21-130 kernel: random: crng init done
Aug 21 11:09:04 ip-172-31-21-130 kernel: printk: log buffer data + meta data: 262144 + 1114112 = 1376256 bytes
Aug 21 11:09:04 ip-172-31-21-130 kernel: Dentry cache hash table entries: 1048576 (order: 11, 8388608 bytes, linear)
Aug 21 11:09:04 ip-172-31-21-130 kernel: Inode-cache hash table entries: 524288 (order: 10, 4194304 bytes, linear)
Aug 21 11:09:04 ip-172-31-21-130 kernel: software IO TLB: area num 16.
Aug 21 11:09:04 ip-172-31-21-130 kernel: Fallback order for Node 0: 0 
Aug 21 11:09:04 ip-172-31-21-130 kernel: Built 1 zonelists, mobility grouping on.  Total pages: 2097053
Aug 21 11:09:04 ip-172-31-21-130 kernel: Policy zone: Normal
Aug 21 11:09:04 ip-172-31-21-130 kernel: mem auto-init: stack:all(zero), heap alloc:on, heap free:off
Aug 21 11:09:04 ip-172-31-21-130 kernel: SLUB: HWalign=64, Order=0-3, MinObjects=0, CPUs=15, Nodes=1
Aug 21 11:09:04 ip-172-31-21-130 kernel: Kernel/User page tables isolation: enabled
Aug 21 11:09:04 ip-172-31-21-130 kernel: ftrace section at ffffffffb0934260 sorted properly
Aug 21 11:09:04 ip-172-31-21-130 kernel: ftrace: allocating 63844 entries in 252 pages
Aug 21 11:09:04 ip-172-31-21-130 kernel: ftrace: allocated 252 pages with 6 groups
Aug 21 11:09:04 ip-172-31-21-130 kernel: rcu: Hierarchical RCU implementation.
Aug 21 11:09:04 ip-172-31-21-130 kernel: rcu:         RCU restricting CPUs from NR_CPUS=8192 to nr_cpu_ids=15.
Aug 21 11:09:04 ip-172-31-21-130 kernel:         Trampoline variant of Tasks RCU enabled.
Aug 21 11:09:04 ip-172-31-21-130 kernel:         Rude variant of Tasks RCU enabled.
Aug 21 11:09:04 ip-172-31-21-130 kernel:         Tracing variant of Tasks RCU enabled.
Aug 21 11:09:04 ip-172-31-21-130 kernel: rcu: RCU calculated value of scheduler-enlistment delay is 100 jiffies.
Aug 21 11:09:04 ip-172-31-21-130 kernel: rcu: Adjusting geometry for rcu_fanout_leaf=16, nr_cpu_ids=15
Aug 21 11:09:04 ip-172-31-21-130 kernel: RCU Tasks: Setting shift to 4 and lim to 1 rcu_task_cb_adjust=1 rcu_task_cpu_ids=15.
Aug 21 11:09:04 ip-172-31-21-130 kernel: RCU Tasks Rude: Setting shift to 4 and lim to 1 rcu_task_cb_adjust=1 rcu_task_cpu_ids=15.
Aug 21 11:09:04 ip-172-31-21-130 kernel: NR_IRQS: 524544, nr_irqs: 952, preallocated irqs: 16
Aug 21 11:09:04 ip-172-31-21-130 kernel: xen:events: Using 2-level ABI
Aug 21 11:09:04 ip-172-31-21-130 kernel: xen:events: Xen HVM callback vector for event delivery is enabled
Aug 21 11:09:04 ip-172-31-21-130 kernel: rcu: srcu_init: Setting srcu_struct sizes based on contention.
Aug 21 11:09:04 ip-172-31-21-130 kernel: Console: colour VGA+ 80x25
Aug 21 11:09:04 ip-172-31-21-130 kernel: printk: legacy console [tty1] enabled
Aug 21 11:09:04 ip-172-31-21-130 kernel: Cannot get hvm parameter CONSOLE_EVTCHN (18): -22!
Aug 21 11:09:04 ip-172-31-21-130 kernel: printk: legacy console [ttyS0] enabled
Aug 21 11:09:04 ip-172-31-21-130 kernel: ACPI: Core revision 20251212
Aug 21 11:09:04 ip-172-31-21-130 kernel: clocksource: hpet: mask: 0xffffffff max_cycles: 0xffffffff, max_idle_ns: 30580167144 ns
Aug 21 11:09:04 ip-172-31-21-130 kernel: APIC: Switch to symmetric I/O mode setup
Aug 21 11:09:04 ip-172-31-21-130 kernel: x2apic enabled
Aug 21 11:09:04 ip-172-31-21-130 kernel: APIC: Switched APIC routing to: physical x2apic
Aug 21 11:09:04 ip-172-31-21-130 kernel: ..TIMER: vector=0x30 apic1=0 pin1=2 apic2=0 pin2=0
Aug 21 11:09:04 ip-172-31-21-130 kernel: clocksource: tsc-early: mask: 0xffffffffffffffff max_cycles: 0x212733415c7, max_idle_ns: 440795236380 ns
Aug 21 11:09:04 ip-172-31-21-130 kernel: Calibrating delay loop (skipped), value calculated using timer frequency.. 4599.99 BogoMIPS (lpj=2299998)
Aug 21 11:09:04 ip-172-31-21-130 kernel: Last level iTLB entries: 4KB 64, 2MB 8, 4MB 8
Aug 21 11:09:04 ip-172-31-21-130 kernel: Last level dTLB entries: 4KB 64, 2MB 32, 4MB 32, 1GB 4
Aug 21 11:09:04 ip-172-31-21-130 kernel: mitigations: Enabled attack vectors: user_kernel, user_user, guest_host, guest_guest, SMT mitigations: auto
Aug 21 11:09:04 ip-172-31-21-130 kernel: Speculative Store Bypass: Vulnerable
Aug 21 11:09:04 ip-172-31-21-130 kernel: Spectre V2 : Mitigation: Retpolines
Aug 21 11:09:04 ip-172-31-21-130 kernel: ITS: Mitigation: Aligned branch/return thunks
Aug 21 11:09:04 ip-172-31-21-130 kernel: MDS: Vulnerable: Clear CPU buffers attempted, no microcode
Aug 21 11:09:04 ip-172-31-21-130 kernel: MMIO Stale Data: Vulnerable: Clear CPU buffers attempted, no microcode
Aug 21 11:09:04 ip-172-31-21-130 kernel: Spectre V1 : Mitigation: usercopy/swapgs barriers and __user pointer sanitization
Aug 21 11:09:04 ip-172-31-21-130 kernel: Spectre V2 : Spectre v2 / SpectreRSB: Filling RSB on context switch and VMEXIT
Aug 21 11:09:04 ip-172-31-21-130 kernel: active return thunk: its_return_thunk
Aug 21 11:09:04 ip-172-31-21-130 kernel: x86/fpu: Supporting XSAVE feature 0x001: 'x87 floating point registers'
Aug 21 11:09:04 ip-172-31-21-130 kernel: x86/fpu: Supporting XSAVE feature 0x002: 'SSE registers'
Aug 21 11:09:04 ip-172-31-21-130 kernel: x86/fpu: Supporting XSAVE feature 0x004: 'AVX registers'
Aug 21 11:09:04 ip-172-31-21-130 kernel: x86/fpu: xstate_offset[2]:  576, xstate_sizes[2]:  256
Aug 21 11:09:04 ip-172-31-21-130 kernel: x86/fpu: Enabled xstate features 0x7, context size is 832 bytes, using 'standard' format.
Aug 21 11:09:04 ip-172-31-21-130 kernel: Freeing SMP alternatives memory: 56K
Aug 21 11:09:04 ip-172-31-21-130 kernel: pid_max: default: 32768 minimum: 301
Aug 21 11:09:04 ip-172-31-21-130 kernel: landlock: Up and running.
Aug 21 11:09:04 ip-172-31-21-130 kernel: Yama: becoming mindful.
Aug 21 11:09:04 ip-172-31-21-130 kernel: AppArmor: AppArmor initialized
Aug 21 11:09:04 ip-172-31-21-130 kernel: AppArmor: AppArmor secmark mediation reserved: ready to be enabled
Aug 21 11:09:04 ip-172-31-21-130 kernel: Mount-cache hash table entries: 16384 (order: 5, 131072 bytes, linear)
Aug 21 11:09:04 ip-172-31-21-130 kernel: Mountpoint-cache hash table entries: 16384 (order: 5, 131072 bytes, linear)
Aug 21 11:09:04 ip-172-31-21-130 kernel: VFS: Finished mounting rootfs on nullfs
Aug 21 11:09:04 ip-172-31-21-130 kernel: clocksource: xen: mask: 0xffffffffffffffff max_cycles: 0x1cd42e4dffb, max_idle_ns: 881590591483 ns
Aug 21 11:09:04 ip-172-31-21-130 kernel: Xen: using vcpuop timer interface
Aug 21 11:09:04 ip-172-31-21-130 kernel: installing Xen timer for CPU 0
Aug 21 11:09:04 ip-172-31-21-130 kernel: smpboot: CPU0: Intel(R) Xeon(R) CPU E5-2686 v4 @ 2.30GHz (family: 0x6, model: 0x4f, stepping: 0x1)
Aug 21 11:09:04 ip-172-31-21-130 kernel: cpu 0 spinlock event irq 53
Aug 21 11:09:04 ip-172-31-21-130 kernel: Performance Events: unsupported CPU family 6 model 79 no PMU driver, software events only.
Aug 21 11:09:04 ip-172-31-21-130 kernel: signal: max sigframe size: 1776
Aug 21 11:09:04 ip-172-31-21-130 kernel: rcu: Hierarchical SRCU implementation.
Aug 21 11:09:04 ip-172-31-21-130 kernel: rcu:         Max phase no-delay instances is 400.
Aug 21 11:09:04 ip-172-31-21-130 kernel: Timer migration: 2 hierarchy levels; 8 children per group; 2 crossnode level
Aug 21 11:09:04 ip-172-31-21-130 kernel: NMI watchdog: Perf NMI watchdog permanently disabled
Aug 21 11:09:04 ip-172-31-21-130 kernel: smp: Bringing up secondary CPUs ...
Aug 21 11:09:04 ip-172-31-21-130 kernel: installing Xen timer for CPU 1
Aug 21 11:09:04 ip-172-31-21-130 kernel: smpboot: x86: Booting SMP configuration:
Aug 21 11:09:04 ip-172-31-21-130 kernel: .... node  #0, CPUs:        #1
Aug 21 11:09:04 ip-172-31-21-130 kernel: cpu 1 spinlock event irq 59
Aug 21 11:09:04 ip-172-31-21-130 kernel: smp: Brought up 1 node, 2 CPUs
Aug 21 11:09:04 ip-172-31-21-130 kernel: smpboot: Total of 2 processors activated (386644.84 BogoMIPS)
Aug 21 11:09:04 ip-172-31-21-130 kernel: Memory: 5513676K/8388212K available (23130K kernel code, 4948K rwdata, 16388K rodata, 5412K init, 5744K bss, 2864248K reserved, 0K cma-reserved)
Aug 21 11:09:04 ip-172-31-21-130 kernel: devtmpfs: initialized
Aug 21 11:09:04 ip-172-31-21-130 kernel: x86/mm: Memory block size: 128MB
Aug 21 11:09:04 ip-172-31-21-130 kernel: clocksource: jiffies: mask: 0xffffffff max_cycles: 0xffffffff, max_idle_ns: 1911260446275000 ns
Aug 21 11:09:04 ip-172-31-21-130 kernel: posixtimers hash table entries: 8192 (order: 5, 131072 bytes, linear)
Aug 21 11:09:04 ip-172-31-21-130 kernel: futex hash table entries: 4096 (262144 bytes on 1 NUMA nodes, total 256 KiB, linear).
Aug 21 11:09:04 ip-172-31-21-130 kernel: PM: RTC time: 11:09:01, date: 2026-08-21
Aug 21 11:09:04 ip-172-31-21-130 kernel: NET: Registered PF_NETLINK/PF_ROUTE protocol family
Aug 21 11:09:04 ip-172-31-21-130 kernel: DMA: preallocated 1024 KiB GFP_KERNEL pool for atomic allocations
Aug 21 11:09:04 ip-172-31-21-130 kernel: DMA: preallocated 1024 KiB GFP_KERNEL|GFP_DMA pool for atomic allocations
Aug 21 11:09:04 ip-172-31-21-130 kernel: DMA: preallocated 1024 KiB GFP_KERNEL|GFP_DMA32 pool for atomic allocations
Aug 21 11:09:04 ip-172-31-21-130 kernel: audit: initializing netlink subsys (disabled)
Aug 21 11:09:04 ip-172-31-21-130 kernel: audit: type=2000 audit(1787310537.219:1): state=initialized audit_enabled=0 res=1
Aug 21 11:09:04 ip-172-31-21-130 kernel: thermal_sys: Registered thermal governor 'fair_share'
Aug 21 11:09:04 ip-172-31-21-130 kernel: thermal_sys: Registered thermal governor 'bang_bang'
Aug 21 11:09:04 ip-172-31-21-130 kernel: thermal_sys: Registered thermal governor 'step_wise'
Aug 21 11:09:04 ip-172-31-21-130 kernel: thermal_sys: Registered thermal governor 'user_space'
Aug 21 11:09:04 ip-172-31-21-130 kernel: thermal_sys: Registered thermal governor 'power_allocator'
Aug 21 11:09:04 ip-172-31-21-130 kernel: cpuidle: using governor ladder
Aug 21 11:09:04 ip-172-31-21-130 kernel: cpuidle: using governor menu
Aug 21 11:09:04 ip-172-31-21-130 kernel: acpiphp: ACPI Hot Plug PCI Controller Driver version: 0.5
Aug 21 11:09:04 ip-172-31-21-130 kernel: PCI: Using configuration type 1 for base access
Aug 21 11:09:04 ip-172-31-21-130 kernel: kprobes: kprobe jump-optimization is enabled. All kprobes are optimized if possible.
Aug 21 11:09:04 ip-172-31-21-130 kernel: HugeTLB: registered 2.00 MiB page size, pre-allocated 0 pages
Aug 21 11:09:04 ip-172-31-21-130 kernel: HugeTLB: 28 KiB vmemmap can be freed for a 2.00 MiB page
Aug 21 11:09:04 ip-172-31-21-130 kernel: ACPI: Added _OSI(Module Device)
Aug 21 11:09:04 ip-172-31-21-130 kernel: ACPI: Added _OSI(Processor Device)
Aug 21 11:09:04 ip-172-31-21-130 kernel: ACPI: Added _OSI(Processor Aggregator Device)
Aug 21 11:09:04 ip-172-31-21-130 kernel: ACPI: 3 ACPI AML tables successfully acquired and loaded
Aug 21 11:09:04 ip-172-31-21-130 kernel: xen: --> pirq=16 -> irq=9 (gsi=9)
Aug 21 11:09:04 ip-172-31-21-130 kernel: ACPI: \_SB_: platform _OSC: OS support mask [006e7eff]
Aug 21 11:09:04 ip-172-31-21-130 kernel: ACPI: Interpreter enabled
Aug 21 11:09:04 ip-172-31-21-130 kernel: ACPI: PM: (supports S0 S4 S5)
Aug 21 11:09:04 ip-172-31-21-130 kernel: ACPI: Using IOAPIC for interrupt routing
Aug 21 11:09:04 ip-172-31-21-130 kernel: PCI: Using host bridge windows from ACPI; if necessary, use "pci=nocrs" and report a bug
Aug 21 11:09:04 ip-172-31-21-130 kernel: PCI: Using E820 reservations for host bridge windows
Aug 21 11:09:04 ip-172-31-21-130 kernel: ACPI: Enabled 2 GPEs in block 00 to 0F
Aug 21 11:09:04 ip-172-31-21-130 kernel: ACPI: PCI Root Bridge [PCI0] (domain 0000 [bus 00-ff])
Aug 21 11:09:04 ip-172-31-21-130 kernel: acpi PNP0A03:00: _OSC: OS supports [ASPM ClockPM Segments MSI EDR HPX-Type3]
Aug 21 11:09:04 ip-172-31-21-130 kernel: acpi PNP0A03:00: _OSC: not requesting OS control; OS requires [ExtendedConfig ASPM ClockPM MSI]
Aug 21 11:09:04 ip-172-31-21-130 kernel: acpi PNP0A03:00: _OSC: platform retains control of PCIe features (AE_ERROR)
Aug 21 11:09:04 ip-172-31-21-130 kernel: acpi PNP0A03:00: fail to add MMCONFIG information, can't access extended configuration space under this bridge
Aug 21 11:09:04 ip-172-31-21-130 kernel: acpiphp: Slot [0] registered
Aug 21 11:09:04 ip-172-31-21-130 kernel: acpiphp: Slot [3] registered
Aug 21 11:09:04 ip-172-31-21-130 kernel: acpiphp: Slot [4] registered
Aug 21 11:09:04 ip-172-31-21-130 kernel: acpiphp: Slot [5] registered
Aug 21 11:09:04 ip-172-31-21-130 kernel: acpiphp: Slot [6] registered
Aug 21 11:09:04 ip-172-31-21-130 kernel: acpiphp: Slot [7] registered
Aug 21 11:09:04 ip-172-31-21-130 kernel: acpiphp: Slot [8] registered
Aug 21 11:09:04 ip-172-31-21-130 kernel: acpiphp: Slot [9] registered
Aug 21 11:09:04 ip-172-31-21-130 kernel: acpiphp: Slot [10] registered
Aug 21 11:09:04 ip-172-31-21-130 kernel: acpiphp: Slot [11] registered
Aug 21 11:09:04 ip-172-31-21-130 kernel: acpiphp: Slot [12] registered
Aug 21 11:09:04 ip-172-31-21-130 kernel: acpiphp: Slot [13] registered
Aug 21 11:09:04 ip-172-31-21-130 kernel: acpiphp: Slot [14] registered
Aug 21 11:09:04 ip-172-31-21-130 kernel: acpiphp: Slot [15] registered
Aug 21 11:09:04 ip-172-31-21-130 kernel: acpiphp: Slot [16] registered
Aug 21 11:09:04 ip-172-31-21-130 kernel: acpiphp: Slot [17] registered
Aug 21 11:09:04 ip-172-31-21-130 kernel: acpiphp: Slot [18] registered
Aug 21 11:09:04 ip-172-31-21-130 kernel: acpiphp: Slot [19] registered
Aug 21 11:09:04 ip-172-31-21-130 kernel: acpiphp: Slot [20] registered
Aug 21 11:09:04 ip-172-31-21-130 kernel: acpiphp: Slot [21] registered
Aug 21 11:09:04 ip-172-31-21-130 kernel: acpiphp: Slot [22] registered
Aug 21 11:09:04 ip-172-31-21-130 kernel: acpiphp: Slot [23] registered
Aug 21 11:09:04 ip-172-31-21-130 kernel: acpiphp: Slot [24] registered
Aug 21 11:09:04 ip-172-31-21-130 kernel: acpiphp: Slot [25] registered
Aug 21 11:09:04 ip-172-31-21-130 kernel: acpiphp: Slot [26] registered
Aug 21 11:09:04 ip-172-31-21-130 kernel: acpiphp: Slot [27] registered
Aug 21 11:09:04 ip-172-31-21-130 kernel: acpiphp: Slot [28] registered
Aug 21 11:09:04 ip-172-31-21-130 kernel: acpiphp: Slot [29] registered
Aug 21 11:09:04 ip-172-31-21-130 kernel: acpiphp: Slot [30] registered
Aug 21 11:09:04 ip-172-31-21-130 kernel: acpiphp: Slot [31] registered
Aug 21 11:09:04 ip-172-31-21-130 kernel: PCI host bridge to bus 0000:00
Aug 21 11:09:04 ip-172-31-21-130 kernel: pci_bus 0000:00: root bus resource [io  0x0000-0x0cf7 window]
Aug 21 11:09:04 ip-172-31-21-130 kernel: pci_bus 0000:00: root bus resource [io  0x0d00-0xffff window]
Aug 21 11:09:04 ip-172-31-21-130 kernel: pci_bus 0000:00: root bus resource [mem 0x000a0000-0x000bffff window]
Aug 21 11:09:04 ip-172-31-21-130 kernel: pci_bus 0000:00: root bus resource [mem 0xf0000000-0xffffffff window]
Aug 21 11:09:04 ip-172-31-21-130 kernel: pci_bus 0000:00: root bus resource [bus 00-ff]
Aug 21 11:09:04 ip-172-31-21-130 kernel: pci 0000:00:00.0: [8086:1237] type 00 class 0x060000 conventional PCI endpoint
Aug 21 11:09:04 ip-172-31-21-130 kernel: pci 0000:00:01.0: [8086:7000] type 00 class 0x060100 conventional PCI endpoint
Aug 21 11:09:04 ip-172-31-21-130 kernel: pci 0000:00:01.1: [8086:7010] type 00 class 0x010180 conventional PCI endpoint
Aug 21 11:09:04 ip-172-31-21-130 kernel: pci 0000:00:01.1: BAR 4 [io  0xc000-0xc00f]
Aug 21 11:09:04 ip-172-31-21-130 kernel: pci 0000:00:01.1: BAR 0 [io  0x01f0-0x01f7]: legacy IDE quirk
Aug 21 11:09:04 ip-172-31-21-130 kernel: pci 0000:00:01.1: BAR 1 [io  0x03f6]: legacy IDE quirk
Aug 21 11:09:04 ip-172-31-21-130 kernel: pci 0000:00:01.1: BAR 2 [io  0x0170-0x0177]: legacy IDE quirk
Aug 21 11:09:04 ip-172-31-21-130 kernel: pci 0000:00:01.1: BAR 3 [io  0x0376]: legacy IDE quirk
Aug 21 11:09:04 ip-172-31-21-130 kernel: * Found PM-Timer Bug on the chipset. Due to workarounds for a bug,
                                         * this clock source is slow. Consider trying other clock sources
Aug 21 11:09:04 ip-172-31-21-130 kernel: pci 0000:00:01.3: [8086:7113] type 00 class 0x068000 conventional PCI endpoint
Aug 21 11:09:04 ip-172-31-21-130 kernel: pci 0000:00:01.3: quirk: [io  0xb000-0xb03f] claimed by PIIX4 ACPI
Aug 21 11:09:04 ip-172-31-21-130 kernel: pci 0000:00:02.0: [1013:00b8] type 00 class 0x030000 conventional PCI endpoint
Aug 21 11:09:04 ip-172-31-21-130 kernel: pci 0000:00:02.0: BAR 0 [mem 0xf8000000-0xf9ffffff pref]
Aug 21 11:09:04 ip-172-31-21-130 kernel: pci 0000:00:02.0: BAR 1 [mem 0xfbfff000-0xfbffffff]
Aug 21 11:09:04 ip-172-31-21-130 kernel: pci 0000:00:02.0: Video device with shadowed ROM at [mem 0x000c0000-0x000dffff]
Aug 21 11:09:04 ip-172-31-21-130 kernel: pci 0000:00:03.0: [5853:0001] type 00 class 0xff8000 conventional PCI endpoint
Aug 21 11:09:04 ip-172-31-21-130 kernel: pci 0000:00:03.0: BAR 0 [io  0xc100-0xc1ff]
Aug 21 11:09:04 ip-172-31-21-130 kernel: pci 0000:00:03.0: BAR 1 [mem 0xfa000000-0xfaffffff pref]
Aug 21 11:09:04 ip-172-31-21-130 kernel: ACPI: PCI: Interrupt link LNKA configured for IRQ 5
Aug 21 11:09:04 ip-172-31-21-130 kernel: ACPI: PCI: Interrupt link LNKB configured for IRQ 10
Aug 21 11:09:04 ip-172-31-21-130 kernel: ACPI: PCI: Interrupt link LNKC configured for IRQ 11
Aug 21 11:09:04 ip-172-31-21-130 kernel: ACPI: PCI: Interrupt link LNKD configured for IRQ 5
Aug 21 11:09:04 ip-172-31-21-130 kernel: xen:balloon: Initialising balloon driver
Aug 21 11:09:04 ip-172-31-21-130 kernel: iommu: Default domain type: Translated
Aug 21 11:09:04 ip-172-31-21-130 kernel: iommu: DMA domain TLB invalidation policy: lazy mode
Aug 21 11:09:04 ip-172-31-21-130 kernel: SCSI subsystem initialized
Aug 21 11:09:04 ip-172-31-21-130 kernel: libata version 3.00 loaded.
Aug 21 11:09:04 ip-172-31-21-130 kernel: ACPI: bus type USB registered
Aug 21 11:09:04 ip-172-31-21-130 kernel: usbcore: registered new interface driver usbfs
Aug 21 11:09:04 ip-172-31-21-130 kernel: usbcore: registered new interface driver hub
Aug 21 11:09:04 ip-172-31-21-130 kernel: usbcore: registered new device driver usb
Aug 21 11:09:04 ip-172-31-21-130 kernel: pps_core: LinuxPPS API ver. 1 registered
Aug 21 11:09:04 ip-172-31-21-130 kernel: pps_core: Software ver. 5.3.6 - Copyright 2005-2007 Rodolfo Giometti <giometti@linux.it>
Aug 21 11:09:04 ip-172-31-21-130 kernel: PTP clock support registered
Aug 21 11:09:04 ip-172-31-21-130 kernel: EDAC MC: Ver: 3.0.0
Aug 21 11:09:04 ip-172-31-21-130 kernel: NetLabel: Initializing
Aug 21 11:09:04 ip-172-31-21-130 kernel: NetLabel:  domain hash size = 128
Aug 21 11:09:04 ip-172-31-21-130 kernel: NetLabel:  protocols = UNLABELED CIPSOv4 CALIPSO
Aug 21 11:09:04 ip-172-31-21-130 kernel: NetLabel:  unlabeled traffic allowed by default
Aug 21 11:09:04 ip-172-31-21-130 kernel: mctp: management component transport protocol core
Aug 21 11:09:04 ip-172-31-21-130 kernel: NET: Registered PF_MCTP protocol family
Aug 21 11:09:04 ip-172-31-21-130 kernel: PCI: Using ACPI for IRQ routing
Aug 21 11:09:04 ip-172-31-21-130 kernel: PCI: pci_cache_line_size set to 64 bytes
Aug 21 11:09:04 ip-172-31-21-130 kernel: e820: register RAM buffer resource [mem 0x0009e000-0x0009ffff]
Aug 21 11:09:04 ip-172-31-21-130 kernel: pci 0000:00:02.0: vgaarb: setting as boot VGA device
Aug 21 11:09:04 ip-172-31-21-130 kernel: pci 0000:00:02.0: vgaarb: bridge control possible
Aug 21 11:09:04 ip-172-31-21-130 kernel: pci 0000:00:02.0: vgaarb: VGA device added: decodes=io+mem,owns=io+mem,locks=none
Aug 21 11:09:04 ip-172-31-21-130 kernel: vgaarb: loaded
Aug 21 11:09:04 ip-172-31-21-130 kernel: hpet: 3 channels of 0 reserved for per-cpu timers
Aug 21 11:09:04 ip-172-31-21-130 kernel: hpet0: at MMIO 0xfed00000, IRQs 2, 8, 0
Aug 21 11:09:04 ip-172-31-21-130 kernel: hpet0: 3 comparators, 64-bit 62.500000 MHz counter
Aug 21 11:09:04 ip-172-31-21-130 kernel: clocksource: Switched to clocksource xen
Aug 21 11:09:04 ip-172-31-21-130 kernel: VFS: Disk quotas dquot_6.6.0
Aug 21 11:09:04 ip-172-31-21-130 kernel: VFS: Dquot-cache hash table entries: 512 (order 0, 4096 bytes)
Aug 21 11:09:04 ip-172-31-21-130 kernel: AppArmor: AppArmor Filesystem Enabled
Aug 21 11:09:04 ip-172-31-21-130 kernel: acpi PNP0C02:00: Could not reserve [mem 0x00000000-0x0009ffff]
Aug 21 11:09:04 ip-172-31-21-130 kernel: acpi PNP0C02:01: Skipped [io  0x0010-0x001f]
Aug 21 11:09:04 ip-172-31-21-130 kernel: acpi PNP0C02:01: Skipped [io  0x0022-0x002d]
Aug 21 11:09:04 ip-172-31-21-130 kernel: acpi PNP0C02:01: Skipped [io  0x0030-0x003f]
Aug 21 11:09:04 ip-172-31-21-130 kernel: acpi PNP0C02:01: Skipped [io  0x0044-0x005f]
Aug 21 11:09:04 ip-172-31-21-130 kernel: acpi PNP0C02:01: Skipped [io  0x0062-0x0063]
Aug 21 11:09:04 ip-172-31-21-130 kernel: acpi PNP0C02:01: Skipped [io  0x0065-0x006f]
Aug 21 11:09:04 ip-172-31-21-130 kernel: acpi PNP0C02:01: Skipped [io  0x0072-0x007f]
Aug 21 11:09:04 ip-172-31-21-130 kernel: acpi PNP0C02:01: Skipped [io  0x0080]
Aug 21 11:09:04 ip-172-31-21-130 kernel: acpi PNP0C02:01: Skipped [io  0x0084-0x0086]
Aug 21 11:09:04 ip-172-31-21-130 kernel: acpi PNP0C02:01: Skipped [io  0x0088]
Aug 21 11:09:04 ip-172-31-21-130 kernel: acpi PNP0C02:01: Skipped [io  0x008c-0x008e]
Aug 21 11:09:04 ip-172-31-21-130 kernel: acpi PNP0C02:01: Skipped [io  0x0090-0x009f]
Aug 21 11:09:04 ip-172-31-21-130 kernel: acpi PNP0C02:01: Skipped [io  0x00a2-0x00bd]
Aug 21 11:09:04 ip-172-31-21-130 kernel: acpi PNP0C02:01: Skipped [io  0x00e0-0x00ef]
Aug 21 11:09:04 ip-172-31-21-130 kernel: acpi PNP0C02:01: Reserved [io  0x08a0-0x08a3]
Aug 21 11:09:04 ip-172-31-21-130 kernel: acpi PNP0C02:01: Reserved [io  0x0cc0-0x0ccf]
Aug 21 11:09:04 ip-172-31-21-130 kernel: acpi PNP0C02:01: Reserved [io  0x04d0-0x04d1]
Aug 21 11:09:04 ip-172-31-21-130 kernel: acpi PNP0C02:02: Reserved [io  0x10c0-0x1141]
Aug 21 11:09:04 ip-172-31-21-130 kernel: acpi PNP0C02:02: Reserved [io  0xb044-0xb047]
Aug 21 11:09:04 ip-172-31-21-130 kernel: pnp: PnP ACPI init
Aug 21 11:09:04 ip-172-31-21-130 kernel: xen: --> pirq=17 -> irq=8 (gsi=8)
Aug 21 11:09:04 ip-172-31-21-130 kernel: xen: --> pirq=18 -> irq=12 (gsi=12)
Aug 21 11:09:04 ip-172-31-21-130 kernel: xen: --> pirq=19 -> irq=1 (gsi=1)
Aug 21 11:09:04 ip-172-31-21-130 kernel: xen: --> pirq=20 -> irq=6 (gsi=6)
Aug 21 11:09:04 ip-172-31-21-130 kernel: pnp 00:03: [dma 2]
Aug 21 11:09:04 ip-172-31-21-130 kernel: xen: --> pirq=21 -> irq=4 (gsi=4)
Aug 21 11:09:04 ip-172-31-21-130 kernel: pnp: PnP ACPI: found 5 devices
Aug 21 11:09:04 ip-172-31-21-130 kernel: clocksource: acpi_pm: mask: 0xffffff max_cycles: 0xffffff, max_idle_ns: 2085701024 ns
Aug 21 11:09:04 ip-172-31-21-130 kernel: NET: Registered PF_INET protocol family
Aug 21 11:09:04 ip-172-31-21-130 kernel: IP idents hash table entries: 131072 (order: 8, 1048576 bytes, linear)
Aug 21 11:09:04 ip-172-31-21-130 kernel: tcp_listen_portaddr_hash hash table entries: 4096 (order: 4, 65536 bytes, linear)
Aug 21 11:09:04 ip-172-31-21-130 kernel: Table-perturb hash table entries: 65536 (order: 6, 262144 bytes, linear)
Aug 21 11:09:04 ip-172-31-21-130 kernel: TCP established hash table entries: 65536 (order: 7, 524288 bytes, linear)
Aug 21 11:09:04 ip-172-31-21-130 kernel: TCP bind hash table entries: 65536 (order: 9, 2097152 bytes, linear)
Aug 21 11:09:04 ip-172-31-21-130 kernel: TCP: Hash tables configured (established 65536 bind 65536)
Aug 21 11:09:04 ip-172-31-21-130 kernel: MPTCP token hash table entries: 8192 (order: 6, 196608 bytes, linear)
Aug 21 11:09:04 ip-172-31-21-130 kernel: UDP hash table entries: 4096 (order: 6, 262144 bytes, linear)
Aug 21 11:09:04 ip-172-31-21-130 kernel: UDP-Lite hash table entries: 4096 (order: 6, 262144 bytes, linear)
Aug 21 11:09:04 ip-172-31-21-130 kernel: NET: Registered PF_UNIX/PF_LOCAL protocol family
Aug 21 11:09:04 ip-172-31-21-130 kernel: NET: Registered PF_XDP protocol family
Aug 21 11:09:04 ip-172-31-21-130 kernel: pci_bus 0000:00: resource 4 [io  0x0000-0x0cf7 window]
Aug 21 11:09:04 ip-172-31-21-130 kernel: pci_bus 0000:00: resource 5 [io  0x0d00-0xffff window]
Aug 21 11:09:04 ip-172-31-21-130 kernel: pci_bus 0000:00: resource 6 [mem 0x000a0000-0x000bffff window]
Aug 21 11:09:04 ip-172-31-21-130 kernel: pci_bus 0000:00: resource 7 [mem 0xf0000000-0xffffffff window]
Aug 21 11:09:04 ip-172-31-21-130 kernel: pci 0000:00:01.0: PIIX3: Enabling Passive Release
Aug 21 11:09:04 ip-172-31-21-130 kernel: pci 0000:00:00.0: Limiting direct PCI/PCI transfers
Aug 21 11:09:04 ip-172-31-21-130 kernel: PCI: CLS 0 bytes, default 64
Aug 21 11:09:04 ip-172-31-21-130 kernel: PCI-DMA: Using software bounce buffering for IO (SWIOTLB)
Aug 21 11:09:04 ip-172-31-21-130 kernel: Trying to unpack rootfs image as initramfs...
Aug 21 11:09:04 ip-172-31-21-130 kernel: software IO TLB: mapped [mem 0x00000000cc000000-0x00000000d0000000] (64MB)
Aug 21 11:09:04 ip-172-31-21-130 kernel: clocksource: tsc: mask: 0xffffffffffffffff max_cycles: 0x212733415c7, max_idle_ns: 440795236380 ns
Aug 21 11:09:04 ip-172-31-21-130 kernel: Freeing initrd memory: 14752K
Aug 21 11:09:04 ip-172-31-21-130 kernel: Initialise system trusted keyrings
Aug 21 11:09:04 ip-172-31-21-130 kernel: Key type blacklist registered
Aug 21 11:09:04 ip-172-31-21-130 kernel: workingset: timestamp_bits=36 max_order=21 bucket_order=0
Aug 21 11:09:04 ip-172-31-21-130 kernel: squashfs: version 4.0 (2009/01/31) Phillip Lougher
Aug 21 11:09:04 ip-172-31-21-130 kernel: fuse: init (API version 7.45)
Aug 21 11:09:04 ip-172-31-21-130 kernel: integrity: Platform Keyring initialized
Aug 21 11:09:04 ip-172-31-21-130 kernel: integrity: Machine keyring initialized
Aug 21 11:09:04 ip-172-31-21-130 kernel: Key type asymmetric registered
Aug 21 11:09:04 ip-172-31-21-130 kernel: Asymmetric key parser 'x509' registered
Aug 21 11:09:04 ip-172-31-21-130 kernel: Block layer SCSI generic (bsg) driver version 0.4 loaded (major 242)
Aug 21 11:09:04 ip-172-31-21-130 kernel: io scheduler mq-deadline registered
Aug 21 11:09:04 ip-172-31-21-130 kernel: ledtrig-cpu: registered to indicate activity on CPUs
Aug 21 11:09:04 ip-172-31-21-130 kernel: input: Power Button as /devices/platform/LNXPWRBN:00/input/input0
Aug 21 11:09:04 ip-172-31-21-130 kernel: ACPI: button: Power Button [PWRF]
Aug 21 11:09:04 ip-172-31-21-130 kernel: input: Sleep Button as /devices/platform/LNXSLPBN:00/input/input1
Aug 21 11:09:04 ip-172-31-21-130 kernel: ACPI: button: Sleep Button [SLPF]
Aug 21 11:09:04 ip-172-31-21-130 kernel: xen: --> pirq=22 -> irq=28 (gsi=28)
Aug 21 11:09:04 ip-172-31-21-130 kernel: xen:grant_table: Grant tables using version 1 layout
Aug 21 11:09:04 ip-172-31-21-130 kernel: Grant table initialized
Aug 21 11:09:04 ip-172-31-21-130 kernel: Cannot get hvm parameter CONSOLE_EVTCHN (18): -22!
Aug 21 11:09:04 ip-172-31-21-130 kernel: Serial: 8250/16550 driver, 4 ports, IRQ sharing enabled
Aug 21 11:09:04 ip-172-31-21-130 kernel: 00:04: ttyS0 at I/O 0x3f8 (irq = 4, base_baud = 115200) is a 16550A
Aug 21 11:09:04 ip-172-31-21-130 kernel: Linux agpgart interface v0.103
Aug 21 11:09:04 ip-172-31-21-130 kernel: loop: module loaded
Aug 21 11:09:04 ip-172-31-21-130 kernel: Invalid max_queues (4), will use default max: 2.
Aug 21 11:09:04 ip-172-31-21-130 kernel: Key type psk registered
Aug 21 11:09:04 ip-172-31-21-130 kernel: scsi host0: ata_piix
Aug 21 11:09:04 ip-172-31-21-130 kernel: scsi host1: ata_piix
Aug 21 11:09:04 ip-172-31-21-130 kernel: ata1: PATA max MWDMA2 cmd 0x1f0 ctl 0x3f6 bmdma 0xc000 irq 14 lpm-pol 0
Aug 21 11:09:04 ip-172-31-21-130 kernel: blkfront: xvda: barrier or flush: disabled; persistent grants: disabled; indirect descriptors: enabled; bounce buffer: disabled;
Aug 21 11:09:04 ip-172-31-21-130 kernel: ata2: PATA max MWDMA2 cmd 0x170 ctl 0x376 bmdma 0xc008 irq 15 lpm-pol 0
Aug 21 11:09:04 ip-172-31-21-130 kernel: ACPI: bus type drm_connector registered
Aug 21 11:09:04 ip-172-31-21-130 kernel: tun: Universal TUN/TAP device driver, 1.6
Aug 21 11:09:04 ip-172-31-21-130 kernel: PPP generic driver version 2.4.2
Aug 21 11:09:04 ip-172-31-21-130 kernel: xen_netfront: Initialising Xen virtual ethernet driver
Aug 21 11:09:04 ip-172-31-21-130 kernel:  xvda: xvda1 xvda14 xvda15 xvda16
Aug 21 11:09:04 ip-172-31-21-130 kernel: i8042: PNP: PS/2 Controller [PNP0303:PS2K,PNP0f13:PS2M] at 0x60,0x64 irq 1,12
Aug 21 11:09:04 ip-172-31-21-130 kernel: i8042: Warning: Keylock active
Aug 21 11:09:04 ip-172-31-21-130 kernel: serio: i8042 KBD port at 0x60,0x64 irq 1
Aug 21 11:09:04 ip-172-31-21-130 kernel: serio: i8042 AUX port at 0x60,0x64 irq 12
Aug 21 11:09:04 ip-172-31-21-130 kernel: mousedev: PS/2 mouse device common for all mice
Aug 21 11:09:04 ip-172-31-21-130 kernel: rtc_cmos 00:00: registered as rtc0
Aug 21 11:09:04 ip-172-31-21-130 kernel: rtc_cmos 00:00: setting system clock to 2026-08-21T11:09:02 UTC (1787310542)
Aug 21 11:09:04 ip-172-31-21-130 kernel: rtc_cmos 00:00: alarms up to one day, 114 bytes nvram, hpet irqs
Aug 21 11:09:04 ip-172-31-21-130 kernel: i2c_dev: i2c /dev entries driver
Aug 21 11:09:04 ip-172-31-21-130 kernel: device-mapper: core: CONFIG_IMA_DISABLE_HTABLE is disabled. Duplicate IMA measurements will not be recorded in the IMA log.
Aug 21 11:09:04 ip-172-31-21-130 kernel: device-mapper: uevent: version 1.0.3
Aug 21 11:09:04 ip-172-31-21-130 kernel: device-mapper: ioctl: 4.50.0-ioctl (2025-04-28) initialised: dm-devel@lists.linux.dev
Aug 21 11:09:04 ip-172-31-21-130 kernel: intel_pstate: CPU model not supported
Aug 21 11:09:04 ip-172-31-21-130 kernel: drop_monitor: Initializing network drop monitor service
Aug 21 11:09:04 ip-172-31-21-130 kernel: NET: Registered PF_INET6 protocol family
Aug 21 11:09:04 ip-172-31-21-130 kernel: Segment Routing with IPv6
Aug 21 11:09:04 ip-172-31-21-130 kernel: In-situ OAM (IOAM) with IPv6
Aug 21 11:09:04 ip-172-31-21-130 kernel: NET: Registered PF_PACKET protocol family
Aug 21 11:09:04 ip-172-31-21-130 kernel: Key type dns_resolver registered
Aug 21 11:09:04 ip-172-31-21-130 kernel: resctrl: No MBM correction factor available
Aug 21 11:09:04 ip-172-31-21-130 kernel: IPI shorthand broadcast: enabled
Aug 21 11:09:04 ip-172-31-21-130 kernel: sched_clock: Marking stable (448003201, 318788942)->(6155241023, -5388448880)
Aug 21 11:09:04 ip-172-31-21-130 kernel: registered taskstats version 1
Aug 21 11:09:04 ip-172-31-21-130 kernel: Loading compiled-in X.509 certificates
Aug 21 11:09:04 ip-172-31-21-130 kernel: Loaded X.509 cert 'Build time autogenerated kernel key: 2f24b06c1e624fb173fdac675ec9a919854884d7'
Aug 21 11:09:04 ip-172-31-21-130 kernel: Loaded X.509 cert 'Canonical Ltd. Live Patch Signing 2025 Kmod: d541cef61dc7e793b7eb7e899970a2eef0b5dc8c'
Aug 21 11:09:04 ip-172-31-21-130 kernel: Loaded X.509 cert 'Canonical Ltd. Live Patch Signing: 14df34d1a87cf37625abec039ef2bf521249b969'
Aug 21 11:09:04 ip-172-31-21-130 kernel: Loaded X.509 cert 'Canonical Ltd. Kernel Module Signing 2025 Kmod: 4627603d2357a2a3f81006370894c221175893e9'
Aug 21 11:09:04 ip-172-31-21-130 kernel: Loaded X.509 cert 'Canonical Ltd. Kernel Module Signing: 88f752e560a1e0737e31163a466ad7b70a850c19'
Aug 21 11:09:04 ip-172-31-21-130 kernel: blacklist: Loading compiled-in revocation X.509 certificates
Aug 21 11:09:04 ip-172-31-21-130 kernel: Loaded X.509 cert 'Canonical Ltd. Secure Boot Signing: 61482aa2830d0ab2ad5af10b7250da9033ddcef0'
Aug 21 11:09:04 ip-172-31-21-130 kernel: Loaded X.509 cert 'Canonical Ltd. Secure Boot Signing (2017): 242ade75ac4a15e50d50c84b0d45ff3eae707a03'
Aug 21 11:09:04 ip-172-31-21-130 kernel: Loaded X.509 cert 'Canonical Ltd. Secure Boot Signing (ESM 2018): 365188c1d374d6b07c3c8f240f8ef722433d6a8b'
Aug 21 11:09:04 ip-172-31-21-130 kernel: Loaded X.509 cert 'Canonical Ltd. Secure Boot Signing (2019): c0746fd6c5da3ae827864651ad66ae47fe24b3e8'
Aug 21 11:09:04 ip-172-31-21-130 kernel: Loaded X.509 cert 'Canonical Ltd. Secure Boot Signing (2021 v1): a8d54bbb3825cfb94fa13c9f8a594a195c107b8d'
Aug 21 11:09:04 ip-172-31-21-130 kernel: Loaded X.509 cert 'Canonical Ltd. Secure Boot Signing (2021 v2): 4cf046892d6fd3c9a5b03f98d845f90851dc6a8c'
Aug 21 11:09:04 ip-172-31-21-130 kernel: Loaded X.509 cert 'Canonical Ltd. Secure Boot Signing (2021 v3): 100437bb6de6e469b581e61cd66bce3ef4ed53af'
Aug 21 11:09:04 ip-172-31-21-130 kernel: Loaded X.509 cert 'Canonical Ltd. Secure Boot Signing (Ubuntu Core 2019): c1d57b8f6b743f23ee41f4f7ee292f06eecadfb9'
Aug 21 11:09:04 ip-172-31-21-130 kernel: Demotion targets for Node 0: null
Aug 21 11:09:04 ip-172-31-21-130 kernel: Key type .fscrypt registered
Aug 21 11:09:04 ip-172-31-21-130 kernel: Key type fscrypt-provisioning registered
Aug 21 11:09:04 ip-172-31-21-130 kernel: Key type big_key registered
Aug 21 11:09:04 ip-172-31-21-130 kernel: Key type encrypted registered
Aug 21 11:09:04 ip-172-31-21-130 kernel: AppArmor: AppArmor sha256 policy hashing enabled
Aug 21 11:09:04 ip-172-31-21-130 kernel: ima: No TPM chip found, activating TPM-bypass!
Aug 21 11:09:04 ip-172-31-21-130 kernel: Loading compiled-in module X.509 certificates
Aug 21 11:09:04 ip-172-31-21-130 kernel: Loaded X.509 cert 'Build time autogenerated kernel key: 2f24b06c1e624fb173fdac675ec9a919854884d7'
Aug 21 11:09:04 ip-172-31-21-130 kernel: ima: Allocated hash algorithm: sha256
Aug 21 11:09:04 ip-172-31-21-130 kernel: ima: No architecture policies found
Aug 21 11:09:04 ip-172-31-21-130 kernel: evm: Initialising EVM extended attributes:
Aug 21 11:09:04 ip-172-31-21-130 kernel: evm: security.selinux
Aug 21 11:09:04 ip-172-31-21-130 kernel: evm: security.SMACK64
Aug 21 11:09:04 ip-172-31-21-130 kernel: evm: security.SMACK64EXEC
Aug 21 11:09:04 ip-172-31-21-130 kernel: evm: security.SMACK64TRANSMUTE
Aug 21 11:09:04 ip-172-31-21-130 kernel: evm: security.SMACK64MMAP
Aug 21 11:09:04 ip-172-31-21-130 kernel: evm: security.apparmor
Aug 21 11:09:04 ip-172-31-21-130 kernel: evm: security.ima
Aug 21 11:09:04 ip-172-31-21-130 kernel: evm: security.capability
Aug 21 11:09:04 ip-172-31-21-130 kernel: evm: HMAC attrs: 0x1
Aug 21 11:09:04 ip-172-31-21-130 kernel: PM:   Magic number: 6:373:176
Aug 21 11:09:04 ip-172-31-21-130 kernel: acpi device:39: hash matches
Aug 21 11:09:04 ip-172-31-21-130 kernel: acpi device:0c: hash matches
Aug 21 11:09:04 ip-172-31-21-130 kernel: RAS: Correctable Errors collector initialized.
Aug 21 11:09:04 ip-172-31-21-130 kernel: clk: Disabling unused clocks
Aug 21 11:09:04 ip-172-31-21-130 kernel: PM: genpd: Disabling unused power domains
Aug 21 11:09:04 ip-172-31-21-130 kernel: input: AT Translated Set 2 keyboard as /devices/platform/i8042/serio0/input/input2
Aug 21 11:09:04 ip-172-31-21-130 kernel: md: Waiting for all devices to be available before autodetect
Aug 21 11:09:04 ip-172-31-21-130 kernel: md: If you don't use raid, use raid=noautodetect
Aug 21 11:09:04 ip-172-31-21-130 kernel: md: Autodetecting RAID arrays.
Aug 21 11:09:04 ip-172-31-21-130 kernel: md: autorun ...
Aug 21 11:09:04 ip-172-31-21-130 kernel: md: ... autorun DONE.
Aug 21 11:09:04 ip-172-31-21-130 kernel: EXT4-fs (xvda1): mounted filesystem 0ef35759-eb42-4358-9a2a-1f74696d7007 ro with ordered data mode. Quota mode: none.
Aug 21 11:09:04 ip-172-31-21-130 kernel: VFS: Mounted root (ext4 filesystem) readonly on device 202:1.
Aug 21 11:09:04 ip-172-31-21-130 kernel: devtmpfs: mounted
Aug 21 11:09:04 ip-172-31-21-130 kernel: VFS: Pivoted into new rootfs
Aug 21 11:09:04 ip-172-31-21-130 kernel: Freeing unused decrypted memory: 2028K
Aug 21 11:09:04 ip-172-31-21-130 kernel: Freeing unused kernel image (initmem) memory: 5412K
Aug 21 11:09:04 ip-172-31-21-130 kernel: Write protecting the kernel read-only data: 43008k
Aug 21 11:09:04 ip-172-31-21-130 kernel: Freeing unused kernel image (text/rodata gap) memory: 1444K
Aug 21 11:09:04 ip-172-31-21-130 kernel: Freeing unused kernel image (rodata/data gap) memory: 2044K
Aug 21 11:09:04 ip-172-31-21-130 kernel: x86/mm: Checked W+X mappings: passed, no W+X pages found.
Aug 21 11:09:04 ip-172-31-21-130 kernel: x86/mm: Checking user space page tables
Aug 21 11:09:04 ip-172-31-21-130 kernel: x86/mm: Checked W+X mappings: passed, no W+X pages found.
Aug 21 11:09:04 ip-172-31-21-130 kernel: Run /sbin/init as init process
Aug 21 11:09:04 ip-172-31-21-130 kernel:   with arguments:
Aug 21 11:09:04 ip-172-31-21-130 kernel:     /sbin/init
Aug 21 11:09:04 ip-172-31-21-130 kernel:   with environment:
Aug 21 11:09:04 ip-172-31-21-130 kernel:     HOME=/
Aug 21 11:09:04 ip-172-31-21-130 kernel:     TERM=linux
Aug 21 11:09:04 ip-172-31-21-130 systemd[1]: Inserted module 'autofs4'
Aug 21 11:09:04 ip-172-31-21-130 systemd[1]: systemd 255.4-1ubuntu8.17 running in system mode (+PAM +AUDIT +SELINUX +APPARMOR +IMA +SMACK +SECCOMP +GCRYPT -GNUTLS +OPENSSL +ACL +BLKID +CURL +ELFUTILS +FIDO2 +IDN2 -IDN +IPTC +KMOD +LIBCRYPTSETUP +LIBFDISK +PCRE2 -PWQUALITY +P11KIT +QRENCODE +TPM2 +BZIP2 +LZ4 +XZ +ZLIB +ZSTD -BPF_FRAMEWORK -XKBCOMMON +UTMP +SYSVINIT default-hierarchy=unified)
Aug 21 11:09:04 ip-172-31-21-130 systemd[1]: Detected virtualization xen.
Aug 21 11:09:04 ip-172-31-21-130 systemd[1]: Detected architecture x86-64.
Aug 21 11:09:04 ip-172-31-21-130 systemd[1]: Hostname set to <ip-172-31-21-130>.
Aug 21 11:09:04 ip-172-31-21-130 systemd[1]: Queued start job for default target graphical.target.
Aug 21 11:09:04 ip-172-31-21-130 systemd[1]: Created slice system-modprobe.slice - Slice /system/modprobe.
Aug 21 11:09:04 ip-172-31-21-130 systemd[1]: Created slice system-serial\x2dgetty.slice - Slice /system/serial-getty.
Aug 21 11:09:04 ip-172-31-21-130 systemd[1]: Created slice system-systemd\x2dfsck.slice - Slice /system/systemd-fsck.
Aug 21 11:09:04 ip-172-31-21-130 systemd[1]: Created slice user.slice - User and Session Slice.
Aug 21 11:09:04 ip-172-31-21-130 systemd[1]: Started systemd-ask-password-wall.path - Forward Password Requests to Wall Directory Watch.
Aug 21 11:09:04 ip-172-31-21-130 systemd[1]: Set up automount proc-sys-fs-binfmt_misc.automount - Arbitrary Executable File Formats File System Automount Point.
Aug 21 11:09:04 ip-172-31-21-130 systemd[1]: Expecting device dev-disk-by\x2dlabel-BOOT.device - /dev/disk/by-label/BOOT...
Aug 21 11:09:04 ip-172-31-21-130 systemd[1]: Expecting device dev-disk-by\x2dlabel-UEFI.device - /dev/disk/by-label/UEFI...
Aug 21 11:09:04 ip-172-31-21-130 systemd[1]: Expecting device dev-ttyS0.device - /dev/ttyS0...
Aug 21 11:09:04 ip-172-31-21-130 systemd[1]: Reached target integritysetup.target - Local Integrity Protected Volumes.
Aug 21 11:09:04 ip-172-31-21-130 systemd[1]: Reached target slices.target - Slice Units.
Aug 21 11:09:04 ip-172-31-21-130 systemd[1]: Reached target snapd.mounts-pre.target - Mounting snaps.
Aug 21 11:09:04 ip-172-31-21-130 systemd[1]: Reached target swap.target - Swaps.
Aug 21 11:09:04 ip-172-31-21-130 systemd[1]: Reached target time-set.target - System Time Set.
Aug 21 11:09:04 ip-172-31-21-130 systemd[1]: Reached target veritysetup.target - Local Verity Protected Volumes.
Aug 21 11:09:04 ip-172-31-21-130 systemd[1]: Listening on dm-event.socket - Device-mapper event daemon FIFOs.
Aug 21 11:09:04 ip-172-31-21-130 systemd[1]: Listening on lvm2-lvmpolld.socket - LVM2 poll daemon socket.
Aug 21 11:09:04 ip-172-31-21-130 systemd[1]: Listening on multipathd.socket - multipathd control socket.
Aug 21 11:09:04 ip-172-31-21-130 systemd[1]: Listening on syslog.socket - Syslog Socket.
Aug 21 11:09:04 ip-172-31-21-130 systemd[1]: Listening on systemd-fsckd.socket - fsck to fsckd communication Socket.
Aug 21 11:09:04 ip-172-31-21-130 systemd[1]: Listening on systemd-initctl.socket - initctl Compatibility Named Pipe.
Aug 21 11:09:04 ip-172-31-21-130 systemd[1]: Listening on systemd-journald-dev-log.socket - Journal Socket (/dev/log).
Aug 21 11:09:04 ip-172-31-21-130 systemd[1]: Listening on systemd-journald.socket - Journal Socket.
Aug 21 11:09:04 ip-172-31-21-130 systemd[1]: Listening on systemd-networkd.socket - Network Service Netlink Socket.
Aug 21 11:09:04 ip-172-31-21-130 systemd[1]: systemd-pcrextend.socket - TPM2 PCR Extension (Varlink) was skipped because of an unmet condition check (ConditionSecurity=measured-uki).
Aug 21 11:09:04 ip-172-31-21-130 systemd[1]: Listening on systemd-udevd-control.socket - udev Control Socket.
Aug 21 11:09:04 ip-172-31-21-130 systemd[1]: Listening on systemd-udevd-kernel.socket - udev Kernel Socket.
Aug 21 11:09:04 ip-172-31-21-130 systemd[1]: Mounting dev-hugepages.mount - Huge Pages File System...
Aug 21 11:09:04 ip-172-31-21-130 systemd[1]: Mounting dev-mqueue.mount - POSIX Message Queue File System...
Aug 21 11:09:04 ip-172-31-21-130 systemd[1]: Mounting sys-kernel-debug.mount - Kernel Debug File System...
Aug 21 11:09:04 ip-172-31-21-130 systemd[1]: Mounting sys-kernel-tracing.mount - Kernel Trace File System...
Aug 21 11:09:04 ip-172-31-21-130 systemd[1]: Starting systemd-journald.service - Journal Service...
Aug 21 11:09:04 ip-172-31-21-130 systemd[1]: Starting keyboard-setup.service - Set the console keyboard layout...
Aug 21 11:09:04 ip-172-31-21-130 systemd[1]: Starting kmod-static-nodes.service - Create List of Static Device Nodes...
Aug 21 11:09:04 ip-172-31-21-130 systemd[1]: Starting lvm2-monitor.service - Monitoring of LVM2 mirrors, snapshots etc. using dmeventd or progress polling...
Aug 21 11:09:04 ip-172-31-21-130 systemd[1]: Starting modprobe@configfs.service - Load Kernel Module configfs...
Aug 21 11:09:04 ip-172-31-21-130 systemd-journald[129]: Collecting audit messages is disabled.
Aug 21 11:09:04 ip-172-31-21-130 systemd[1]: Starting modprobe@dm_mod.service - Load Kernel Module dm_mod...
Aug 21 11:09:04 ip-172-31-21-130 systemd-journald[129]: Journal started
Aug 21 11:09:04 ip-172-31-21-130 systemd-journald[129]: Runtime Journal (/run/log/journal/ec25dbf92fa7a8cca14e3d5e3abd2657) is 8.0M, max 148.4M, 140.4M free.
Aug 21 11:09:04 ip-172-31-21-130 systemd[1]: Starting modprobe@drm.service - Load Kernel Module drm...
Aug 21 11:09:04 ip-172-31-21-130 systemd[1]: Starting modprobe@efi_pstore.service - Load Kernel Module efi_pstore...
Aug 21 11:09:04 ip-172-31-21-130 systemd[1]: Starting modprobe@fuse.service - Load Kernel Module fuse...
Aug 21 11:09:04 ip-172-31-21-130 systemd[1]: Starting modprobe@loop.service - Load Kernel Module loop...
Aug 21 11:09:04 ip-172-31-21-130 systemd[1]: netplan-ovs-cleanup.service - OpenVSwitch configuration for cleanup was skipped because of an unmet condition check (ConditionFileIsExecutable=/usr/bin/ovs-vsctl).
Aug 21 11:09:04 ip-172-31-21-130 systemd[1]: Starting systemd-fsck-root.service - File System Check on Root Device...
Aug 21 11:09:04 ip-172-31-21-130 systemd[1]: Starting systemd-modules-load.service - Load Kernel Modules...
Aug 21 11:09:04 ip-172-31-21-130 systemd[1]: systemd-pcrmachine.service - TPM2 PCR Machine ID Measurement was skipped because of an unmet condition check (ConditionSecurity=measured-uki).
Aug 21 11:09:04 ip-172-31-21-130 systemd[1]: systemd-tpm2-setup-early.service - TPM2 SRK Setup (Early) was skipped because of an unmet condition check (ConditionSecurity=measured-uki).
Aug 21 11:09:04 ip-172-31-21-130 systemd[1]: Starting systemd-udev-trigger.service - Coldplug All udev Devices...
Aug 21 11:09:04 ip-172-31-21-130 systemd-modules-load[145]: Module 'i2c_dev' is built in
Aug 21 11:09:04 ip-172-31-21-130 systemd[1]: Started systemd-journald.service - Journal Service.
Aug 21 11:09:04 ip-172-31-21-130 systemd-fsck[148]: cloudimg-rootfs: clean, 158127/10354688 files, 3263556/20709115 blocks
Aug 21 11:09:04 ip-172-31-21-130 systemd[1]: Mounted dev-hugepages.mount - Huge Pages File System.
Aug 21 11:09:04 ip-172-31-21-130 systemd[1]: Mounted dev-mqueue.mount - POSIX Message Queue File System.
Aug 21 11:09:04 ip-172-31-21-130 systemd[1]: Mounted sys-kernel-debug.mount - Kernel Debug File System.
Aug 21 11:09:04 ip-172-31-21-130 systemd[1]: Mounted sys-kernel-tracing.mount - Kernel Trace File System.
Aug 21 11:09:04 ip-172-31-21-130 systemd[1]: Finished keyboard-setup.service - Set the console keyboard layout.
Aug 21 11:09:04 ip-172-31-21-130 systemd[1]: Finished kmod-static-nodes.service - Create List of Static Device Nodes.
Aug 21 11:09:04 ip-172-31-21-130 systemd[1]: modprobe@configfs.service: Deactivated successfully.
Aug 21 11:09:04 ip-172-31-21-130 systemd[1]: Finished modprobe@configfs.service - Load Kernel Module configfs.
Aug 21 11:09:04 ip-172-31-21-130 systemd[1]: modprobe@dm_mod.service: Deactivated successfully.
Aug 21 11:09:04 ip-172-31-21-130 systemd[1]: Finished modprobe@dm_mod.service - Load Kernel Module dm_mod.
Aug 21 11:09:04 ip-172-31-21-130 systemd[1]: modprobe@drm.service: Deactivated successfully.
Aug 21 11:09:04 ip-172-31-21-130 systemd[1]: Finished modprobe@drm.service - Load Kernel Module drm.
Aug 21 11:09:04 ip-172-31-21-130 systemd[1]: modprobe@efi_pstore.service: Deactivated successfully.
Aug 21 11:09:04 ip-172-31-21-130 systemd[1]: Finished modprobe@efi_pstore.service - Load Kernel Module efi_pstore.
Aug 21 11:09:04 ip-172-31-21-130 systemd[1]: modprobe@fuse.service: Deactivated successfully.
Aug 21 11:09:04 ip-172-31-21-130 systemd[1]: Finished modprobe@fuse.service - Load Kernel Module fuse.
Aug 21 11:09:04 ip-172-31-21-130 systemd[1]: modprobe@loop.service: Deactivated successfully.
Aug 21 11:09:04 ip-172-31-21-130 systemd[1]: Finished modprobe@loop.service - Load Kernel Module loop.
Aug 21 11:09:04 ip-172-31-21-130 systemd[1]: Finished systemd-fsck-root.service - File System Check on Root Device.
Aug 21 11:09:04 ip-172-31-21-130 systemd-modules-load[145]: Inserted module 'msr'
Aug 21 11:09:04 ip-172-31-21-130 systemd[1]: Finished lvm2-monitor.service - Monitoring of LVM2 mirrors, snapshots etc. using dmeventd or progress polling.
Aug 21 11:09:04 ip-172-31-21-130 systemd-modules-load[145]: Inserted module 'dm_multipath'
Aug 21 11:09:04 ip-172-31-21-130 systemd[1]: Mounting sys-fs-fuse-connections.mount - FUSE Control File System...
Aug 21 11:09:04 ip-172-31-21-130 systemd[1]: Mounting sys-kernel-config.mount - Kernel Configuration File System...
Aug 21 11:09:04 ip-172-31-21-130 systemd[1]: Started systemd-fsckd.service - File System Check Daemon to report status.
Aug 21 11:09:04 ip-172-31-21-130 systemd[1]: Starting systemd-remount-fs.service - Remount Root and Kernel File Systems...
Aug 21 11:09:04 ip-172-31-21-130 systemd[1]: systemd-repart.service - Repartition Root Disk was skipped because no trigger condition checks were met.
Aug 21 11:09:04 ip-172-31-21-130 systemd[1]: Starting systemd-tmpfiles-setup-dev-early.service - Create Static Device Nodes in /dev gracefully...
Aug 21 11:09:04 ip-172-31-21-130 systemd-modules-load[145]: Inserted module 'nf_conntrack'
Aug 21 11:09:04 ip-172-31-21-130 systemd[1]: Finished systemd-modules-load.service - Load Kernel Modules.
Aug 21 11:09:04 ip-172-31-21-130 systemd[1]: Mounted sys-fs-fuse-connections.mount - FUSE Control File System.
Aug 21 11:09:04 ip-172-31-21-130 systemd[1]: Mounted sys-kernel-config.mount - Kernel Configuration File System.
Aug 21 11:09:04 ip-172-31-21-130 systemd[1]: Starting systemd-sysctl.service - Apply Kernel Variables...
Aug 21 11:09:04 ip-172-31-21-130 systemd[1]: Finished systemd-sysctl.service - Apply Kernel Variables.
Aug 21 11:09:04 ip-172-31-21-130 systemd[1]: Finished systemd-tmpfiles-setup-dev-early.service - Create Static Device Nodes in /dev gracefully.
Aug 21 11:09:04 ip-172-31-21-130 kernel: EXT4-fs (xvda1): re-mounted 0ef35759-eb42-4358-9a2a-1f74696d7007 r/w.
Aug 21 11:09:04 ip-172-31-21-130 systemd[1]: Finished systemd-remount-fs.service - Remount Root and Kernel File Systems.
Aug 21 11:09:04 ip-172-31-21-130 systemd[1]: Starting multipathd.service - Device-Mapper Multipath Device Controller...
Aug 21 11:09:04 ip-172-31-21-130 systemd[1]: systemd-hwdb-update.service - Rebuild Hardware Database was skipped because of an unmet condition check (ConditionNeedsUpdate=/etc).
Aug 21 11:09:04 ip-172-31-21-130 systemd[1]: Starting systemd-journal-flush.service - Flush Journal to Persistent Storage...
Aug 21 11:09:04 ip-172-31-21-130 systemd[1]: systemd-pstore.service - Platform Persistent Storage Archival was skipped because of an unmet condition check (ConditionDirectoryNotEmpty=/sys/fs/pstore).
Aug 21 11:09:04 ip-172-31-21-130 systemd[1]: Starting systemd-random-seed.service - Load/Save OS Random Seed...
Aug 21 11:09:04 ip-172-31-21-130 systemd[1]: systemd-sysusers.service - Create System Users was skipped because no trigger condition checks were met.
Aug 21 11:09:04 ip-172-31-21-130 systemd[1]: Starting systemd-tmpfiles-setup-dev.service - Create Static Device Nodes in /dev...
Aug 21 11:09:04 ip-172-31-21-130 systemd[1]: systemd-tpm2-setup.service - TPM2 SRK Setup was skipped because of an unmet condition check (ConditionSecurity=measured-uki).
Aug 21 11:09:04 ip-172-31-21-130 systemd[1]: Finished systemd-udev-trigger.service - Coldplug All udev Devices.
Aug 21 11:09:04 ip-172-31-21-130 systemd-journald[129]: Time spent on flushing to /var/log/journal/ec25dbf92fa7a8cca14e3d5e3abd2657 is 75.669ms for 605 entries.
Aug 21 11:09:04 ip-172-31-21-130 systemd-journald[129]: System Journal (/var/log/journal/ec25dbf92fa7a8cca14e3d5e3abd2657) is 224.1M, max 4.0G, 3.7G free.
Aug 21 11:09:04 ip-172-31-21-130 systemd-journald[129]: Received client request to flush runtime journal.
Aug 21 11:09:04 ip-172-31-21-130 systemd-journald[129]: /var/log/journal/ec25dbf92fa7a8cca14e3d5e3abd2657/system.journal: Journal file uses a different sequence number ID, rotating.
Aug 21 11:09:04 ip-172-31-21-130 systemd-journald[129]: Rotating system journal.
Aug 21 11:09:04 ip-172-31-21-130 kernel: loop0: detected capacity change from 0 to 57752
Aug 21 11:09:04 ip-172-31-21-130 systemd[1]: Finished systemd-random-seed.service - Load/Save OS Random Seed.
Aug 21 11:09:04 ip-172-31-21-130 systemd[1]: Finished systemd-tmpfiles-setup-dev.service - Create Static Device Nodes in /dev.
Aug 21 11:09:04 ip-172-31-21-130 multipathd[189]: multipathd v0.9.4: start up
Aug 21 11:09:04 ip-172-31-21-130 multipathd[189]: reconfigure: setting up paths and maps
Aug 21 11:09:04 ip-172-31-21-130 systemd[1]: Starting systemd-udevd.service - Rule-based Manager for Device Events and Files...
Aug 21 11:09:04 ip-172-31-21-130 systemd-udevd[195]: Using default interface naming scheme 'v255'.
Aug 21 11:09:04 ip-172-31-21-130 systemd[1]: Started multipathd.service - Device-Mapper Multipath Device Controller.
Aug 21 11:09:04 ip-172-31-21-130 systemd[1]: Reached target local-fs-pre.target - Preparation for Local File Systems.
Aug 21 11:09:04 ip-172-31-21-130 systemd[1]: Mounting snap-amazon\x2dssm\x2dagent-13009.mount - Mount unit for amazon-ssm-agent, revision 13009...
Aug 21 11:09:04 ip-172-31-21-130 systemd[1]: Mounting snap-amazon\x2dssm\x2dagent-13349.mount - Mount unit for amazon-ssm-agent, revision 13349...
Aug 21 11:09:04 ip-172-31-21-130 systemd[1]: Mounting snap-core22-2411.mount - Mount unit for core22, revision 2411...
Aug 21 11:09:04 ip-172-31-21-130 systemd[1]: Mounting snap-core22-2437.mount - Mount unit for core22, revision 2437...
Aug 21 11:09:04 ip-172-31-21-130 kernel: loop1: detected capacity change from 0 to 151512
Aug 21 11:09:04 ip-172-31-21-130 kernel: loop2: detected capacity change from 0 to 58160
Aug 21 11:09:04 ip-172-31-21-130 systemd[1]: Mounting snap-snapd-26865.mount - Mount unit for snapd, revision 26865...
Aug 21 11:09:04 ip-172-31-21-130 systemd[1]: Mounting snap-snapd-27710.mount - Mount unit for snapd, revision 27710...
Aug 21 11:09:04 ip-172-31-21-130 kernel: loop3: detected capacity change from 0 to 151536
Aug 21 11:09:04 ip-172-31-21-130 systemd[1]: Finished systemd-journal-flush.service - Flush Journal to Persistent Storage.
Aug 21 11:09:04 ip-172-31-21-130 kernel: loop4: detected capacity change from 0 to 100888
Aug 21 11:09:04 ip-172-31-21-130 systemd[1]: Mounted snap-amazon\x2dssm\x2dagent-13009.mount - Mount unit for amazon-ssm-agent, revision 13009.
Aug 21 11:09:04 ip-172-31-21-130 systemd[1]: Mounted snap-amazon\x2dssm\x2dagent-13349.mount - Mount unit for amazon-ssm-agent, revision 13349.
Aug 21 11:09:04 ip-172-31-21-130 systemd[1]: Mounted snap-core22-2411.mount - Mount unit for core22, revision 2411.
Aug 21 11:09:04 ip-172-31-21-130 kernel: loop5: detected capacity change from 0 to 102608
Aug 21 11:09:04 ip-172-31-21-130 systemd[1]: Mounted snap-core22-2437.mount - Mount unit for core22, revision 2437.
Aug 21 11:09:04 ip-172-31-21-130 systemd[1]: Mounted snap-snapd-26865.mount - Mount unit for snapd, revision 26865.
Aug 21 11:09:04 ip-172-31-21-130 systemd[1]: Mounted snap-snapd-27710.mount - Mount unit for snapd, revision 27710.
Aug 21 11:09:04 ip-172-31-21-130 systemd[1]: Reached target snapd.mounts.target - Mounted snaps.
Aug 21 11:09:04 ip-172-31-21-130 systemd[1]: Started systemd-udevd.service - Rule-based Manager for Device Events and Files.
Aug 21 11:09:04 ip-172-31-21-130 systemd[1]: plymouth-start.service - Show Plymouth Boot Screen was skipped because of an unmet condition check (ConditionKernelCommandLine=splash).
Aug 21 11:09:04 ip-172-31-21-130 systemd[1]: Started systemd-ask-password-console.path - Dispatch Password Requests to Console Directory Watch.
Aug 21 11:09:04 ip-172-31-21-130 systemd[1]: systemd-ask-password-plymouth.path - Forward Password Requests to Plymouth Directory Watch was skipped because of an unmet condition check (ConditionPathExists=/run/plymouth/pid).
Aug 21 11:09:04 ip-172-31-21-130 systemd[1]: Reached target cryptsetup.target - Local Encrypted Volumes.
Aug 21 11:09:04 ip-172-31-21-130 (udev-worker)[235]: eth0: Could not set WakeOnLan to off, ignoring: Operation not supported
Aug 21 11:09:04 ip-172-31-21-130 kernel: vif vif-0 enX0: renamed from eth0
Aug 21 11:09:04 ip-172-31-21-130 systemd[1]: Found device dev-ttyS0.device - /dev/ttyS0.
Aug 21 11:09:04 ip-172-31-21-130 systemd[1]: Found device dev-disk-by\x2dlabel-UEFI.device - /dev/disk/by-label/UEFI.
Aug 21 11:09:04 ip-172-31-21-130 systemd[1]: Starting systemd-fsck@dev-disk-by\x2dlabel-UEFI.service - File System Check on /dev/disk/by-label/UEFI...
Aug 21 11:09:04 ip-172-31-21-130 systemd[1]: Found device dev-disk-by\x2dlabel-BOOT.device - /dev/disk/by-label/BOOT.
Aug 21 11:09:04 ip-172-31-21-130 systemd[1]: Starting systemd-fsck@dev-disk-by\x2dlabel-BOOT.service - File System Check on /dev/disk/by-label/BOOT...
Aug 21 11:09:04 ip-172-31-21-130 kernel: piix4_smbus 0000:00:01.3: SMBus base address uninitialized - upgrade BIOS or use force_addr=0xaddr
Aug 21 11:09:04 ip-172-31-21-130 systemd-fsck[275]: fsck.fat 4.2 (2021-01-31)
Aug 21 11:09:04 ip-172-31-21-130 systemd-fsck[275]: /dev/xvda15: 12 files, 12499/213663 clusters
Aug 21 11:09:04 ip-172-31-21-130 systemd-fsck[276]: BOOT: clean, 605/58496 files, 54967/233728 blocks
Aug 21 11:09:04 ip-172-31-21-130 systemd[1]: Finished systemd-fsck@dev-disk-by\x2dlabel-UEFI.service - File System Check on /dev/disk/by-label/UEFI.
Aug 21 11:09:04 ip-172-31-21-130 systemd[1]: Finished systemd-fsck@dev-disk-by\x2dlabel-BOOT.service - File System Check on /dev/disk/by-label/BOOT.
Aug 21 11:09:04 ip-172-31-21-130 kernel: cirrus-qemu 0000:00:02.0: vgaarb: deactivate vga console
Aug 21 11:09:04 ip-172-31-21-130 kernel: Console: switching to colour dummy device 80x25
Aug 21 11:09:04 ip-172-31-21-130 kernel: [drm] Initialized cirrus-qemu 2.0.0 for 0000:00:02.0 on minor 0
Aug 21 11:09:04 ip-172-31-21-130 kernel: fbcon: cirrus-qemudrmf (fb0) is primary device
Aug 21 11:09:04 ip-172-31-21-130 kernel: Console: switching to colour frame buffer device 100x37
Aug 21 11:09:04 ip-172-31-21-130 (udev-worker)[224]: enX0: Could not set WakeOnLan to off, ignoring: Operation not supported
Aug 21 11:09:04 ip-172-31-21-130 systemd[1]: Listening on systemd-rfkill.socket - Load/Save RF Kill Switch Status /dev/rfkill Watch.
Aug 21 11:09:04 ip-172-31-21-130 kernel: cirrus-qemu 0000:00:02.0: [drm] fb0: cirrus-qemudrmf frame buffer device
Aug 21 11:09:04 ip-172-31-21-130 kernel: RAPL PMU: API unit is 2^-32 Joules, 0 fixed counters, 655360 ms ovfl timer
Aug 21 11:09:05 ip-172-31-21-130 systemd[1]: Mounting boot.mount - /boot...
Aug 21 11:09:05 ip-172-31-21-130 kernel: EXT4-fs (xvda16): mounted filesystem 8fb95cef-95fc-48ca-aaab-3f1b1df59748 r/w with ordered data mode. Quota mode: none.
Aug 21 11:09:05 ip-172-31-21-130 systemd[1]: Mounted boot.mount - /boot.
Aug 21 11:09:05 ip-172-31-21-130 systemd[1]: Mounting boot-efi.mount - /boot/efi...
Aug 21 11:09:05 ip-172-31-21-130 systemd[1]: Mounted boot-efi.mount - /boot/efi.
Aug 21 11:09:05 ip-172-31-21-130 systemd[1]: Reached target local-fs.target - Local File Systems.
Aug 21 11:09:05 ip-172-31-21-130 systemd[1]: Listening on systemd-sysext.socket - System Extension Image Management (Varlink).
Aug 21 11:09:05 ip-172-31-21-130 systemd[1]: Starting apparmor.service - Load AppArmor profiles...
Aug 21 11:09:05 ip-172-31-21-130 systemd[1]: Starting console-setup.service - Set console font and keymap...
Aug 21 11:09:05 ip-172-31-21-130 systemd[1]: Starting finalrd.service - Create final runtime dir for shutdown pivot root...
Aug 21 11:09:05 ip-172-31-21-130 systemd[1]: Starting kdump-tools.service - Kernel crash dump capture service...
Aug 21 11:09:05 ip-172-31-21-130 systemd[1]: ldconfig.service - Rebuild Dynamic Linker Cache was skipped because no trigger condition checks were met.
Aug 21 11:09:05 ip-172-31-21-130 systemd[1]: Starting plymouth-read-write.service - Tell Plymouth To Write Out Runtime Data...
Aug 21 11:09:05 ip-172-31-21-130 systemd[1]: Starting systemd-binfmt.service - Set Up Additional Binary Formats...
Aug 21 11:09:05 ip-172-31-21-130 systemd[1]: Starting systemd-tmpfiles-setup.service - Create Volatile Files and Directories...
Aug 21 11:09:05 ip-172-31-21-130 apparmor.systemd[352]: Restarting AppArmor
Aug 21 11:09:05 ip-172-31-21-130 systemd[1]: Starting ufw.service - Uncomplicated firewall...
Aug 21 11:09:05 ip-172-31-21-130 systemd[1]: Finished console-setup.service - Set console font and keymap.
Aug 21 11:09:05 ip-172-31-21-130 systemd[1]: Finished finalrd.service - Create final runtime dir for shutdown pivot root.
Aug 21 11:09:05 ip-172-31-21-130 apparmor.systemd[352]: Reloading AppArmor profiles
Aug 21 11:09:05 ip-172-31-21-130 systemd[1]: proc-sys-fs-binfmt_misc.automount: Got automount request for /proc/sys/fs/binfmt_misc, triggered by 361 (systemd-binfmt)
Aug 21 11:09:05 ip-172-31-21-130 systemd[1]: Mounting proc-sys-fs-binfmt_misc.mount - Arbitrary Executable File Formats File System...
Aug 21 11:09:05 ip-172-31-21-130 systemd[1]: Finished plymouth-read-write.service - Tell Plymouth To Write Out Runtime Data.
Aug 21 11:09:05 ip-172-31-21-130 systemd[1]: Finished ufw.service - Uncomplicated firewall.
Aug 21 11:09:05 ip-172-31-21-130 systemd[1]: Mounted proc-sys-fs-binfmt_misc.mount - Arbitrary Executable File Formats File System.
Aug 21 11:09:05 ip-172-31-21-130 systemd[1]: Finished systemd-binfmt.service - Set Up Additional Binary Formats.
Aug 21 11:09:05 ip-172-31-21-130 systemd[1]: Finished systemd-tmpfiles-setup.service - Create Volatile Files and Directories.
Aug 21 11:09:05 ip-172-31-21-130 kernel: audit: type=1400 audit(1787310545.242:2): apparmor="STATUS" operation="profile_load" profile="unconfined" name="1password" pid=378 comm="apparmor_parser"
Aug 21 11:09:05 ip-172-31-21-130 systemd[1]: systemd-firstboot.service - First Boot Wizard was skipped because of an unmet condition check (ConditionFirstBoot=yes).
Aug 21 11:09:05 ip-172-31-21-130 kernel: audit: type=1400 audit(1787310545.244:3): apparmor="STATUS" operation="profile_load" profile="unconfined" name="Discord" pid=379 comm="apparmor_parser"
Aug 21 11:09:05 ip-172-31-21-130 systemd[1]: first-boot-complete.target - First Boot Complete was skipped because of an unmet condition check (ConditionFirstBoot=yes).
Aug 21 11:09:05 ip-172-31-21-130 systemd[1]: systemd-journal-catalog-update.service - Rebuild Journal Catalog was skipped because of an unmet condition check (ConditionNeedsUpdate=/var).
Aug 21 11:09:05 ip-172-31-21-130 systemd[1]: systemd-machine-id-commit.service - Commit a transient machine-id on disk was skipped because of an unmet condition check (ConditionPathIsMountPoint=/etc/machine-id).
Aug 21 11:09:05 ip-172-31-21-130 kernel: audit: type=1400 audit(1787310545.247:4): apparmor="STATUS" operation="profile_load" profile="unconfined" name="QtWebEngineProcess" pid=391 comm="apparmor_parser"
Aug 21 11:09:05 ip-172-31-21-130 kernel: audit: type=1400 audit(1787310545.247:5): apparmor="STATUS" operation="profile_load" profile="unconfined" name=4D6F6E676F444220436F6D70617373 pid=390 comm="apparmor_parser"
Aug 21 11:09:05 ip-172-31-21-130 kernel: audit: type=1400 audit(1787310545.249:6): apparmor="STATUS" operation="profile_load" profile="unconfined" name="balena-etcher" pid=393 comm="apparmor_parser"
Aug 21 11:09:05 ip-172-31-21-130 kernel: audit: type=1400 audit(1787310545.250:7): apparmor="STATUS" operation="profile_load" profile="unconfined" name="brave" pid=394 comm="apparmor_parser"
Aug 21 11:09:05 ip-172-31-21-130 systemd[1]: Starting systemd-resolved.service - Network Name Resolution...
Aug 21 11:09:05 ip-172-31-21-130 kernel: audit: type=1400 audit(1787310545.253:8): apparmor="STATUS" operation="profile_load" profile="unconfined" name="cam" pid=397 comm="apparmor_parser"
Aug 21 11:09:05 ip-172-31-21-130 systemd[1]: systemd-update-done.service - Update is Completed was skipped because no trigger condition checks were met.
Aug 21 11:09:05 ip-172-31-21-130 systemd[1]: Starting systemd-update-utmp.service - Record System Boot/Shutdown in UTMP...
Aug 21 11:09:05 ip-172-31-21-130 kernel: audit: type=1400 audit(1787310545.255:9): apparmor="STATUS" operation="profile_load" profile="unconfined" name="buildah" pid=396 comm="apparmor_parser"
Aug 21 11:09:05 ip-172-31-21-130 kernel: audit: type=1400 audit(1787310545.257:10): apparmor="STATUS" operation="profile_load" profile="unconfined" name="ch-checkns" pid=398 comm="apparmor_parser"
Aug 21 11:09:05 ip-172-31-21-130 systemd[1]: Finished systemd-update-utmp.service - Record System Boot/Shutdown in UTMP.
Aug 21 11:09:05 ip-172-31-21-130 kernel: input: ImPS/2 Generic Wheel Mouse as /devices/platform/i8042/serio1/input/input4
Aug 21 11:09:05 ip-172-31-21-130 systemd-resolved[395]: Positive Trust Anchors:
Aug 21 11:09:05 ip-172-31-21-130 systemd-resolved[395]: . IN DS 20326 8 2 e06d44b80b8f1d39a95c0b0d7c65d08458e880409bbc683457104237c7f8ec8d
Aug 21 11:09:05 ip-172-31-21-130 systemd-resolved[395]: Negative trust anchors: home.arpa 10.in-addr.arpa 16.172.in-addr.arpa 17.172.in-addr.arpa 18.172.in-addr.arpa 19.172.in-addr.arpa 20.172.in-addr.arpa 21.172.in-addr.arpa 22.172.in-addr.arpa 23.172.in-addr.arpa 24.172.in-addr.arpa 25.172.in-addr.arpa 26.172.in-addr.arpa 27.172.in-addr.arpa 28.172.in-addr.arpa 29.172.in-addr.arpa 30.172.in-addr.arpa 31.172.in-addr.arpa 170.0.0.192.in-addr.arpa 171.0.0.192.in-addr.arpa 168.192.in-addr.arpa d.f.ip6.arpa ipv4only.arpa corp home internal intranet lan local private test
Aug 21 11:09:05 ip-172-31-21-130 kdump-tools[386]: Starting kdump-tools:
Aug 21 11:09:05 ip-172-31-21-130 kdump-tools[412]:  * Creating symlink /var/lib/kdump/vmlinuz
Aug 21 11:09:05 ip-172-31-21-130 kdump-tools[412]:  * Creating symlink /var/lib/kdump/initrd.img
Aug 21 11:09:05 ip-172-31-21-130 systemd-resolved[395]: Using system hostname 'ip-172-31-21-130'.
Aug 21 11:09:05 ip-172-31-21-130 systemd[1]: Started systemd-resolved.service - Network Name Resolution.
Aug 21 11:09:05 ip-172-31-21-130 systemd[1]: Reached target nss-lookup.target - Host and Network Name Lookups.
Aug 21 11:09:05 ip-172-31-21-130 systemd[1]: Finished apparmor.service - Load AppArmor profiles.
Aug 21 11:09:05 ip-172-31-21-130 systemd[1]: Starting snapd.apparmor.service - Load AppArmor profiles managed internally by snapd...
Aug 21 11:09:05 ip-172-31-21-130 systemd[1]: vgauth.service - Authentication service for virtual machines hosted on VMware was skipped because of an unmet condition check (ConditionVirtualization=vmware).
Aug 21 11:09:05 ip-172-31-21-130 systemd[1]: open-vm-tools.service - Service for virtual machines hosted on VMware was skipped because of an unmet condition check (ConditionVirtualization=vmware).
Aug 21 11:09:05 ip-172-31-21-130 systemd[1]: Starting cloud-init-local.service - Cloud-init: Local Stage (pre-network)...
Aug 21 11:09:05 ip-172-31-21-130 snapd-apparmor[536]: main.go:146: Loading profiles [/var/lib/snapd/apparmor/profiles/snap-confine.snapd.26865 /var/lib/snapd/apparmor/profiles/snap-confine.snapd.27710 /var/lib/snapd/apparmor/profiles/snap-update-ns.amazon-ssm-agent /var/lib/snapd/apparmor/profiles/snap.amazon-ssm-agent.amazon-ssm-agent /var/lib/snapd/apparmor/profiles/snap.amazon-ssm-agent.ssm-cli]
Aug 21 11:09:05 ip-172-31-21-130 kdump-tools[412]:  * loaded kdump kernel
Aug 21 11:09:05 ip-172-31-21-130 kdump-tools[551]: /sbin/kexec -p --command-line="BOOT_IMAGE=/vmlinuz-7.0.0-1010-aws root=PARTUUID=fe814a98-f7fd-4c3d-9642-c18fe64c6e5d ro console=tty1 console=ttyS0 nvme_core.io_timeout=4294967295 panic=-1 reset_devices systemd.unit=kdump-tools-dump.service nr_cpus=1 irqpoll usbcore.nousb" --initrd=/var/lib/kdump/initrd.img /var/lib/kdump/vmlinuz
Aug 21 11:09:05 ip-172-31-21-130 kdump-tools[552]: loaded kdump kernel
Aug 21 11:09:05 ip-172-31-21-130 systemd[1]: Finished kdump-tools.service - Kernel crash dump capture service.
Aug 21 11:09:05 ip-172-31-21-130 systemd[1]: Finished snapd.apparmor.service - Load AppArmor profiles managed internally by snapd.
Aug 21 11:09:06 ip-172-31-21-130 cloud-init[565]: Cloud-init v. 26.1-0ubuntu1~24.04.1 running 'init-local' at Fri, 21 Aug 2026 11:09:06 +0000. Up 4.38 seconds.
Aug 21 11:09:06 ip-172-31-21-130 dhcpcd[568]: dhcpcd-10.0.6 starting
Aug 21 11:09:06 ip-172-31-21-130 dhcpcd[568]: chrooting as dhcpcd to /usr/lib/dhcpcd
Aug 21 11:09:06 ip-172-31-21-130 dhcpcd[570]: spawned manager process on PID 570
Aug 21 11:09:06 ip-172-31-21-130 dhcpcd[571]: spawned privileged proxy on PID 571
Aug 21 11:09:06 ip-172-31-21-130 dhcpcd[571]: spawned controller proxy on PID 572
Aug 21 11:09:06 ip-172-31-21-130 dhcpcd[571]: DUID 00:01:00:01:32:0d:a4:f5:0a:ff:cc:05:da:3b
Aug 21 11:09:06 ip-172-31-21-130 kernel: 8021q: 802.1Q VLAN Support v1.8
Aug 21 11:09:06 ip-172-31-21-130 kernel: cfg80211: Loading compiled-in X.509 certificates for regulatory database
Aug 21 11:09:06 ip-172-31-21-130 kernel: Loaded X.509 cert 'sforshee: 00b28ddf47aef9cea7'
Aug 21 11:09:06 ip-172-31-21-130 kernel: Loaded X.509 cert 'wens: 61c038651aabdcf94bd0ac7ff06c7248db18c600'
Aug 21 11:09:06 ip-172-31-21-130 dhcpcd[571]: enX0: executing: /bin/true PREINIT
Aug 21 11:09:06 ip-172-31-21-130 dhcpcd[571]: enX0: executing: /bin/true CARRIER
Aug 21 11:09:06 ip-172-31-21-130 dhcpcd[571]: enX0: IAID cc:05:da:3b
Aug 21 11:09:06 ip-172-31-21-130 dhcpcd[571]: enX0: delaying IPv4 for 1.0 seconds
Aug 21 11:09:06 ip-172-31-21-130 kernel: faux_driver regulatory: Direct firmware load for regulatory.db failed with error -2
Aug 21 11:09:06 ip-172-31-21-130 kernel: cfg80211: failed to load regulatory.db
Aug 21 11:09:07 ip-172-31-21-130 dhcpcd[571]: enX0: reading lease: /var/lib/dhcpcd/enX0.lease
Aug 21 11:09:07 ip-172-31-21-130 dhcpcd[571]: enX0: discarding expired lease
Aug 21 11:09:07 ip-172-31-21-130 dhcpcd[571]: enX0: soliciting a DHCP lease
Aug 21 11:09:07 ip-172-31-21-130 dhcpcd[571]: enX0: sending DISCOVER (xid 0x19267a45), next in 4.9 seconds
Aug 21 11:09:07 ip-172-31-21-130 dhcpcd[571]: enX0: spawned BPF BOOTP on PID 578
Aug 21 11:09:07 ip-172-31-21-130 dhcpcd[571]: enX0: offered 172.31.21.130 from 172.31.16.1
Aug 21 11:09:07 ip-172-31-21-130 dhcpcd[571]: enX0: sending REQUEST (xid 0x19267a45), next in 4.9 seconds
Aug 21 11:09:07 ip-172-31-21-130 dhcpcd[571]: enX0: process BPF BOOTP already started on pid 578
Aug 21 11:09:07 ip-172-31-21-130 dhcpcd[571]: enX0: acknowledged 172.31.21.130 from 172.31.16.1
Aug 21 11:09:07 ip-172-31-21-130 dhcpcd[571]: enX0: leased 172.31.21.130 for 3600 seconds
Aug 21 11:09:07 ip-172-31-21-130 dhcpcd[571]: enX0: renew in 1800 seconds, rebind in 3150 seconds
Aug 21 11:09:07 ip-172-31-21-130 dhcpcd[571]: enX0: writing lease: /var/lib/dhcpcd/enX0.lease
Aug 21 11:09:07 ip-172-31-21-130 dhcpcd[571]: enX0: adding IP address 172.31.21.130/20 broadcast 172.31.31.255
Aug 21 11:09:07 ip-172-31-21-130 dhcpcd[571]: enX0: adding route to 172.31.16.0/20
Aug 21 11:09:07 ip-172-31-21-130 dhcpcd[571]: enX0: adding default route via 172.31.16.1
Aug 21 11:09:07 ip-172-31-21-130 dhcpcd[571]: enX0: executing: /bin/true BOUND
Aug 21 11:09:07 ip-172-31-21-130 dhcpcd[571]: enX0: spawned BOOTP proxy 172.31.21.130 on PID 580
Aug 21 11:09:07 ip-172-31-21-130 dhcpcd[571]: control command: dhcpcd --dumplease --ipv4only enX0
Aug 21 11:09:07 ip-172-31-21-130 dhcpcd[571]: enX0: BPF BOOTP exited from PID 578
Aug 21 11:09:07 ip-172-31-21-130 kernel: floppy0: no floppy controllers found
Aug 21 11:09:07 ip-172-31-21-130 systemd[1]: Finished cloud-init-local.service - Cloud-init: Local Stage (pre-network).
Aug 21 11:09:07 ip-172-31-21-130 systemd[1]: Reached target network-pre.target - Preparation for Network.
Aug 21 11:09:07 ip-172-31-21-130 systemd[1]: Starting systemd-networkd.service - Network Configuration...
Aug 21 11:09:07 ip-172-31-21-130 systemd-networkd[593]: lo: Link UP
Aug 21 11:09:07 ip-172-31-21-130 systemd-networkd[593]: lo: Gained carrier
Aug 21 11:09:07 ip-172-31-21-130 systemd-networkd[593]: Enumeration completed
Aug 21 11:09:07 ip-172-31-21-130 systemd-networkd[593]: enX0: Link UP
Aug 21 11:09:07 ip-172-31-21-130 systemd-networkd[593]: enX0: Gained carrier
Aug 21 11:09:07 ip-172-31-21-130 systemd-networkd[593]: enX0: Link DOWN
Aug 21 11:09:07 ip-172-31-21-130 systemd[1]: Started systemd-networkd.service - Network Configuration.
Aug 21 11:09:07 ip-172-31-21-130 systemd-networkd[593]: enX0: Lost carrier
Aug 21 11:09:07 ip-172-31-21-130 systemd-networkd[593]: enX0: Configuring with /run/systemd/network/10-netplan-enX0.network.
Aug 21 11:09:07 ip-172-31-21-130 systemd[1]: Reached target network.target - Network.
Aug 21 11:09:07 ip-172-31-21-130 systemd-networkd[593]: enX0: Link UP
Aug 21 11:09:07 ip-172-31-21-130 systemd-networkd[593]: enX0: Gained carrier
Aug 21 11:09:07 ip-172-31-21-130 systemd[1]: Starting systemd-networkd-wait-online.service - Wait for Network to be Configured...
Aug 21 11:09:07 ip-172-31-21-130 systemd-networkd[593]: enX0: DHCPv4 address 172.31.21.130/20, gateway 172.31.16.1 acquired from 172.31.16.1
Aug 21 11:09:09 ip-172-31-21-130 systemd-networkd[593]: enX0: Gained IPv6LL
Aug 21 11:09:09 ip-172-31-21-130 systemd[1]: Finished systemd-networkd-wait-online.service - Wait for Network to be Configured.
Aug 21 11:09:09 ip-172-31-21-130 systemd[1]: Starting cloud-init.service - Cloud-init: Network Stage...
Aug 21 11:09:10 ip-172-31-21-130 cloud-init[602]: Cloud-init v. 26.1-0ubuntu1~24.04.1 running 'init' at Fri, 21 Aug 2026 11:09:10 +0000. Up 8.09 seconds.
Aug 21 11:09:10 ip-172-31-21-130 cloud-init[602]: ci-info: ++++++++++++++++++++++++++++++++++++++Net device info+++++++++++++++++++++++++++++++++++++++
Aug 21 11:09:10 ip-172-31-21-130 cloud-init[602]: ci-info: +--------+------+-----------------------------+---------------+--------+-------------------+
Aug 21 11:09:10 ip-172-31-21-130 cloud-init[602]: ci-info: | Device |  Up  |           Address           |      Mask     | Scope  |     Hw-Address    |
Aug 21 11:09:10 ip-172-31-21-130 cloud-init[602]: ci-info: +--------+------+-----------------------------+---------------+--------+-------------------+
Aug 21 11:09:10 ip-172-31-21-130 cloud-init[602]: ci-info: |  enX0  | True |        172.31.21.130        | 255.255.240.0 | global | 0a:ff:cc:05:da:3b |
Aug 21 11:09:10 ip-172-31-21-130 cloud-init[602]: ci-info: |  enX0  | True | fe80::8ff:ccff:fe05:da3b/64 |       .       |  link  | 0a:ff:cc:05:da:3b |
Aug 21 11:09:10 ip-172-31-21-130 cloud-init[602]: ci-info: |   lo   | True |          127.0.0.1          |   255.0.0.0   |  host  |         .         |
Aug 21 11:09:10 ip-172-31-21-130 cloud-init[602]: ci-info: |   lo   | True |           ::1/128           |       .       |  host  |         .         |
Aug 21 11:09:10 ip-172-31-21-130 cloud-init[602]: ci-info: +--------+------+-----------------------------+---------------+--------+-------------------+
Aug 21 11:09:10 ip-172-31-21-130 cloud-init[602]: ci-info: ++++++++++++++++++++++++++++++Route IPv4 info++++++++++++++++++++++++++++++
Aug 21 11:09:10 ip-172-31-21-130 cloud-init[602]: ci-info: +-------+-------------+-------------+-----------------+-----------+-------+
Aug 21 11:09:10 ip-172-31-21-130 cloud-init[602]: ci-info: | Route | Destination |   Gateway   |     Genmask     | Interface | Flags |
Aug 21 11:09:10 ip-172-31-21-130 cloud-init[602]: ci-info: +-------+-------------+-------------+-----------------+-----------+-------+
Aug 21 11:09:10 ip-172-31-21-130 cloud-init[602]: ci-info: |   0   |   0.0.0.0   | 172.31.16.1 |     0.0.0.0     |    enX0   |   UG  |
Aug 21 11:09:10 ip-172-31-21-130 cloud-init[602]: ci-info: |   1   |  172.31.0.2 | 172.31.16.1 | 255.255.255.255 |    enX0   |  UGH  |
Aug 21 11:09:10 ip-172-31-21-130 cloud-init[602]: ci-info: |   2   | 172.31.16.0 |   0.0.0.0   |  255.255.240.0  |    enX0   |   U   |
Aug 21 11:09:10 ip-172-31-21-130 cloud-init[602]: ci-info: |   3   | 172.31.16.1 |   0.0.0.0   | 255.255.255.255 |    enX0   |   UH  |
Aug 21 11:09:10 ip-172-31-21-130 cloud-init[602]: ci-info: +-------+-------------+-------------+-----------------+-----------+-------+
Aug 21 11:09:10 ip-172-31-21-130 cloud-init[602]: ci-info: +++++++++++++++++++Route IPv6 info+++++++++++++++++++
Aug 21 11:09:10 ip-172-31-21-130 cloud-init[602]: ci-info: +-------+-------------+---------+-----------+-------+
Aug 21 11:09:10 ip-172-31-21-130 cloud-init[602]: ci-info: | Route | Destination | Gateway | Interface | Flags |
Aug 21 11:09:10 ip-172-31-21-130 cloud-init[602]: ci-info: +-------+-------------+---------+-----------+-------+
Aug 21 11:09:10 ip-172-31-21-130 cloud-init[602]: ci-info: |   0   |  fe80::/64  |    ::   |    enX0   |   U   |
Aug 21 11:09:10 ip-172-31-21-130 cloud-init[602]: ci-info: |   2   |    local    |    ::   |    enX0   |   U   |
Aug 21 11:09:10 ip-172-31-21-130 cloud-init[602]: ci-info: |   3   |  multicast  |    ::   |    enX0   |   U   |
Aug 21 11:09:10 ip-172-31-21-130 cloud-init[602]: ci-info: +-------+-------------+---------+-----------+-------+
Aug 21 11:09:10 ip-172-31-21-130 systemd[1]: Finished cloud-init.service - Cloud-init: Network Stage.
Aug 21 11:09:10 ip-172-31-21-130 systemd[1]: Reached target cloud-config.target - Cloud-config availability.
Aug 21 11:09:10 ip-172-31-21-130 systemd[1]: Reached target network-online.target - Network is Online.
Aug 21 11:09:10 ip-172-31-21-130 systemd[1]: Reached target sysinit.target - System Initialization.
Aug 21 11:09:10 ip-172-31-21-130 systemd[1]: Started acpid.path - ACPI Events Check.
Aug 21 11:09:10 ip-172-31-21-130 systemd[1]: apport-autoreport.path - Process error reports when automatic reporting is enabled (file watch) was skipped because of an unmet condition check (ConditionPathExists=/var/lib/apport/autoreport).
Aug 21 11:09:10 ip-172-31-21-130 systemd[1]: tpm-udev.path - Handle dynamically added tpm devices was skipped because of an unmet condition check (ConditionVirtualization=container).
Aug 21 11:09:10 ip-172-31-21-130 systemd[1]: apport-autoreport.timer - Process error reports when automatic reporting is enabled (timer based) was skipped because of an unmet condition check (ConditionPathExists=/var/lib/apport/autoreport).
Aug 21 11:09:10 ip-172-31-21-130 systemd[1]: Started systemd-tmpfiles-clean.timer - Daily Cleanup of Temporary Directories.
Aug 21 11:09:10 ip-172-31-21-130 systemd[1]: ua-timer.timer - Ubuntu Pro Timer for running repeated jobs was skipped because of an unmet condition check (ConditionPathExists=/var/lib/ubuntu-advantage/private/machine-token.json).
Aug 21 11:09:10 ip-172-31-21-130 systemd[1]: Started update-notifier-download.timer - Download data for packages that failed at package install time.
Aug 21 11:09:10 ip-172-31-21-130 systemd[1]: Reached target paths.target - Path Units.
Aug 21 11:09:10 ip-172-31-21-130 systemd[1]: Listening on acpid.socket - ACPID Listen Socket.
Aug 21 11:09:10 ip-172-31-21-130 systemd[1]: apport-forward.socket - Unix socket for apport crash forwarding was skipped because of an unmet condition check (ConditionVirtualization=container).
Aug 21 11:09:10 ip-172-31-21-130 systemd[1]: Listening on cloud-init-hotplugd.socket - cloud-init hotplug hook socket.
Aug 21 11:09:10 ip-172-31-21-130 systemd[1]: Listening on dbus.socket - D-Bus System Message Bus Socket.
Aug 21 11:09:10 ip-172-31-21-130 systemd[1]: Listening on iscsid.socket - Open-iSCSI iscsid Socket.
Aug 21 11:09:10 ip-172-31-21-130 systemd[1]: Starting lxd-installer.socket - Helper to install lxd snap on demand...
Aug 21 11:09:10 ip-172-31-21-130 systemd[1]: Starting snapd.socket - Socket activation for snappy daemon...
Aug 21 11:09:10 ip-172-31-21-130 systemd[1]: Listening on ssh.socket - OpenBSD Secure Shell server socket.
Aug 21 11:09:10 ip-172-31-21-130 systemd[1]: Listening on uuidd.socket - UUID daemon activation socket.
Aug 21 11:09:10 ip-172-31-21-130 systemd[1]: open-iscsi.service - Login to default iSCSI targets was skipped because no trigger condition checks were met.
Aug 21 11:09:10 ip-172-31-21-130 systemd[1]: Reached target remote-fs-pre.target - Preparation for Remote File Systems.
Aug 21 11:09:10 ip-172-31-21-130 systemd[1]: Reached target remote-fs.target - Remote File Systems.
Aug 21 11:09:10 ip-172-31-21-130 systemd[1]: Finished blk-availability.service - Availability of block devices.
Aug 21 11:09:10 ip-172-31-21-130 systemd[1]: systemd-pcrphase-sysinit.service - TPM2 PCR Barrier (Initialization) was skipped because of an unmet condition check (ConditionSecurity=measured-uki).
Aug 21 11:09:10 ip-172-31-21-130 systemd[1]: Listening on lxd-installer.socket - Helper to install lxd snap on demand.
Aug 21 11:09:10 ip-172-31-21-130 systemd[1]: Listening on snapd.socket - Socket activation for snappy daemon.
Aug 21 11:09:10 ip-172-31-21-130 systemd[1]: Reached target sockets.target - Socket Units.
Aug 21 11:09:10 ip-172-31-21-130 systemd[1]: Reached target basic.target - Basic System.
Aug 21 11:09:10 ip-172-31-21-130 systemd[1]: Started acpid.service - ACPI event daemon.
Aug 21 11:09:10 ip-172-31-21-130 (acpid)[636]: acpid.service: Referenced but unset environment variable evaluates to an empty string: OPTIONS
Aug 21 11:09:10 ip-172-31-21-130 systemd[1]: Starting apport.service - automatic crash report generation...
Aug 21 11:09:10 ip-172-31-21-130 systemd[1]: Starting chrony.service - chrony, an NTP client/server...
Aug 21 11:09:10 ip-172-31-21-130 acpid[636]: starting up with netlink and the input layer
Aug 21 11:09:10 ip-172-31-21-130 acpid[636]: 2 rules loaded
Aug 21 11:09:10 ip-172-31-21-130 acpid[636]: waiting for events: event logging is off
Aug 21 11:09:10 ip-172-31-21-130 systemd[1]: Starting cloud-config.service - Cloud-init: Config Stage...
Aug 21 11:09:10 ip-172-31-21-130 systemd[1]: Started cron.service - Regular background program processing daemon.
Aug 21 11:09:10 ip-172-31-21-130 systemd[1]: Starting dbus.service - D-Bus System Message Bus...
Aug 21 11:09:10 ip-172-31-21-130 (cron)[640]: cron.service: Referenced but unset environment variable evaluates to an empty string: EXTRA_OPTS
Aug 21 11:09:10 ip-172-31-21-130 systemd[1]: Started dmesg.service - Save initial kernel messages after boot.
Aug 21 11:09:10 ip-172-31-21-130 cron[640]: (CRON) INFO (pidfile fd = 3)
Aug 21 11:09:10 ip-172-31-21-130 cron[640]: (CRON) INFO (Running @reboot jobs)
Aug 21 11:09:10 ip-172-31-21-130 systemd[1]: Starting e2scrub_reap.service - Remove Stale Online ext4 Metadata Check Snapshots...
Aug 21 11:09:10 ip-172-31-21-130 systemd[1]: Starting ec2-instance-connect-harvest-hostkeys.service - EC2 Instance Connect Host Key Harvesting...
Aug 21 11:09:10 ip-172-31-21-130 systemd[1]: getty-static.service - getty on tty2-tty6 if dbus and logind are not available was skipped because of an unmet condition check (ConditionPathExists=!/usr/bin/dbus-daemon).
Aug 21 11:09:10 ip-172-31-21-130 systemd[1]: Starting grub-common.service - Record successful boot for GRUB...
Aug 21 11:09:10 ip-172-31-21-130 dbus-daemon[641]: [system] AppArmor D-Bus mediation is enabled
Aug 21 11:09:10 ip-172-31-21-130 systemd[1]: Started irqbalance.service - irqbalance daemon.
Aug 21 11:09:10 ip-172-31-21-130 dbus-daemon[641]: [system] Activating systemd to hand-off: service name='org.freedesktop.hostname1' unit='dbus-org.freedesktop.hostname1.service' requested by ':1.0' (uid=998 pid=593 comm="/usr/lib/systemd/systemd-networkd" label="unconfined")
Aug 21 11:09:10 ip-172-31-21-130 (qbalance)[647]: irqbalance.service: Referenced but unset environment variable evaluates to an empty string: IRQBALANCE_ARGS
Aug 21 11:09:10 ip-172-31-21-130 systemd[1]: Starting networkd-dispatcher.service - Dispatcher daemon for systemd-networkd...
Aug 21 11:09:10 ip-172-31-21-130 systemd[1]: Starting polkit.service - Authorization Manager...
Aug 21 11:09:10 ip-172-31-21-130 systemd[1]: pollinate.service - Pollinate to seed the pseudo random number generator was skipped because of an unmet condition check (ConditionPathExists=!/var/cache/pollinate/seeded).
Aug 21 11:09:10 ip-172-31-21-130 systemd[1]: Starting rsyslog.service - System Logging Service...
Aug 21 11:09:10 ip-172-31-21-130 systemd[1]: secureboot-db.service - Secure Boot updates for DB and DBX was skipped because of an unmet condition check (ConditionPathExists=/sys/firmware/efi/efivars/db-d719b2cb-3d3a-4596-a3bc-dad00e67656f).
Aug 21 11:09:10 ip-172-31-21-130 systemd[1]: Started snap.amazon-ssm-agent.amazon-ssm-agent.service - Service for snap application amazon-ssm-agent.amazon-ssm-agent.
Aug 21 11:09:10 ip-172-31-21-130 systemd[1]: snapd.core-fixup.service - Automatically repair incorrect owner/permissions on core devices was skipped because no trigger condition checks were met.
Aug 21 11:09:10 ip-172-31-21-130 systemd[1]: snapd.recovery-chooser-trigger.service - Wait for the Ubuntu Core chooser trigger was skipped because of an unmet condition check (ConditionKernelCommandLine=snapd_recovery_mode).
Aug 21 11:09:10 ip-172-31-21-130 systemd[1]: Reached target getty-pre.target - Preparation for Logins.
Aug 21 11:09:10 ip-172-31-21-130 systemd[1]: Starting snapd.seeded.service - Wait until snapd is fully seeded...
Aug 21 11:09:10 ip-172-31-21-130 systemd[1]: Starting snapd.service - Snap Daemon...
Aug 21 11:09:10 ip-172-31-21-130 systemd[1]: Starting sysstat.service - Resets System Activity Logs...
Aug 21 11:09:10 ip-172-31-21-130 systemd[1]: Starting systemd-logind.service - User Login Management...
Aug 21 11:09:10 ip-172-31-21-130 systemd[1]: systemd-pcrphase.service - TPM2 PCR Barrier (User) was skipped because of an unmet condition check (ConditionSecurity=measured-uki).
Aug 21 11:09:10 ip-172-31-21-130 systemd[1]: Starting systemd-user-sessions.service - Permit User Sessions...
Aug 21 11:09:10 ip-172-31-21-130 systemd[1]: ua-reboot-cmds.service - Ubuntu Pro reboot cmds was skipped because of an unmet condition check (ConditionPathExists=/var/lib/ubuntu-advantage/private/machine-token.json).
Aug 21 11:09:10 ip-172-31-21-130 systemd[1]: ubuntu-advantage.service - Ubuntu Pro Background Auto Attach was skipped because no trigger condition checks were met.
Aug 21 11:09:10 ip-172-31-21-130 systemd[1]: Starting udisks2.service - Disk Manager...
Aug 21 11:09:10 ip-172-31-21-130 systemd[1]: Started dbus.service - D-Bus System Message Bus.
Aug 21 11:09:10 ip-172-31-21-130 systemd[1]: Finished sysstat.service - Resets System Activity Logs.
Aug 21 11:09:10 ip-172-31-21-130 systemd[1]: Finished systemd-user-sessions.service - Permit User Sessions.
Aug 21 11:09:10 ip-172-31-21-130 dbus-daemon[641]: [system] Successfully activated service 'org.freedesktop.systemd1'
Aug 21 11:09:10 ip-172-31-21-130 udisksd[687]: udisks daemon version 2.10.1 starting
Aug 21 11:09:10 ip-172-31-21-130 systemd[1]: Starting plymouth-quit-wait.service - Hold until boot process finishes up...
Aug 21 11:09:10 ip-172-31-21-130 systemd[1]: Starting plymouth-quit.service - Terminate Plymouth Boot Screen...
Aug 21 11:09:10 ip-172-31-21-130 systemd-logind[664]: New seat seat0.
Aug 21 11:09:10 ip-172-31-21-130 systemd-logind[664]: Watching system buttons on /dev/input/event0 (Power Button)
Aug 21 11:09:10 ip-172-31-21-130 systemd-logind[664]: Watching system buttons on /dev/input/event1 (Sleep Button)
Aug 21 11:09:10 ip-172-31-21-130 systemd-logind[664]: Watching system buttons on /dev/input/event2 (AT Translated Set 2 keyboard)
Aug 21 11:09:10 ip-172-31-21-130 systemd[1]: Started systemd-logind.service - User Login Management.
Aug 21 11:09:10 ip-172-31-21-130 dbus-daemon[641]: [system] Activating via systemd: service name='org.freedesktop.PolicyKit1' unit='polkit.service' requested by ':1.3' (uid=0 pid=687 comm="/usr/libexec/udisks2/udisksd" label="unconfined")
Aug 21 11:09:10 ip-172-31-21-130 kernel: kauditd_printk_skb: 114 callbacks suppressed
Aug 21 11:09:10 ip-172-31-21-130 kernel: audit: type=1400 audit(1787310550.911:125): apparmor="STATUS" operation="profile_replace" info="same as current profile, skipping" profile="unconfined" name="rsyslogd" pid=683 comm="apparmor_parser"
Aug 21 11:09:10 ip-172-31-21-130 systemd[1]: Finished plymouth-quit.service - Terminate Plymouth Boot Screen.
Aug 21 11:09:10 ip-172-31-21-130 systemd[1]: Finished plymouth-quit-wait.service - Hold until boot process finishes up.
Aug 21 11:09:10 ip-172-31-21-130 networkd-dispatcher[649]: No valid path found for iwconfig
Aug 21 11:09:10 ip-172-31-21-130 networkd-dispatcher[649]: No valid path found for iw
Aug 21 11:09:10 ip-172-31-21-130 systemd[1]: grub-common.service: Deactivated successfully.
Aug 21 11:09:10 ip-172-31-21-130 systemd[1]: Finished grub-common.service - Record successful boot for GRUB.
Aug 21 11:09:10 ip-172-31-21-130 chronyd[736]: chronyd version 4.5 starting (+CMDMON +NTP +REFCLOCK +RTC +PRIVDROP +SCFILTER +SIGND +ASYNCDNS +NTS +SECHASH +IPV6 -DEBUG)
Aug 21 11:09:11 ip-172-31-21-130 chronyd[736]: Loaded 0 symmetric keys
Aug 21 11:09:11 ip-172-31-21-130 chronyd[736]: Frequency 16.689 +/- 0.136 ppm read from /var/lib/chrony/chrony.drift
Aug 21 11:09:11 ip-172-31-21-130 chronyd[736]: Using right/UTC timezone to obtain leap second data
Aug 21 11:09:11 ip-172-31-21-130 chronyd[736]: Loaded seccomp filter (level 1)
Aug 21 11:09:11 ip-172-31-21-130 systemd[1]: Starting grub-initrd-fallback.service - GRUB failed boot detection...
Aug 21 11:09:11 ip-172-31-21-130 polkitd[651]: Started polkitd version 124
Aug 21 11:09:11 ip-172-31-21-130 systemd[1]: Started serial-getty@ttyS0.service - Serial Getty on ttyS0.
Aug 21 11:09:11 ip-172-31-21-130 polkitd[651]: Loading rules from directory /etc/polkit-1/rules.d
Aug 21 11:09:11 ip-172-31-21-130 polkitd[651]: Loading rules from directory /usr/share/polkit-1/rules.d
Aug 21 11:09:11 ip-172-31-21-130 polkitd[651]: Finished loading, compiling and executing 6 rules
Aug 21 11:09:11 ip-172-31-21-130 systemd[1]: Starting setvtrgb.service - Set console scheme...
Aug 21 11:09:11 ip-172-31-21-130 dbus-daemon[641]: [system] Successfully activated service 'org.freedesktop.PolicyKit1'
Aug 21 11:09:11 ip-172-31-21-130 polkitd[651]: Acquired the name org.freedesktop.PolicyKit1 on the system bus
Aug 21 11:09:11 ip-172-31-21-130 systemd[1]: Starting systemd-hostnamed.service - Hostname Service...
Aug 21 11:09:11 ip-172-31-21-130 systemd[1]: Started unattended-upgrades.service - Unattended Upgrades Shutdown.
Aug 21 11:09:11 ip-172-31-21-130 systemd[1]: Started networkd-dispatcher.service - Dispatcher daemon for systemd-networkd.
Aug 21 11:09:11 ip-172-31-21-130 systemd[1]: Finished apport.service - automatic crash report generation.
Aug 21 11:09:11 ip-172-31-21-130 systemd[1]: Started chrony.service - chrony, an NTP client/server.
Aug 21 11:09:11 ip-172-31-21-130 udisksd[687]: Acquired the name org.freedesktop.UDisks2 on the system message bus
Aug 21 11:09:11 ip-172-31-21-130 systemd[1]: Finished setvtrgb.service - Set console scheme.
Aug 21 11:09:11 ip-172-31-21-130 systemd[1]: e2scrub_reap.service: Deactivated successfully.
Aug 21 11:09:11 ip-172-31-21-130 systemd[1]: Finished e2scrub_reap.service - Remove Stale Online ext4 Metadata Check Snapshots.
Aug 21 11:09:11 ip-172-31-21-130 systemd[1]: Started polkit.service - Authorization Manager.
Aug 21 11:09:11 ip-172-31-21-130 systemd[1]: Started udisks2.service - Disk Manager.
Aug 21 11:09:11 ip-172-31-21-130 systemd[1]: Created slice system-getty.slice - Slice /system/getty.
Aug 21 11:09:11 ip-172-31-21-130 systemd[1]: Reached target time-sync.target - System Time Synchronized.
Aug 21 11:09:11 ip-172-31-21-130 rsyslogd[727]: imuxsock: Acquired UNIX socket '/run/systemd/journal/syslog' (fd 3) from systemd.  [v8.2312.0]
Aug 21 11:09:11 ip-172-31-21-130 rsyslogd[727]: rsyslogd's groupid changed to 102
Aug 21 11:09:11 ip-172-31-21-130 rsyslogd[727]: rsyslogd's userid changed to 102
Aug 21 11:09:11 ip-172-31-21-130 rsyslogd[727]: [origin software="rsyslogd" swVersion="8.2312.0" x-pid="727" x-info="https://www.rsyslog.com"] start
Aug 21 11:09:11 ip-172-31-21-130 systemd[1]: Started apt-daily.timer - Daily apt download activities.
Aug 21 11:09:11 ip-172-31-21-130 systemd[1]: Started apt-daily-upgrade.timer - Daily apt upgrade and clean activities.
Aug 21 11:09:11 ip-172-31-21-130 systemd[1]: Started dpkg-db-backup.timer - Daily dpkg database backup timer.
Aug 21 11:09:11 ip-172-31-21-130 systemd[1]: Started e2scrub_all.timer - Periodic ext4 Online Metadata Check for All Filesystems.
Aug 21 11:09:11 ip-172-31-21-130 systemd[1]: Started fstrim.timer - Discard unused filesystem blocks once a week.
Aug 21 11:09:11 ip-172-31-21-130 systemd[1]: Started fwupd-refresh.timer - Refresh fwupd metadata regularly.
Aug 21 11:09:11 ip-172-31-21-130 systemd[1]: Started logrotate.timer - Daily rotation of log files.
Aug 21 11:09:11 ip-172-31-21-130 systemd[1]: Started man-db.timer - Daily man-db regeneration.
Aug 21 11:09:11 ip-172-31-21-130 systemd[1]: Started motd-news.timer - Message of the Day.
Aug 21 11:09:11 ip-172-31-21-130 systemd[1]: snapd.snap-repair.timer - Timer to automatically fetch and run repair assertions was skipped because no trigger condition checks were met.
Aug 21 11:09:11 ip-172-31-21-130 systemd[1]: Started sysstat-collect.timer - Run system activity accounting tool every 10 minutes.
Aug 21 11:09:11 ip-172-31-21-130 systemd[1]: Started sysstat-summary.timer - Generate summary of yesterday's process accounting.
Aug 21 11:09:11 ip-172-31-21-130 systemd[1]: Started update-notifier-motd.timer - Check to see whether there is a new version of Ubuntu available.
Aug 21 11:09:11 ip-172-31-21-130 systemd[1]: Reached target timers.target - Timer Units.
Aug 21 11:09:11 ip-172-31-21-130 systemd[1]: Starting ModemManager.service - Modem Manager...
Aug 21 11:09:11 ip-172-31-21-130 systemd[1]: Started getty@tty1.service - Getty on tty1.
Aug 21 11:09:11 ip-172-31-21-130 systemd[1]: Reached target getty.target - Login Prompts.
Aug 21 11:09:11 ip-172-31-21-130 systemd[1]: Started rsyslog.service - System Logging Service.
Aug 21 11:09:11 ip-172-31-21-130 systemd[1]: grub-initrd-fallback.service: Deactivated successfully.
Aug 21 11:09:11 ip-172-31-21-130 systemd[1]: Finished grub-initrd-fallback.service - GRUB failed boot detection.
Aug 21 11:09:11 ip-172-31-21-130 dbus-daemon[641]: [system] Successfully activated service 'org.freedesktop.hostname1'
Aug 21 11:09:11 ip-172-31-21-130 systemd[1]: Started systemd-hostnamed.service - Hostname Service.
Aug 21 11:09:11 ip-172-31-21-130 ModemManager[832]: <msg> ModemManager (version 1.23.4) starting in system bus...
Aug 21 11:09:11 ip-172-31-21-130 systemd-hostnamed[798]: Hostname set to <ip-172-31-21-130> (static)
Aug 21 11:09:11 ip-172-31-21-130 systemd[1]: ec2-instance-connect-harvest-hostkeys.service: Deactivated successfully.
Aug 21 11:09:11 ip-172-31-21-130 systemd[1]: Finished ec2-instance-connect-harvest-hostkeys.service - EC2 Instance Connect Host Key Harvesting.
Aug 21 11:09:11 ip-172-31-21-130 cloud-init[852]: Cloud-init v. 26.1-0ubuntu1~24.04.1 running 'modules:config' at Fri, 21 Aug 2026 11:09:11 +0000. Up 9.32 seconds.
Aug 21 11:09:11 ip-172-31-21-130 kernel: NET: Registered PF_QIPCRTR protocol family
Aug 21 11:09:11 ip-172-31-21-130 systemd[1]: Started ModemManager.service - Modem Manager.
Aug 21 11:09:11 ip-172-31-21-130 systemd[1]: Finished cloud-config.service - Cloud-init: Config Stage.
Aug 21 11:09:11 ip-172-31-21-130 systemd[1]: Starting hibinit-agent.service - EC2 instance hibernation setup agent...
Aug 21 11:09:11 ip-172-31-21-130 hibinit-agent[855]: Effective config: {'log_to_syslog': True, 'log_to_stderr': True, 'mkswap': 'mkswap {swapfile}', 'swapon': 'swapon {swapfile}', 'swapoff': 'swapoff {swapfile}', 'touch_swap': False, 'grub_update': True, 'swap_percentage': 100, 'swap_mb': 4000, 'state_dir': '/var/lib/hibinit-agent'}
Aug 21 11:09:11 ip-172-31-21-130 hibinit-agent[855]: Effective config: {'log_to_syslog': True, 'log_to_stderr': True, 'mkswap': 'mkswap {swapfile}', 'swapon': 'swapon {swapfile}', 'swapoff': 'swapoff {swapfile}', 'touch_swap': False, 'grub_update': True, 'swap_percentage': 100, 'swap_mb': 4000, 'state_dir': '/var/lib/hibinit-agent'}
Aug 21 11:09:11 ip-172-31-21-130 hibinit-agent[855]: Requesting new IMDSv2 token.
Aug 21 11:09:11 ip-172-31-21-130 hibinit-agent[855]: Requesting new IMDSv2 token.
Aug 21 11:09:11 ip-172-31-21-130 hibinit-agent[855]: Instance Launch has not enabled Hibernation Configured Flag. hibinit-agent exiting!!
Aug 21 11:09:11 ip-172-31-21-130 hibinit-agent[855]: Instance Launch has not enabled Hibernation Configured Flag. hibinit-agent exiting!!
Aug 21 11:09:11 ip-172-31-21-130 systemd[1]: hibinit-agent.service: Deactivated successfully.
Aug 21 11:09:11 ip-172-31-21-130 systemd[1]: Started hibinit-agent.service - EC2 instance hibernation setup agent.
Aug 21 11:09:13 ip-172-31-21-130 snapd[659]: seclog.go:174: security logger enabled
Aug 21 11:09:13 ip-172-31-21-130 snapd[659]: overlord.go:313: Acquiring state lock file
Aug 21 11:09:13 ip-172-31-21-130 snapd[659]: overlord.go:318: Acquired state lock file
Aug 21 11:09:13 ip-172-31-21-130 snapd[659]: daemon.go:277: started snapd/2.76.2 (series 16; classic) ubuntu/24.04 (amd64) linux/7.0.0-1010-aws.
Aug 21 11:09:13 ip-172-31-21-130 kernel: loop6: detected capacity change from 0 to 8
Aug 21 11:09:13 ip-172-31-21-130 systemd[1]: tmp-syscheck\x2dmountpoint\x2d3619095419.mount: Deactivated successfully.
Aug 21 11:09:13 ip-172-31-21-130 snapd[659]: daemon.go:371: adjusting startup timeout by 45s (pessimistic estimate of 30s plus 5s per snap)
Aug 21 11:09:13 ip-172-31-21-130 snapd[659]: backends.go:70: AppArmor status: apparmor is enabled and all features are available (using snapd provided apparmor_parser)
Aug 21 11:09:13 ip-172-31-21-130 snapd[659]: backend.go:141: delegating reload of snap-confine profiles to system snap security profiles setup
Aug 21 11:09:13 ip-172-31-21-130 snapd[659]: standby.go:95: will consider standby after: 5s
Aug 21 11:09:13 ip-172-31-21-130 systemd[1]: Started snapd.service - Snap Daemon.
Aug 21 11:09:13 ip-172-31-21-130 dbus-daemon[641]: [system] Activating via systemd: service name='org.freedesktop.timedate1' unit='dbus-org.freedesktop.timedate1.service' requested by ':1.12' (uid=0 pid=659 comm="/snap/snapd/current/usr/lib/snapd/snapd" label="unconfined")
Aug 21 11:09:13 ip-172-31-21-130 systemd[1]: Starting systemd-timedated.service - Time & Date Service...
Aug 21 11:09:13 ip-172-31-21-130 dbus-daemon[641]: [system] Successfully activated service 'org.freedesktop.timedate1'
Aug 21 11:09:13 ip-172-31-21-130 systemd[1]: Started systemd-timedated.service - Time & Date Service.
Aug 21 11:09:13 ip-172-31-21-130 systemd[1]: Finished snapd.seeded.service - Wait until snapd is fully seeded.
Aug 21 11:09:13 ip-172-31-21-130 systemd[1]: snapd.autoimport.service - Auto import assertions from block devices was skipped because no trigger condition checks were met.
Aug 21 11:09:13 ip-172-31-21-130 systemd[1]: Reached target multi-user.target - Multi-User System.
Aug 21 11:09:13 ip-172-31-21-130 systemd[1]: Reached target graphical.target - Graphical Interface.
Aug 21 11:09:13 ip-172-31-21-130 systemd[1]: Starting cloud-final.service - Cloud-init: Final Stage...
Aug 21 11:09:13 ip-172-31-21-130 snapd[659]: snapmgr.go:1675: performing periodic snap downloads cache cleanup
Aug 21 11:09:13 ip-172-31-21-130 snapd[659]: cache.go:320: removed 0 entries/    0 from downloads cache
Aug 21 11:09:13 ip-172-31-21-130 systemd[1]: Starting systemd-update-utmp-runlevel.service - Record Runlevel Change in UTMP...
Aug 21 11:09:13 ip-172-31-21-130 systemd[1]: systemd-update-utmp-runlevel.service: Deactivated successfully.
Aug 21 11:09:13 ip-172-31-21-130 systemd[1]: Finished systemd-update-utmp-runlevel.service - Record Runlevel Change in UTMP.
Aug 21 11:09:13 ip-172-31-21-130 amazon-ssm-agent.amazon-ssm-agent[653]: Error occurred fetching the seelog config file path:  open /etc/amazon/ssm/seelog.xml: no such file or directory
Aug 21 11:09:13 ip-172-31-21-130 amazon-ssm-agent.amazon-ssm-agent[653]: Initializing new seelog logger
Aug 21 11:09:13 ip-172-31-21-130 amazon-ssm-agent.amazon-ssm-agent[653]: New Seelog Logger Creation Complete
Aug 21 11:09:13 ip-172-31-21-130 amazon-ssm-agent.amazon-ssm-agent[653]: 2026-08-21 11:09:13.5249 WARN Error adding the directory '/etc/amazon/ssm' to watcher: no such file or directory
Aug 21 11:09:13 ip-172-31-21-130 snapd[659]: autorepair.go:177: WARNING: the system booted with an old initrd without unlocked status reporting
Aug 21 11:09:13 ip-172-31-21-130 amazon-ssm-agent.amazon-ssm-agent[653]: 2026-08-21 11:09:13.5330 INFO Proxy environment variables:
Aug 21 11:09:13 ip-172-31-21-130 systemd[1]: Starting ssh.service - OpenBSD Secure Shell server...
Aug 21 11:09:13 ip-172-31-21-130 amazon-ssm-agent.amazon-ssm-agent[653]: 2026-08-21 11:09:13.5330 INFO https_proxy:
Aug 21 11:09:13 ip-172-31-21-130 sshd[962]: Server listening on 0.0.0.0 port 22.
Aug 21 11:09:13 ip-172-31-21-130 systemd[1]: Started ssh.service - OpenBSD Secure Shell server.
Aug 21 11:09:13 ip-172-31-21-130 sshd[962]: Server listening on :: port 22.
Aug 21 11:09:13 ip-172-31-21-130 amazon-ssm-agent.amazon-ssm-agent[653]: 2026-08-21 11:09:13.5330 INFO http_proxy:
Aug 21 11:09:13 ip-172-31-21-130 cloud-init[967]: Cloud-init v. 26.1-0ubuntu1~24.04.1 running 'modules:final' at Fri, 21 Aug 2026 11:09:13 +0000. Up 11.77 seconds.
Aug 21 11:09:13 ip-172-31-21-130 amazon-ssm-agent.amazon-ssm-agent[653]: 2026-08-21 11:09:13.5331 INFO no_proxy:
Aug 21 11:09:13 ip-172-31-21-130 cloud-init[967]: Cloud-init v. 26.1-0ubuntu1~24.04.1 finished at Fri, 21 Aug 2026 11:09:13 +0000. Datasource DataSourceEc2Local.  Up 11.84 seconds
Aug 21 11:09:13 ip-172-31-21-130 systemd[1]: Finished cloud-final.service - Cloud-init: Final Stage.
Aug 21 11:09:13 ip-172-31-21-130 systemd[1]: Reached target cloud-init.target - Cloud-init target.
Aug 21 11:09:13 ip-172-31-21-130 systemd[1]: Startup finished in 1.178s (kernel) + 10.734s (userspace) = 11.913s.
Aug 21 11:09:14 ip-172-31-21-130 amazon-ssm-agent.amazon-ssm-agent[653]: 2026-08-21 11:09:13.5351 INFO Checking if agent identity type OnPrem can be assumed
Aug 21 11:09:14 ip-172-31-21-130 amazon-ssm-agent.amazon-ssm-agent[653]: 2026-08-21 11:09:13.5368 INFO Checking if agent identity type EC2 can be assumed
Aug 21 11:09:14 ip-172-31-21-130 amazon-ssm-agent.amazon-ssm-agent[653]: 2026-08-21 11:09:13.6823 INFO Agent will take identity from EC2
Aug 21 11:09:14 ip-172-31-21-130 systemd[1]: dmesg.service: Deactivated successfully.
Aug 21 11:09:14 ip-172-31-21-130 amazon-ssm-agent.amazon-ssm-agent[653]: 2026-08-21 11:09:13.6895 INFO Telemetry initialized
Aug 21 11:09:14 ip-172-31-21-130 amazon-ssm-agent.amazon-ssm-agent[653]: 2026-08-21 11:09:13.6906 INFO [amazon-ssm-agent] amazon-ssm-agent - v3.3.4793.0
Aug 21 11:09:14 ip-172-31-21-130 amazon-ssm-agent.amazon-ssm-agent[653]: 2026-08-21 11:09:13.6906 INFO [amazon-ssm-agent] OS: linux, Arch: amd64
Aug 21 11:09:14 ip-172-31-21-130 amazon-ssm-agent.amazon-ssm-agent[653]: 2026-08-21 11:09:13.6906 INFO [amazon-ssm-agent] Starting Core Agent
Aug 21 11:09:14 ip-172-31-21-130 amazon-ssm-agent.amazon-ssm-agent[653]: 2026-08-21 11:09:13.6906 INFO [amazon-ssm-agent] Registrar detected. Attempting registration
Aug 21 11:09:14 ip-172-31-21-130 amazon-ssm-agent.amazon-ssm-agent[653]: 2026-08-21 11:09:13.6906 INFO [Registrar] Starting registrar module
Aug 21 11:09:14 ip-172-31-21-130 amazon-ssm-agent.amazon-ssm-agent[653]: 2026-08-21 11:09:13.6930 INFO [EC2Identity] Checking disk for registration info
Aug 21 11:09:15 ip-172-31-21-130 amazon-ssm-agent.amazon-ssm-agent[653]: 2026-08-21 11:09:13.6958 INFO [EC2Identity] Registration info found for ec2 instance
Aug 21 11:09:15 ip-172-31-21-130 amazon-ssm-agent.amazon-ssm-agent[653]: 2026-08-21 11:09:13.6958 INFO [amazon-ssm-agent] Registration attempted. Resuming core agent startup.
Aug 21 11:09:15 ip-172-31-21-130 amazon-ssm-agent.amazon-ssm-agent[653]: 2026-08-21 11:09:13.6959 INFO [CredentialRefresher] credentialRefresher has started
Aug 21 11:09:15 ip-172-31-21-130 amazon-ssm-agent.amazon-ssm-agent[653]: 2026-08-21 11:09:13.6959 INFO [CredentialRefresher] Starting credentials refresher loop
Aug 21 11:09:15 ip-172-31-21-130 amazon-ssm-agent.amazon-ssm-agent[653]: 2026-08-21 11:09:13.6999 WARN EC2RoleProvider Failed to connect to Systems Manager with instance profile role credentials. Err: retrieved credentials failed to report to ssm. Error: EC2RoleRequestError: no EC2 instance role found
Aug 21 11:09:15 ip-172-31-21-130 amazon-ssm-agent.amazon-ssm-agent[653]: caused by: EC2MetadataError: failed to make EC2Metadata request
Aug 21 11:09:15 ip-172-31-21-130 amazon-ssm-agent.amazon-ssm-agent[653]: <?xml version="1.0" encoding="iso-8859-1"?>
Aug 21 11:09:15 ip-172-31-21-130 amazon-ssm-agent.amazon-ssm-agent[653]: <!DOCTYPE html PUBLIC "-//W3C//DTD XHTML 1.0 Transitional//EN"
Aug 21 11:09:15 ip-172-31-21-130 amazon-ssm-agent.amazon-ssm-agent[653]:                  "http://www.w3.org/TR/xhtml1/DTD/xhtml1-transitional.dtd">
Aug 21 11:09:15 ip-172-31-21-130 amazon-ssm-agent.amazon-ssm-agent[653]: <html xmlns="http://www.w3.org/1999/xhtml" xml:lang="en" lang="en">
Aug 21 11:09:15 ip-172-31-21-130 amazon-ssm-agent.amazon-ssm-agent[653]:  <head>
Aug 21 11:09:15 ip-172-31-21-130 amazon-ssm-agent.amazon-ssm-agent[653]:   <title>404 - Not Found</title>
Aug 21 11:09:15 ip-172-31-21-130 amazon-ssm-agent.amazon-ssm-agent[653]:  </head>
Aug 21 11:09:15 ip-172-31-21-130 amazon-ssm-agent.amazon-ssm-agent[653]:  <body>
Aug 21 11:09:15 ip-172-31-21-130 amazon-ssm-agent.amazon-ssm-agent[653]:   <h1>404 - Not Found</h1>
Aug 21 11:09:15 ip-172-31-21-130 amazon-ssm-agent.amazon-ssm-agent[653]:  </body>
Aug 21 11:09:15 ip-172-31-21-130 amazon-ssm-agent.amazon-ssm-agent[653]: </html>
Aug 21 11:09:15 ip-172-31-21-130 amazon-ssm-agent.amazon-ssm-agent[653]:         status code: 404, request id:
Aug 21 11:09:15 ip-172-31-21-130 amazon-ssm-agent.amazon-ssm-agent[653]: 2026-08-21 11:09:13.7393 ERROR EC2RoleProvider Failed to connect to Systems Manager with SSM role credentials. error calling RequestManagedInstanceRoleToken: AccessDeniedException: Systems Manager's instance management role is not configured for account: 756418066642
Aug 21 11:09:15 ip-172-31-21-130 amazon-ssm-agent.amazon-ssm-agent[653]:         status code: 400, request id: e7d9805c-9f5a-4cb8-b1f2-812520812c5b
Aug 21 11:09:15 ip-172-31-21-130 amazon-ssm-agent.amazon-ssm-agent[653]: 2026-08-21 11:09:13.7393 ERROR [CredentialRefresher] Retrieve credentials produced error: no valid credentials could be retrieved for ec2 identity. Default Host Management Err: error calling RequestManagedInstanceRoleToken: AccessDeniedException: Systems Manager's instance management role is not configured for account: 756418066642
Aug 21 11:09:15 ip-172-31-21-130 amazon-ssm-agent.amazon-ssm-agent[653]:         status code: 400, request id: e7d9805c-9f5a-4cb8-b1f2-812520812c5b
Aug 21 11:09:15 ip-172-31-21-130 amazon-ssm-agent.amazon-ssm-agent[653]: 2026-08-21 11:09:13.7394 INFO [CredentialRefresher] Sleeping for 25m51s before retrying retrieve credentials
Aug 21 11:09:15 ip-172-31-21-130 sshd[963]: Accepted publickey for ubuntu from 106.200.30.86 port 23339 ssh2: RSA SHA256:DmOUWSHsD4VR48RhKsonEQz1PorfIIIakzZbjEz+27M
Aug 21 11:09:15 ip-172-31-21-130 sshd[963]: pam_unix(sshd:session): session opened for user ubuntu(uid=1000) by ubuntu(uid=0)
Aug 21 11:09:15 ip-172-31-21-130 systemd[1]: Created slice user-1000.slice - User Slice of UID 1000.
Aug 21 11:09:15 ip-172-31-21-130 systemd[1]: Starting user-runtime-dir@1000.service - User Runtime Directory /run/user/1000...
Aug 21 11:09:15 ip-172-31-21-130 systemd-logind[664]: New session 1 of user ubuntu.
Aug 21 11:09:15 ip-172-31-21-130 systemd[1]: Finished user-runtime-dir@1000.service - User Runtime Directory /run/user/1000.
Aug 21 11:09:15 ip-172-31-21-130 systemd[1]: Starting user@1000.service - User Manager for UID 1000...
Aug 21 11:09:15 ip-172-31-21-130 (systemd)[998]: pam_unix(systemd-user:session): session opened for user ubuntu(uid=1000) by ubuntu(uid=0)
Aug 21 11:09:15 ip-172-31-21-130 amazon-ssm-agent.amazon-ssm-agent[653]: 2026-08-21 11:09:13.7395 INFO [SerialPort] Write to serial port: SSM Agent unable to acquire credentials: <error>no valid credentials could be retrieved for ec2 identity. Default Host Management Err: error calling RequestManagedInstanceRoleToken: AccessDeniedException: Systems Manager's instance management role is not configured for account: 756418066642
Aug 21 11:09:15 ip-172-31-21-130 amazon-ssm-agent.amazon-ssm-agent[653]:         status code: 400, request id: e7d9805c-9f5a-4cb8-b1f2-812520812c5b</error>
Aug 21 11:09:15 ip-172-31-21-130 systemd[998]: Queued start job for default target default.target.
Aug 21 11:09:15 ip-172-31-21-130 systemd-journald[129]: /var/log/journal/ec25dbf92fa7a8cca14e3d5e3abd2657/user-1000.journal: Journal file uses a different sequence number ID, rotating.
Aug 21 11:09:15 ip-172-31-21-130 systemd[998]: Created slice app.slice - User Application Slice.
Aug 21 11:09:15 ip-172-31-21-130 systemd[998]: Started launchpadlib-cache-clean.timer - Clean up old files in the Launchpadlib cache.
Aug 21 11:09:15 ip-172-31-21-130 systemd[998]: Reached target paths.target - Paths.
Aug 21 11:09:15 ip-172-31-21-130 systemd[998]: Reached target timers.target - Timers.
Aug 21 11:09:15 ip-172-31-21-130 systemd[998]: Starting dbus.socket - D-Bus User Message Bus Socket...
Aug 21 11:09:15 ip-172-31-21-130 systemd[998]: Listening on dirmngr.socket - GnuPG network certificate management daemon.
Aug 21 11:09:15 ip-172-31-21-130 systemd[998]: Listening on gpg-agent-browser.socket - GnuPG cryptographic agent and passphrase cache (access for web browsers).
Aug 21 11:09:15 ip-172-31-21-130 systemd[998]: Listening on gpg-agent-extra.socket - GnuPG cryptographic agent and passphrase cache (restricted).
Aug 21 11:09:15 ip-172-31-21-130 systemd[998]: Starting gpg-agent-ssh.socket - GnuPG cryptographic agent (ssh-agent emulation)...
Aug 21 11:09:15 ip-172-31-21-130 systemd[998]: Listening on gpg-agent.socket - GnuPG cryptographic agent and passphrase cache.
Aug 21 11:09:15 ip-172-31-21-130 systemd[998]: Listening on keyboxd.socket - GnuPG public key management service.
Aug 21 11:09:15 ip-172-31-21-130 systemd[998]: Listening on pk-debconf-helper.socket - debconf communication socket.
Aug 21 11:09:15 ip-172-31-21-130 systemd[998]: Listening on snapd.session-agent.socket - REST API socket for snapd user session agent.
Aug 21 11:09:15 ip-172-31-21-130 systemd[998]: Listening on dbus.socket - D-Bus User Message Bus Socket.
Aug 21 11:09:15 ip-172-31-21-130 systemd[998]: Listening on gpg-agent-ssh.socket - GnuPG cryptographic agent (ssh-agent emulation).
Aug 21 11:09:15 ip-172-31-21-130 systemd[998]: Reached target sockets.target - Sockets.
Aug 21 11:09:15 ip-172-31-21-130 systemd[998]: Reached target basic.target - Basic System.
Aug 21 11:09:15 ip-172-31-21-130 systemd[998]: Reached target default.target - Main User Target.
Aug 21 11:09:15 ip-172-31-21-130 systemd[998]: Startup finished in 113ms.
Aug 21 11:09:15 ip-172-31-21-130 systemd[1]: Started user@1000.service - User Manager for UID 1000.
Aug 21 11:09:15 ip-172-31-21-130 systemd[1]: Started session-1.scope - Session 1 of User ubuntu.
Aug 21 11:09:17 ip-172-31-21-130 sshd[994]: Accepted publickey for ubuntu from 106.200.30.86 port 8880 ssh2: RSA SHA256:DmOUWSHsD4VR48RhKsonEQz1PorfIIIakzZbjEz+27M
Aug 21 11:09:17 ip-172-31-21-130 sshd[994]: pam_unix(sshd:session): session opened for user ubuntu(uid=1000) by ubuntu(uid=0)
Aug 21 11:09:17 ip-172-31-21-130 systemd-logind[664]: New session 3 of user ubuntu.
Aug 21 11:09:17 ip-172-31-21-130 chronyd[736]: Selected source 169.254.169.123
Aug 21 11:09:17 ip-172-31-21-130 chronyd[736]: System clock TAI offset set to 37 seconds
Aug 21 11:09:17 ip-172-31-21-130 systemd[1]: Started session-3.scope - Session 3 of User ubuntu.
Aug 21 11:09:21 ip-172-31-21-130 irqbalance[647]: Cannot change IRQ 0 affinity: No such file or directory
Aug 21 11:09:21 ip-172-31-21-130 irqbalance[647]: IRQ 0 affinity is now unmanaged
Aug 21 11:09:21 ip-172-31-21-130 irqbalance[647]: Cannot change IRQ 48 affinity: No such file or directory
Aug 21 11:09:21 ip-172-31-21-130 irqbalance[647]: IRQ 48 affinity is now unmanaged
Aug 21 11:09:21 ip-172-31-21-130 irqbalance[647]: Cannot change IRQ 49 affinity: No such file or directory
Aug 21 11:09:21 ip-172-31-21-130 irqbalance[647]: IRQ 49 affinity is now unmanaged
Aug 21 11:09:21 ip-172-31-21-130 irqbalance[647]: Cannot change IRQ 50 affinity: No such file or directory
Aug 21 11:09:21 ip-172-31-21-130 irqbalance[647]: IRQ 50 affinity is now unmanaged
Aug 21 11:09:21 ip-172-31-21-130 irqbalance[647]: Cannot change IRQ 51 affinity: No such file or directory
Aug 21 11:09:21 ip-172-31-21-130 irqbalance[647]: IRQ 51 affinity is now unmanaged
Aug 21 11:09:21 ip-172-31-21-130 irqbalance[647]: Cannot change IRQ 52 affinity: No such file or directory
Aug 21 11:09:21 ip-172-31-21-130 irqbalance[647]: IRQ 52 affinity is now unmanaged
Aug 21 11:09:21 ip-172-31-21-130 irqbalance[647]: Cannot change IRQ 53 affinity: No such file or directory
Aug 21 11:09:21 ip-172-31-21-130 irqbalance[647]: IRQ 53 affinity is now unmanaged
Aug 21 11:09:21 ip-172-31-21-130 irqbalance[647]: Cannot change IRQ 54 affinity: No such file or directory
Aug 21 11:09:21 ip-172-31-21-130 irqbalance[647]: IRQ 54 affinity is now unmanaged
Aug 21 11:09:21 ip-172-31-21-130 irqbalance[647]: Cannot change IRQ 55 affinity: No such file or directory
Aug 21 11:09:21 ip-172-31-21-130 irqbalance[647]: IRQ 55 affinity is now unmanaged
Aug 21 11:09:21 ip-172-31-21-130 irqbalance[647]: Cannot change IRQ 56 affinity: No such file or directory
Aug 21 11:09:21 ip-172-31-21-130 irqbalance[647]: IRQ 56 affinity is now unmanaged
Aug 21 11:09:21 ip-172-31-21-130 irqbalance[647]: Cannot change IRQ 57 affinity: No such file or directory
Aug 21 11:09:21 ip-172-31-21-130 irqbalance[647]: IRQ 57 affinity is now unmanaged
Aug 21 11:09:21 ip-172-31-21-130 irqbalance[647]: Cannot change IRQ 58 affinity: No such file or directory
Aug 21 11:09:21 ip-172-31-21-130 irqbalance[647]: IRQ 58 affinity is now unmanaged
Aug 21 11:09:21 ip-172-31-21-130 irqbalance[647]: Cannot change IRQ 59 affinity: No such file or directory
Aug 21 11:09:21 ip-172-31-21-130 irqbalance[647]: IRQ 59 affinity is now unmanaged
Aug 21 11:09:34 ip-172-31-21-130 systemd[1]: systemd-fsckd.service: Deactivated successfully.
Aug 21 11:09:41 ip-172-31-21-130 systemd[1]: systemd-hostnamed.service: Deactivated successfully.
Aug 21 11:09:43 ip-172-31-21-130 systemd[1]: systemd-timedated.service: Deactivated successfully.
Aug 21 11:09:59 ip-172-31-21-130 crontab[1286]: (ubuntu) LIST (ubuntu)
Aug 21 11:09:59 ip-172-31-21-130 sudo[1288]:   ubuntu : TTY=pts/0 ; PWD=/home/ubuntu/linux-rcc-ai/scripts ; USER=ubuntu ; COMMAND=/usr/bin/crontab -l
Aug 21 11:09:59 ip-172-31-21-130 sudo[1288]: pam_unix(sudo:session): session opened for user ubuntu(uid=1000) by ubuntu(uid=1000)
Aug 21 11:09:59 ip-172-31-21-130 crontab[1290]: (ubuntu) LIST (ubuntu)
Aug 21 11:09:59 ip-172-31-21-130 sudo[1288]: pam_unix(sudo:session): session closed for user ubuntu
Aug 21 11:10:12 ip-172-31-21-130 systemd[1]: Starting sysstat-collect.service - system activity accounting tool...
Aug 21 11:10:12 ip-172-31-21-130 systemd[1]: sysstat-collect.service: Deactivated successfully.
Aug 21 11:10:12 ip-172-31-21-130 systemd[1]: Finished sysstat-collect.service - system activity accounting tool.
Aug 21 11:12:40 ip-172-31-21-130 sshd[1451]: Connection closed by 95.10.154.70 port 38822
Aug 21 11:13:43 ip-172-31-21-130 sshd[1456]: Connection closed by 95.10.154.70 port 39802
Aug 21 11:14:13 ip-172-31-21-130 systemd[1]: Starting update-notifier-download.service - Download data for packages that failed at package install time...
Aug 21 11:14:13 ip-172-31-21-130 systemd[1]: update-notifier-download.service: Deactivated successfully.
Aug 21 11:14:13 ip-172-31-21-130 systemd[1]: Finished update-notifier-download.service - Download data for packages that failed at package install time.
Aug 21 11:14:13 ip-172-31-21-130 dbus-daemon[641]: [system] Activating via systemd: service name='org.freedesktop.timedate1' unit='dbus-org.freedesktop.timedate1.service' requested by ':1.12' (uid=0 pid=659 comm="/snap/snapd/current/usr/lib/snapd/snapd" label="unconfined")
Aug 21 11:14:13 ip-172-31-21-130 systemd[1]: Starting systemd-timedated.service - Time & Date Service...
Aug 21 11:14:13 ip-172-31-21-130 dbus-daemon[641]: [system] Successfully activated service 'org.freedesktop.timedate1'
Aug 21 11:14:13 ip-172-31-21-130 systemd[1]: Started systemd-timedated.service - Time & Date Service.
Aug 21 11:14:43 ip-172-31-21-130 systemd[1]: systemd-timedated.service: Deactivated successfully.
Aug 21 11:15:00 ip-172-31-21-130 systemd[998]: launchpadlib-cache-clean.service - Clean up old files in the Launchpadlib cache was skipped because of an unmet condition check (ConditionPathExists=/home/ubuntu/.launchpadlib/api.launchpad.net/cache).
Aug 21 11:15:01 ip-172-31-21-130 CRON[1467]: pam_unix(cron:session): session opened for user root(uid=0) by root(uid=0)
Aug 21 11:15:01 ip-172-31-21-130 CRON[1468]: (root) CMD (command -v debian-sa1 > /dev/null && debian-sa1 1 1)
Aug 21 11:15:01 ip-172-31-21-130 CRON[1467]: pam_unix(cron:session): session closed for user root
Aug 21 11:17:01 ip-172-31-21-130 CRON[1471]: pam_unix(cron:session): session opened for user root(uid=0) by root(uid=0)
Aug 21 11:17:01 ip-172-31-21-130 CRON[1472]: (root) CMD (cd / && run-parts --report /etc/cron.hourly)
Aug 21 11:17:01 ip-172-31-21-130 CRON[1471]: pam_unix(cron:session): session closed for user root
Aug 21 11:20:00 ip-172-31-21-130 systemd[1]: Starting sysstat-collect.service - system activity accounting tool...
Aug 21 11:20:00 ip-172-31-21-130 systemd[1]: sysstat-collect.service: Deactivated successfully.
Aug 21 11:20:00 ip-172-31-21-130 systemd[1]: Finished sysstat-collect.service - system activity accounting tool.
Aug 21 11:24:13 ip-172-31-21-130 systemd[1]: Starting systemd-tmpfiles-clean.service - Cleanup of Temporary Directories...
Aug 21 11:24:13 ip-172-31-21-130 systemd[1]: systemd-tmpfiles-clean.service: Deactivated successfully.
Aug 21 11:24:13 ip-172-31-21-130 systemd[1]: Finished systemd-tmpfiles-clean.service - Cleanup of Temporary Directories.
Aug 21 11:25:01 ip-172-31-21-130 CRON[1500]: pam_unix(cron:session): session opened for user root(uid=0) by root(uid=0)
Aug 21 11:25:01 ip-172-31-21-130 CRON[1501]: (root) CMD (command -v debian-sa1 > /dev/null && debian-sa1 1 1)
Aug 21 11:25:01 ip-172-31-21-130 CRON[1500]: pam_unix(cron:session): session closed for user root
Aug 21 11:30:00 ip-172-31-21-130 systemd[1]: Starting sysstat-collect.service - system activity accounting tool...
Aug 21 11:30:00 ip-172-31-21-130 systemd[1]: sysstat-collect.service: Deactivated successfully.
Aug 21 11:30:00 ip-172-31-21-130 systemd[1]: Finished sysstat-collect.service - system activity accounting tool.
Aug 21 11:35:01 ip-172-31-21-130 CRON[1575]: pam_unix(cron:session): session opened for user root(uid=0) by root(uid=0)
Aug 21 11:35:01 ip-172-31-21-130 CRON[1576]: (root) CMD (command -v debian-sa1 > /dev/null && debian-sa1 1 1)
Aug 21 11:35:01 ip-172-31-21-130 CRON[1575]: pam_unix(cron:session): session closed for user root
Aug 21 11:35:04 ip-172-31-21-130 amazon-ssm-agent.amazon-ssm-agent[653]: 2026-08-21 11:35:04.8385 WARN EC2RoleProvider Failed to connect to Systems Manager with instance profile role credentials. Err: retrieved credentials failed to report to ssm. Error: EC2RoleRequestError: no EC2 instance role found
Aug 21 11:35:04 ip-172-31-21-130 amazon-ssm-agent.amazon-ssm-agent[653]: caused by: EC2MetadataError: failed to make EC2Metadata request
Aug 21 11:35:04 ip-172-31-21-130 amazon-ssm-agent.amazon-ssm-agent[653]: <?xml version="1.0" encoding="iso-8859-1"?>
Aug 21 11:35:04 ip-172-31-21-130 amazon-ssm-agent.amazon-ssm-agent[653]: <!DOCTYPE html PUBLIC "-//W3C//DTD XHTML 1.0 Transitional//EN"
Aug 21 11:35:04 ip-172-31-21-130 amazon-ssm-agent.amazon-ssm-agent[653]:                  "http://www.w3.org/TR/xhtml1/DTD/xhtml1-transitional.dtd">
Aug 21 11:35:04 ip-172-31-21-130 amazon-ssm-agent.amazon-ssm-agent[653]: <html xmlns="http://www.w3.org/1999/xhtml" xml:lang="en" lang="en">
Aug 21 11:35:04 ip-172-31-21-130 amazon-ssm-agent.amazon-ssm-agent[653]:  <head>
Aug 21 11:35:04 ip-172-31-21-130 amazon-ssm-agent.amazon-ssm-agent[653]:   <title>404 - Not Found</title>
Aug 21 11:35:04 ip-172-31-21-130 amazon-ssm-agent.amazon-ssm-agent[653]:  </head>
Aug 21 11:35:04 ip-172-31-21-130 amazon-ssm-agent.amazon-ssm-agent[653]:  <body>
Aug 21 11:35:04 ip-172-31-21-130 amazon-ssm-agent.amazon-ssm-agent[653]:   <h1>404 - Not Found</h1>
Aug 21 11:35:04 ip-172-31-21-130 amazon-ssm-agent.amazon-ssm-agent[653]:  </body>
Aug 21 11:35:04 ip-172-31-21-130 amazon-ssm-agent.amazon-ssm-agent[653]: </html>
Aug 21 11:35:04 ip-172-31-21-130 amazon-ssm-agent.amazon-ssm-agent[653]:         status code: 404, request id:
Aug 21 11:35:04 ip-172-31-21-130 amazon-ssm-agent.amazon-ssm-agent[653]: 2026-08-21 11:35:04.8748 ERROR EC2RoleProvider Failed to connect to Systems Manager with SSM role credentials. error calling RequestManagedInstanceRoleToken: AccessDeniedException: Systems Manager's instance management role is not configured for account: 756418066642
Aug 21 11:35:04 ip-172-31-21-130 amazon-ssm-agent.amazon-ssm-agent[653]:         status code: 400, request id: bb3a58e4-f34d-494f-addf-1542639478b9
Aug 21 11:35:05 ip-172-31-21-130 amazon-ssm-agent.amazon-ssm-agent[653]: 2026-08-21 11:35:04.8748 ERROR [CredentialRefresher] Retrieve credentials produced error: no valid credentials could be retrieved for ec2 identity. Default Host Management Err: error calling RequestManagedInstanceRoleToken: AccessDeniedException: Systems Manager's instance management role is not configured for account: 756418066642
Aug 21 11:35:05 ip-172-31-21-130 amazon-ssm-agent.amazon-ssm-agent[653]:         status code: 400, request id: bb3a58e4-f34d-494f-addf-1542639478b9
Aug 21 11:35:05 ip-172-31-21-130 amazon-ssm-agent.amazon-ssm-agent[653]: 2026-08-21 11:35:04.8748 INFO [CredentialRefresher] Sleeping for 27m44s before retrying retrieve credentials
Aug 21 11:38:59 ip-172-31-21-130 sshd[1582]: padding error: need 436 block 8 mod 4 [preauth]
Aug 21 11:38:59 ip-172-31-21-130 sshd[1582]: ssh_dispatch_run_fatal: Connection from 178.62.255.110 port 33142: message authentication code incorrect [preauth]
Aug 21 11:40:00 ip-172-31-21-130 systemd[1]: Starting sysstat-collect.service - system activity accounting tool...
Aug 21 11:40:00 ip-172-31-21-130 systemd[1]: sysstat-collect.service: Deactivated successfully.
Aug 21 11:40:00 ip-172-31-21-130 systemd[1]: Finished sysstat-collect.service - system activity accounting tool.
Aug 21 11:45:01 ip-172-31-21-130 CRON[1590]: pam_unix(cron:session): session opened for user root(uid=0) by root(uid=0)
Aug 21 11:45:01 ip-172-31-21-130 CRON[1591]: (root) CMD (command -v debian-sa1 > /dev/null && debian-sa1 1 1)
Aug 21 11:45:01 ip-172-31-21-130 CRON[1590]: pam_unix(cron:session): session closed for user root
Aug 21 11:50:00 ip-172-31-21-130 systemd[1]: Starting sysstat-collect.service - system activity accounting tool...
Aug 21 11:50:00 ip-172-31-21-130 systemd[1]: sysstat-collect.service: Deactivated successfully.
Aug 21 11:50:00 ip-172-31-21-130 systemd[1]: Finished sysstat-collect.service - system activity accounting tool.
Aug 21 11:53:58 ip-172-31-21-130 systemd[1]: Starting fwupd-refresh.service - Refresh fwupd metadata and update motd...
Aug 21 11:53:58 ip-172-31-21-130 dbus-daemon[641]: [system] Activating via systemd: service name='org.freedesktop.fwupd' unit='fwupd.service' requested by ':1.27' (uid=990 pid=1602 comm="/usr/bin/fwupdmgr refresh" label="unconfined")
Aug 21 11:53:58 ip-172-31-21-130 systemd[1]: Starting modprobe@sd_mod.service - Load Kernel Module sd_mod...
Aug 21 11:53:58 ip-172-31-21-130 systemd[1]: modprobe@sd_mod.service: Deactivated successfully.
Aug 21 11:53:58 ip-172-31-21-130 systemd[1]: Finished modprobe@sd_mod.service - Load Kernel Module sd_mod.
Aug 21 11:53:58 ip-172-31-21-130 systemd[1]: Starting fwupd.service - Firmware update daemon...
Aug 21 11:53:59 ip-172-31-21-130 fwupd[1609]: 11:53:59.167 FuMain               fwupd 2.0.20 ready for requests (locale C.UTF-8)
Aug 21 11:53:59 ip-172-31-21-130 dbus-daemon[641]: [system] Successfully activated service 'org.freedesktop.fwupd'
Aug 21 11:53:59 ip-172-31-21-130 systemd[1]: Started fwupd.service - Firmware update daemon.
Aug 21 11:53:59 ip-172-31-21-130 fwupd[1609]: 11:53:59.173 FuPluginLinuxSleep   could not open /sys/power/mem_sleep: Error opening file /sys/power/mem_sleep: No such file or directory
Aug 21 11:53:59 ip-172-31-21-130 systemd[1]: fwupd-refresh.service: Deactivated successfully.
Aug 21 11:53:59 ip-172-31-21-130 systemd[1]: Finished fwupd-refresh.service - Refresh fwupd metadata and update motd.
Aug 21 11:55:01 ip-172-31-21-130 CRON[1619]: pam_unix(cron:session): session opened for user root(uid=0) by root(uid=0)
Aug 21 11:55:01 ip-172-31-21-130 CRON[1620]: (root) CMD (command -v debian-sa1 > /dev/null && debian-sa1 1 1)
Aug 21 11:55:01 ip-172-31-21-130 CRON[1619]: pam_unix(cron:session): session closed for user root
Aug 21 11:58:59 ip-172-31-21-130 systemd[1]: fwupd.service: Deactivated successfully.
Aug 21 12:00:00 ip-172-31-21-130 systemd[1]: Starting sysstat-collect.service - system activity accounting tool...
Aug 21 12:00:00 ip-172-31-21-130 systemd[1]: sysstat-collect.service: Deactivated successfully.
Aug 21 12:00:00 ip-172-31-21-130 systemd[1]: Finished sysstat-collect.service - system activity accounting tool.
Aug 21 12:02:48 ip-172-31-21-130 amazon-ssm-agent.amazon-ssm-agent[653]: 2026-08-21 12:02:48.8767 WARN EC2RoleProvider Failed to connect to Systems Manager with instance profile role credentials. Err: retrieved credentials failed to report to ssm. Error: EC2RoleRequestError: no EC2 instance role found
Aug 21 12:02:48 ip-172-31-21-130 amazon-ssm-agent.amazon-ssm-agent[653]: caused by: EC2MetadataError: failed to make EC2Metadata request
Aug 21 12:02:48 ip-172-31-21-130 amazon-ssm-agent.amazon-ssm-agent[653]: <?xml version="1.0" encoding="iso-8859-1"?>
Aug 21 12:02:48 ip-172-31-21-130 amazon-ssm-agent.amazon-ssm-agent[653]: <!DOCTYPE html PUBLIC "-//W3C//DTD XHTML 1.0 Transitional//EN"
Aug 21 12:02:48 ip-172-31-21-130 amazon-ssm-agent.amazon-ssm-agent[653]:                  "http://www.w3.org/TR/xhtml1/DTD/xhtml1-transitional.dtd">
Aug 21 12:02:48 ip-172-31-21-130 amazon-ssm-agent.amazon-ssm-agent[653]: <html xmlns="http://www.w3.org/1999/xhtml" xml:lang="en" lang="en">
Aug 21 12:02:48 ip-172-31-21-130 amazon-ssm-agent.amazon-ssm-agent[653]:  <head>
Aug 21 12:02:48 ip-172-31-21-130 amazon-ssm-agent.amazon-ssm-agent[653]:   <title>404 - Not Found</title>
Aug 21 12:02:48 ip-172-31-21-130 amazon-ssm-agent.amazon-ssm-agent[653]:  </head>
Aug 21 12:02:48 ip-172-31-21-130 amazon-ssm-agent.amazon-ssm-agent[653]:  <body>
Aug 21 12:02:48 ip-172-31-21-130 amazon-ssm-agent.amazon-ssm-agent[653]:   <h1>404 - Not Found</h1>
Aug 21 12:02:48 ip-172-31-21-130 amazon-ssm-agent.amazon-ssm-agent[653]:  </body>
Aug 21 12:02:48 ip-172-31-21-130 amazon-ssm-agent.amazon-ssm-agent[653]: </html>
Aug 21 12:02:48 ip-172-31-21-130 amazon-ssm-agent.amazon-ssm-agent[653]:         status code: 404, request id:
Aug 21 12:02:48 ip-172-31-21-130 amazon-ssm-agent.amazon-ssm-agent[653]: 2026-08-21 12:02:48.9191 ERROR EC2RoleProvider Failed to connect to Systems Manager with SSM role credentials. error calling RequestManagedInstanceRoleToken: AccessDeniedException: Systems Manager's instance management role is not configured for account: 756418066642
Aug 21 12:02:48 ip-172-31-21-130 amazon-ssm-agent.amazon-ssm-agent[653]:         status code: 400, request id: f9fe3653-9ee5-4f9c-adf6-c26eeed49306
Aug 21 12:02:49 ip-172-31-21-130 amazon-ssm-agent.amazon-ssm-agent[653]: 2026-08-21 12:02:48.9191 ERROR [CredentialRefresher] Retrieve credentials produced error: no valid credentials could be retrieved for ec2 identity. Default Host Management Err: error calling RequestManagedInstanceRoleToken: AccessDeniedException: Systems Manager's instance management role is not configured for account: 756418066642
Aug 21 12:02:49 ip-172-31-21-130 amazon-ssm-agent.amazon-ssm-agent[653]:         status code: 400, request id: f9fe3653-9ee5-4f9c-adf6-c26eeed49306
Aug 21 12:02:49 ip-172-31-21-130 amazon-ssm-agent.amazon-ssm-agent[653]: 2026-08-21 12:02:48.9192 INFO [CredentialRefresher] Sleeping for 26m47s before retrying retrieve credentials
Aug 21 12:05:01 ip-172-31-21-130 CRON[1635]: pam_unix(cron:session): session opened for user root(uid=0) by root(uid=0)
Aug 21 12:05:01 ip-172-31-21-130 CRON[1636]: (root) CMD (command -v debian-sa1 > /dev/null && debian-sa1 1 1)
Aug 21 12:05:01 ip-172-31-21-130 CRON[1635]: pam_unix(cron:session): session closed for user root
Aug 21 12:10:00 ip-172-31-21-130 systemd[1]: Starting sysstat-collect.service - system activity accounting tool...
Aug 21 12:10:00 ip-172-31-21-130 systemd[1]: sysstat-collect.service: Deactivated successfully.
Aug 21 12:10:00 ip-172-31-21-130 systemd[1]: Finished sysstat-collect.service - system activity accounting tool.
Aug 21 12:14:00 ip-172-31-21-130 systemd[1]: Starting motd-news.service - Message of the Day...
Aug 21 12:14:01 ip-172-31-21-130 50-motd-news[1676]:  * Ubuntu Pro delivers the most comprehensive open source security and
Aug 21 12:14:01 ip-172-31-21-130 50-motd-news[1676]:    compliance features.
Aug 21 12:14:01 ip-172-31-21-130 50-motd-news[1676]:    https://ubuntu.com/aws/pro
Aug 21 12:14:01 ip-172-31-21-130 systemd[1]: motd-news.service: Deactivated successfully.
Aug 21 12:14:01 ip-172-31-21-130 systemd[1]: Finished motd-news.service - Message of the Day.
Aug 21 12:15:01 ip-172-31-21-130 CRON[1686]: pam_unix(cron:session): session opened for user root(uid=0) by root(uid=0)
Aug 21 12:15:01 ip-172-31-21-130 CRON[1687]: (root) CMD (command -v debian-sa1 > /dev/null && debian-sa1 1 1)
Aug 21 12:15:01 ip-172-31-21-130 CRON[1686]: pam_unix(cron:session): session closed for user root
Aug 21 12:17:01 ip-172-31-21-130 CRON[1689]: pam_unix(cron:session): session opened for user root(uid=0) by root(uid=0)
Aug 21 12:17:01 ip-172-31-21-130 CRON[1690]: (root) CMD (cd / && run-parts --report /etc/cron.hourly)
Aug 21 12:17:01 ip-172-31-21-130 CRON[1689]: pam_unix(cron:session): session closed for user root
Aug 21 12:19:36 ip-172-31-21-130 sshd[1695]: Connection closed by 68.174.129.46 port 46794
Aug 21 12:20:00 ip-172-31-21-130 systemd[1]: Starting sysstat-collect.service - system activity accounting tool...
Aug 21 12:20:00 ip-172-31-21-130 systemd[1]: sysstat-collect.service: Deactivated successfully.
Aug 21 12:20:00 ip-172-31-21-130 systemd[1]: Finished sysstat-collect.service - system activity accounting tool.
Aug 21 12:21:21 ip-172-31-21-130 sshd[1699]: Connection closed by 102.216.86.148 port 54834
Aug 21 12:21:22 ip-172-31-21-130 sshd[1700]: Connection closed by 102.216.86.148 port 55200
Aug 21 12:22:56 ip-172-31-21-130 sshd[1701]: Connection closed by 46.187.46.236 port 58482
Aug 21 12:25:01 ip-172-31-21-130 CRON[1705]: pam_unix(cron:session): session opened for user root(uid=0) by root(uid=0)
Aug 21 12:25:01 ip-172-31-21-130 CRON[1706]: (root) CMD (command -v debian-sa1 > /dev/null && debian-sa1 1 1)
Aug 21 12:25:01 ip-172-31-21-130 CRON[1705]: pam_unix(cron:session): session closed for user root
Aug 21 12:29:35 ip-172-31-21-130 amazon-ssm-agent.amazon-ssm-agent[653]: 2026-08-21 12:29:35.9209 WARN EC2RoleProvider Failed to connect to Systems Manager with instance profile role credentials. Err: retrieved credentials failed to report to ssm. Error: EC2RoleRequestError: no EC2 instance role found
Aug 21 12:29:35 ip-172-31-21-130 amazon-ssm-agent.amazon-ssm-agent[653]: caused by: EC2MetadataError: failed to make EC2Metadata request
Aug 21 12:29:35 ip-172-31-21-130 amazon-ssm-agent.amazon-ssm-agent[653]: <?xml version="1.0" encoding="iso-8859-1"?>
Aug 21 12:29:35 ip-172-31-21-130 amazon-ssm-agent.amazon-ssm-agent[653]: <!DOCTYPE html PUBLIC "-//W3C//DTD XHTML 1.0 Transitional//EN"
Aug 21 12:29:35 ip-172-31-21-130 amazon-ssm-agent.amazon-ssm-agent[653]:                  "http://www.w3.org/TR/xhtml1/DTD/xhtml1-transitional.dtd">
Aug 21 12:29:35 ip-172-31-21-130 amazon-ssm-agent.amazon-ssm-agent[653]: <html xmlns="http://www.w3.org/1999/xhtml" xml:lang="en" lang="en">
Aug 21 12:29:35 ip-172-31-21-130 amazon-ssm-agent.amazon-ssm-agent[653]:  <head>
Aug 21 12:29:35 ip-172-31-21-130 amazon-ssm-agent.amazon-ssm-agent[653]:   <title>404 - Not Found</title>
Aug 21 12:29:35 ip-172-31-21-130 amazon-ssm-agent.amazon-ssm-agent[653]:  </head>
Aug 21 12:29:35 ip-172-31-21-130 amazon-ssm-agent.amazon-ssm-agent[653]:  <body>
Aug 21 12:29:35 ip-172-31-21-130 amazon-ssm-agent.amazon-ssm-agent[653]:   <h1>404 - Not Found</h1>
Aug 21 12:29:35 ip-172-31-21-130 amazon-ssm-agent.amazon-ssm-agent[653]:  </body>
Aug 21 12:29:35 ip-172-31-21-130 amazon-ssm-agent.amazon-ssm-agent[653]: </html>
Aug 21 12:29:35 ip-172-31-21-130 amazon-ssm-agent.amazon-ssm-agent[653]:         status code: 404, request id:
Aug 21 12:29:36 ip-172-31-21-130 amazon-ssm-agent.amazon-ssm-agent[653]: 2026-08-21 12:29:35.9637 ERROR EC2RoleProvider Failed to connect to Systems Manager with SSM role credentials. error calling RequestManagedInstanceRoleToken: AccessDeniedException: Systems Manager's instance management role is not configured for account: 756418066642
Aug 21 12:29:36 ip-172-31-21-130 amazon-ssm-agent.amazon-ssm-agent[653]:         status code: 400, request id: 6837bf8b-869b-4611-8014-93fcf5e3d2f7
Aug 21 12:30:00 ip-172-31-21-130 systemd[1]: Starting sysstat-collect.service - system activity accounting tool...
Aug 21 12:30:00 ip-172-31-21-130 systemd[1]: sysstat-collect.service: Deactivated successfully.
Aug 21 12:30:00 ip-172-31-21-130 systemd[1]: Finished sysstat-collect.service - system activity accounting tool.
Aug 21 12:35:01 ip-172-31-21-130 CRON[1714]: pam_unix(cron:session): session opened for user root(uid=0) by root(uid=0)
Aug 21 12:35:01 ip-172-31-21-130 CRON[1715]: (root) CMD (command -v debian-sa1 > /dev/null && debian-sa1 1 1)
Aug 21 12:35:01 ip-172-31-21-130 CRON[1714]: pam_unix(cron:session): session closed for user root
Aug 21 12:40:00 ip-172-31-21-130 systemd[1]: Starting sysstat-collect.service - system activity accounting tool...
Aug 21 12:40:00 ip-172-31-21-130 systemd[1]: sysstat-collect.service: Deactivated successfully.
Aug 21 12:40:00 ip-172-31-21-130 systemd[1]: Finished sysstat-collect.service - system activity accounting tool.
Aug 21 12:45:01 ip-172-31-21-130 CRON[1725]: pam_unix(cron:session): session opened for user root(uid=0) by root(uid=0)
Aug 21 12:45:01 ip-172-31-21-130 CRON[1726]: (root) CMD (command -v debian-sa1 > /dev/null && debian-sa1 1 1)
Aug 21 12:45:01 ip-172-31-21-130 CRON[1725]: pam_unix(cron:session): session closed for user root
Aug 21 12:45:40 ip-172-31-21-130 systemd[1]: Starting fwupd-refresh.service - Refresh fwupd metadata and update motd...
Aug 21 12:45:40 ip-172-31-21-130 dbus-daemon[641]: [system] Activating via systemd: service name='org.freedesktop.fwupd' unit='fwupd.service' requested by ':1.30' (uid=990 pid=1730 comm="/usr/bin/fwupdmgr refresh" label="unconfined")
Aug 21 12:45:40 ip-172-31-21-130 systemd[1]: Starting modprobe@sd_mod.service - Load Kernel Module sd_mod...
Aug 21 12:45:40 ip-172-31-21-130 systemd[1]: modprobe@sd_mod.service: Deactivated successfully.
Aug 21 12:45:40 ip-172-31-21-130 systemd[1]: Finished modprobe@sd_mod.service - Load Kernel Module sd_mod.
Aug 21 12:45:40 ip-172-31-21-130 systemd[1]: Starting fwupd.service - Firmware update daemon...
Aug 21 12:45:40 ip-172-31-21-130 fwupd[1737]: 12:45:40.919 FuMain               fwupd 2.0.20 ready for requests (locale C.UTF-8)
Aug 21 12:45:40 ip-172-31-21-130 dbus-daemon[641]: [system] Successfully activated service 'org.freedesktop.fwupd'
Aug 21 12:45:40 ip-172-31-21-130 systemd[1]: Started fwupd.service - Firmware update daemon.
Aug 21 12:45:40 ip-172-31-21-130 fwupd[1737]: 12:45:40.923 FuPluginLinuxSleep   could not open /sys/power/mem_sleep: Error opening file /sys/power/mem_sleep: No such file or directory
Aug 21 12:45:40 ip-172-31-21-130 systemd[1]: fwupd-refresh.service: Deactivated successfully.
Aug 21 12:45:40 ip-172-31-21-130 systemd[1]: Finished fwupd-refresh.service - Refresh fwupd metadata and update motd.
Aug 21 12:50:00 ip-172-31-21-130 systemd[1]: Starting sysstat-collect.service - system activity accounting tool...
Aug 21 12:50:00 ip-172-31-21-130 systemd[1]: sysstat-collect.service: Deactivated successfully.
Aug 21 12:50:00 ip-172-31-21-130 systemd[1]: Finished sysstat-collect.service - system activity accounting tool.
Aug 21 12:50:41 ip-172-31-21-130 systemd[1]: fwupd.service: Deactivated successfully.
Aug 21 12:55:01 ip-172-31-21-130 CRON[1756]: pam_unix(cron:session): session opened for user root(uid=0) by root(uid=0)
Aug 21 12:55:01 ip-172-31-21-130 CRON[1757]: (root) CMD (command -v debian-sa1 > /dev/null && debian-sa1 1 1)
Aug 21 12:55:01 ip-172-31-21-130 CRON[1756]: pam_unix(cron:session): session closed for user root
Aug 21 12:57:47 ip-172-31-21-130 amazon-ssm-agent.amazon-ssm-agent[653]: 2026-08-21 12:57:47.9653 WARN EC2RoleProvider Failed to connect to Systems Manager with instance profile role credentials. Err: retrieved credentials failed to report to ssm. Error: EC2RoleRequestError: no EC2 instance role found
Aug 21 12:57:47 ip-172-31-21-130 amazon-ssm-agent.amazon-ssm-agent[653]: caused by: EC2MetadataError: failed to make EC2Metadata request
Aug 21 12:57:47 ip-172-31-21-130 amazon-ssm-agent.amazon-ssm-agent[653]: <?xml version="1.0" encoding="iso-8859-1"?>
Aug 21 12:57:47 ip-172-31-21-130 amazon-ssm-agent.amazon-ssm-agent[653]: <!DOCTYPE html PUBLIC "-//W3C//DTD XHTML 1.0 Transitional//EN"
Aug 21 12:57:47 ip-172-31-21-130 amazon-ssm-agent.amazon-ssm-agent[653]:                  "http://www.w3.org/TR/xhtml1/DTD/xhtml1-transitional.dtd">
Aug 21 12:57:47 ip-172-31-21-130 amazon-ssm-agent.amazon-ssm-agent[653]: <html xmlns="http://www.w3.org/1999/xhtml" xml:lang="en" lang="en">
Aug 21 12:57:47 ip-172-31-21-130 amazon-ssm-agent.amazon-ssm-agent[653]:  <head>
Aug 21 12:57:47 ip-172-31-21-130 amazon-ssm-agent.amazon-ssm-agent[653]:   <title>404 - Not Found</title>
Aug 21 12:57:47 ip-172-31-21-130 amazon-ssm-agent.amazon-ssm-agent[653]:  </head>
Aug 21 12:57:47 ip-172-31-21-130 amazon-ssm-agent.amazon-ssm-agent[653]:  <body>
Aug 21 12:57:47 ip-172-31-21-130 amazon-ssm-agent.amazon-ssm-agent[653]:   <h1>404 - Not Found</h1>
Aug 21 12:57:47 ip-172-31-21-130 amazon-ssm-agent.amazon-ssm-agent[653]:  </body>
Aug 21 12:57:47 ip-172-31-21-130 amazon-ssm-agent.amazon-ssm-agent[653]: </html>
Aug 21 12:57:47 ip-172-31-21-130 amazon-ssm-agent.amazon-ssm-agent[653]:         status code: 404, request id:
Aug 21 12:57:48 ip-172-31-21-130 amazon-ssm-agent.amazon-ssm-agent[653]: 2026-08-21 12:57:48.0019 ERROR EC2RoleProvider Failed to connect to Systems Manager with SSM role credentials. error calling RequestManagedInstanceRoleToken: AccessDeniedException: Systems Manager's instance management role is not configured for account: 756418066642
Aug 21 12:57:48 ip-172-31-21-130 amazon-ssm-agent.amazon-ssm-agent[653]:         status code: 400, request id: 6714a83c-cecd-4d2f-ae4a-2921136ba277
Aug 21 13:00:00 ip-172-31-21-130 systemd[1]: Starting sysstat-collect.service - system activity accounting tool...
Aug 21 13:00:00 ip-172-31-21-130 systemd[1]: sysstat-collect.service: Deactivated successfully.
Aug 21 13:00:00 ip-172-31-21-130 systemd[1]: Finished sysstat-collect.service - system activity accounting tool.
Aug 21 13:00:23 ip-172-31-21-130 sshd[1765]: Connection closed by 45.178.84.210 port 38834
Aug 21 13:00:44 ip-172-31-21-130 sshd[1767]: Connection closed by 45.178.84.210 port 43506
Aug 21 13:02:37 ip-172-31-21-130 sshd[1768]: Connection closed by 69.123.166.192 port 42941
Aug 21 13:02:40 ip-172-31-21-130 sshd[1769]: Connection closed by 69.123.166.192 port 45673
Aug 21 13:05:01 ip-172-31-21-130 CRON[1773]: pam_unix(cron:session): session opened for user root(uid=0) by root(uid=0)
Aug 21 13:05:01 ip-172-31-21-130 CRON[1774]: (root) CMD (command -v debian-sa1 > /dev/null && debian-sa1 1 1)
Aug 21 13:05:01 ip-172-31-21-130 CRON[1773]: pam_unix(cron:session): session closed for user root
Aug 21 13:10:00 ip-172-31-21-130 systemd[1]: Starting sysstat-collect.service - system activity accounting tool...
Aug 21 13:10:00 ip-172-31-21-130 systemd[1]: sysstat-collect.service: Deactivated successfully.
Aug 21 13:10:00 ip-172-31-21-130 systemd[1]: Finished sysstat-collect.service - system activity accounting tool.
Aug 21 13:15:01 ip-172-31-21-130 CRON[1784]: pam_unix(cron:session): session opened for user root(uid=0) by root(uid=0)
Aug 21 13:15:01 ip-172-31-21-130 CRON[1785]: (root) CMD (command -v debian-sa1 > /dev/null && debian-sa1 1 1)
Aug 21 13:15:01 ip-172-31-21-130 CRON[1784]: pam_unix(cron:session): session closed for user root
Aug 21 13:17:01 ip-172-31-21-130 CRON[1787]: pam_unix(cron:session): session opened for user root(uid=0) by root(uid=0)
Aug 21 13:17:01 ip-172-31-21-130 CRON[1788]: (root) CMD (cd / && run-parts --report /etc/cron.hourly)
Aug 21 13:17:01 ip-172-31-21-130 CRON[1787]: pam_unix(cron:session): session closed for user root
Aug 21 13:20:00 ip-172-31-21-130 systemd[1]: Starting sysstat-collect.service - system activity accounting tool...
Aug 21 13:20:00 ip-172-31-21-130 systemd[1]: sysstat-collect.service: Deactivated successfully.
Aug 21 13:20:00 ip-172-31-21-130 systemd[1]: Finished sysstat-collect.service - system activity accounting tool.
Aug 21 13:25:01 ip-172-31-21-130 CRON[1797]: pam_unix(cron:session): session opened for user root(uid=0) by root(uid=0)
Aug 21 13:25:01 ip-172-31-21-130 CRON[1798]: (root) CMD (command -v debian-sa1 > /dev/null && debian-sa1 1 1)
Aug 21 13:25:01 ip-172-31-21-130 CRON[1797]: pam_unix(cron:session): session closed for user root
Aug 21 13:26:27 ip-172-31-21-130 amazon-ssm-agent.amazon-ssm-agent[653]: 2026-08-21 13:26:27.0034 WARN EC2RoleProvider Failed to connect to Systems Manager with instance profile role credentials. Err: retrieved credentials failed to report to ssm. Error: EC2RoleRequestError: no EC2 instance role found
Aug 21 13:26:27 ip-172-31-21-130 amazon-ssm-agent.amazon-ssm-agent[653]: caused by: EC2MetadataError: failed to make EC2Metadata request
Aug 21 13:26:27 ip-172-31-21-130 amazon-ssm-agent.amazon-ssm-agent[653]: <?xml version="1.0" encoding="iso-8859-1"?>
Aug 21 13:26:27 ip-172-31-21-130 amazon-ssm-agent.amazon-ssm-agent[653]: <!DOCTYPE html PUBLIC "-//W3C//DTD XHTML 1.0 Transitional//EN"
Aug 21 13:26:27 ip-172-31-21-130 amazon-ssm-agent.amazon-ssm-agent[653]:                  "http://www.w3.org/TR/xhtml1/DTD/xhtml1-transitional.dtd">
Aug 21 13:26:27 ip-172-31-21-130 amazon-ssm-agent.amazon-ssm-agent[653]: <html xmlns="http://www.w3.org/1999/xhtml" xml:lang="en" lang="en">
Aug 21 13:26:27 ip-172-31-21-130 amazon-ssm-agent.amazon-ssm-agent[653]:  <head>
Aug 21 13:26:27 ip-172-31-21-130 amazon-ssm-agent.amazon-ssm-agent[653]:   <title>404 - Not Found</title>
Aug 21 13:26:27 ip-172-31-21-130 amazon-ssm-agent.amazon-ssm-agent[653]:  </head>
Aug 21 13:26:27 ip-172-31-21-130 amazon-ssm-agent.amazon-ssm-agent[653]:  <body>
Aug 21 13:26:27 ip-172-31-21-130 amazon-ssm-agent.amazon-ssm-agent[653]:   <h1>404 - Not Found</h1>
Aug 21 13:26:27 ip-172-31-21-130 amazon-ssm-agent.amazon-ssm-agent[653]:  </body>
Aug 21 13:26:27 ip-172-31-21-130 amazon-ssm-agent.amazon-ssm-agent[653]: </html>
Aug 21 13:26:27 ip-172-31-21-130 amazon-ssm-agent.amazon-ssm-agent[653]:         status code: 404, request id:
Aug 21 13:26:27 ip-172-31-21-130 amazon-ssm-agent.amazon-ssm-agent[653]: 2026-08-21 13:26:27.0396 ERROR EC2RoleProvider Failed to connect to Systems Manager with SSM role credentials. error calling RequestManagedInstanceRoleToken: AccessDeniedException: Systems Manager's instance management role is not configured for account: 756418066642
Aug 21 13:26:27 ip-172-31-21-130 amazon-ssm-agent.amazon-ssm-agent[653]:         status code: 400, request id: 37c0c5e6-d316-4b5e-8043-c34a6ab981eb
Aug 21 13:30:00 ip-172-31-21-130 systemd[1]: Starting sysstat-collect.service - system activity accounting tool...
Aug 21 13:30:00 ip-172-31-21-130 systemd[1]: sysstat-collect.service: Deactivated successfully.
Aug 21 13:30:00 ip-172-31-21-130 systemd[1]: Finished sysstat-collect.service - system activity accounting tool.
Aug 21 13:35:01 ip-172-31-21-130 CRON[1808]: pam_unix(cron:session): session opened for user root(uid=0) by root(uid=0)
Aug 21 13:35:01 ip-172-31-21-130 CRON[1809]: (root) CMD (command -v debian-sa1 > /dev/null && debian-sa1 1 1)
Aug 21 13:35:01 ip-172-31-21-130 CRON[1808]: pam_unix(cron:session): session closed for user root
Aug 21 13:40:00 ip-172-31-21-130 systemd[1]: Starting sysstat-collect.service - system activity accounting tool...
Aug 21 13:40:00 ip-172-31-21-130 systemd[1]: sysstat-collect.service: Deactivated successfully.
Aug 21 13:40:00 ip-172-31-21-130 systemd[1]: Finished sysstat-collect.service - system activity accounting tool.
Aug 21 13:41:18 ip-172-31-21-130 sshd[1818]: Connection closed by 81.172.115.204 port 39438
Aug 21 13:43:43 ip-172-31-21-130 sshd[1820]: Connection closed by 81.172.115.204 port 40077
Aug 21 13:45:01 ip-172-31-21-130 CRON[1821]: pam_unix(cron:session): session opened for user root(uid=0) by root(uid=0)
Aug 21 13:45:01 ip-172-31-21-130 CRON[1822]: (root) CMD (command -v debian-sa1 > /dev/null && debian-sa1 1 1)
Aug 21 13:45:01 ip-172-31-21-130 CRON[1821]: pam_unix(cron:session): session closed for user root
Aug 21 13:47:09 ip-172-31-21-130 sshd[963]: pam_unix(sshd:session): session closed for user ubuntu
Aug 21 13:47:09 ip-172-31-21-130 systemd-logind[664]: Session 1 logged out. Waiting for processes to exit.
Aug 21 13:47:09 ip-172-31-21-130 systemd[1]: session-1.scope: Deactivated successfully.
Aug 21 13:47:09 ip-172-31-21-130 systemd[1]: session-1.scope: Consumed 8.811s CPU time.
Aug 21 13:47:09 ip-172-31-21-130 systemd-logind[664]: Removed session 1.
Aug 21 13:50:00 ip-172-31-21-130 systemd[1]: Starting sysstat-collect.service - system activity accounting tool...
Aug 21 13:50:00 ip-172-31-21-130 systemd[1]: sysstat-collect.service: Deactivated successfully.
Aug 21 13:50:00 ip-172-31-21-130 systemd[1]: Finished sysstat-collect.service - system activity accounting tool.
Aug 21 13:54:40 ip-172-31-21-130 systemd[1]: Starting fwupd-refresh.service - Refresh fwupd metadata and update motd...
Aug 21 13:54:40 ip-172-31-21-130 dbus-daemon[641]: [system] Activating via systemd: service name='org.freedesktop.fwupd' unit='fwupd.service' requested by ':1.34' (uid=990 pid=1834 comm="/usr/bin/fwupdmgr refresh" label="unconfined")
Aug 21 13:54:40 ip-172-31-21-130 systemd[1]: Starting modprobe@sd_mod.service - Load Kernel Module sd_mod...
Aug 21 13:54:40 ip-172-31-21-130 systemd[1]: modprobe@sd_mod.service: Deactivated successfully.
Aug 21 13:54:40 ip-172-31-21-130 systemd[1]: Finished modprobe@sd_mod.service - Load Kernel Module sd_mod.
Aug 21 13:54:40 ip-172-31-21-130 systemd[1]: Starting fwupd.service - Firmware update daemon...
Aug 21 13:54:40 ip-172-31-21-130 fwupd[1841]: 13:54:40.940 FuMain               fwupd 2.0.20 ready for requests (locale C.UTF-8)
Aug 21 13:54:40 ip-172-31-21-130 dbus-daemon[641]: [system] Successfully activated service 'org.freedesktop.fwupd'
Aug 21 13:54:40 ip-172-31-21-130 systemd[1]: Started fwupd.service - Firmware update daemon.
Aug 21 13:54:40 ip-172-31-21-130 fwupd[1841]: 13:54:40.944 FuPluginLinuxSleep   could not open /sys/power/mem_sleep: Error opening file /sys/power/mem_sleep: No such file or directory
Aug 21 13:54:40 ip-172-31-21-130 systemd[1]: fwupd-refresh.service: Deactivated successfully.
Aug 21 13:54:40 ip-172-31-21-130 systemd[1]: Finished fwupd-refresh.service - Refresh fwupd metadata and update motd.
Aug 21 13:55:01 ip-172-31-21-130 CRON[1851]: pam_unix(cron:session): session opened for user root(uid=0) by root(uid=0)
Aug 21 13:55:01 ip-172-31-21-130 CRON[1852]: (root) CMD (command -v debian-sa1 > /dev/null && debian-sa1 1 1)
Aug 21 13:55:01 ip-172-31-21-130 CRON[1851]: pam_unix(cron:session): session closed for user root
Aug 21 13:56:16 ip-172-31-21-130 amazon-ssm-agent.amazon-ssm-agent[653]: 2026-08-21 13:56:16.1374 WARN EC2RoleProvider Failed to connect to Systems Manager with instance profile role credentials. Err: retrieved credentials failed to report to ssm. Error: EC2RoleRequestError: no EC2 instance role found
Aug 21 13:56:16 ip-172-31-21-130 amazon-ssm-agent.amazon-ssm-agent[653]: caused by: EC2MetadataError: failed to make EC2Metadata request
Aug 21 13:56:16 ip-172-31-21-130 amazon-ssm-agent.amazon-ssm-agent[653]: <?xml version="1.0" encoding="iso-8859-1"?>
Aug 21 13:56:16 ip-172-31-21-130 amazon-ssm-agent.amazon-ssm-agent[653]: <!DOCTYPE html PUBLIC "-//W3C//DTD XHTML 1.0 Transitional//EN"
Aug 21 13:56:16 ip-172-31-21-130 amazon-ssm-agent.amazon-ssm-agent[653]:                  "http://www.w3.org/TR/xhtml1/DTD/xhtml1-transitional.dtd">
Aug 21 13:56:16 ip-172-31-21-130 amazon-ssm-agent.amazon-ssm-agent[653]: <html xmlns="http://www.w3.org/1999/xhtml" xml:lang="en" lang="en">
Aug 21 13:56:16 ip-172-31-21-130 amazon-ssm-agent.amazon-ssm-agent[653]:  <head>
Aug 21 13:56:16 ip-172-31-21-130 amazon-ssm-agent.amazon-ssm-agent[653]:   <title>404 - Not Found</title>
Aug 21 13:56:16 ip-172-31-21-130 amazon-ssm-agent.amazon-ssm-agent[653]:  </head>
Aug 21 13:56:16 ip-172-31-21-130 amazon-ssm-agent.amazon-ssm-agent[653]:  <body>
Aug 21 13:56:16 ip-172-31-21-130 amazon-ssm-agent.amazon-ssm-agent[653]:   <h1>404 - Not Found</h1>
Aug 21 13:56:16 ip-172-31-21-130 amazon-ssm-agent.amazon-ssm-agent[653]:  </body>
Aug 21 13:56:16 ip-172-31-21-130 amazon-ssm-agent.amazon-ssm-agent[653]: </html>
Aug 21 13:56:16 ip-172-31-21-130 amazon-ssm-agent.amazon-ssm-agent[653]:         status code: 404, request id:
Aug 21 13:56:16 ip-172-31-21-130 amazon-ssm-agent.amazon-ssm-agent[653]: 2026-08-21 13:56:16.1772 ERROR EC2RoleProvider Failed to connect to Systems Manager with SSM role credentials. error calling RequestManagedInstanceRoleToken: AccessDeniedException: Systems Manager's instance management role is not configured for account: 756418066642
Aug 21 13:56:16 ip-172-31-21-130 amazon-ssm-agent.amazon-ssm-agent[653]:         status code: 400, request id: 81843870-f5b0-43d7-bfee-627b1b402bca
Aug 21 13:59:41 ip-172-31-21-130 systemd[1]: fwupd.service: Deactivated successfully.
Aug 21 14:00:00 ip-172-31-21-130 systemd[1]: Starting sysstat-collect.service - system activity accounting tool...
Aug 21 14:00:00 ip-172-31-21-130 systemd[1]: sysstat-collect.service: Deactivated successfully.
Aug 21 14:00:00 ip-172-31-21-130 systemd[1]: Finished sysstat-collect.service - system activity accounting tool.
Aug 21 14:05:01 ip-172-31-21-130 CRON[1866]: pam_unix(cron:session): session opened for user root(uid=0) by root(uid=0)
Aug 21 14:05:01 ip-172-31-21-130 CRON[1867]: (root) CMD (command -v debian-sa1 > /dev/null && debian-sa1 1 1)
Aug 21 14:05:01 ip-172-31-21-130 CRON[1866]: pam_unix(cron:session): session closed for user root
Aug 21 14:09:28 ip-172-31-21-130 sshd[1872]: Connection closed by 86.0.221.252 port 32918
Aug 21 14:10:00 ip-172-31-21-130 systemd[1]: Starting sysstat-collect.service - system activity accounting tool...
Aug 21 14:10:00 ip-172-31-21-130 systemd[1]: sysstat-collect.service: Deactivated successfully.
Aug 21 14:10:00 ip-172-31-21-130 systemd[1]: Finished sysstat-collect.service - system activity accounting tool.
Aug 21 14:10:28 ip-172-31-21-130 sshd[1876]: Connection closed by 86.0.221.252 port 40998
Aug 21 14:15:01 ip-172-31-21-130 CRON[1880]: pam_unix(cron:session): session opened for user root(uid=0) by root(uid=0)
Aug 21 14:15:01 ip-172-31-21-130 CRON[1881]: (root) CMD (command -v debian-sa1 > /dev/null && debian-sa1 1 1)
Aug 21 14:15:01 ip-172-31-21-130 CRON[1880]: pam_unix(cron:session): session closed for user root
Aug 21 14:16:06 ip-172-31-21-130 sshd[994]: pam_unix(sshd:session): session closed for user ubuntu
Aug 21 14:16:06 ip-172-31-21-130 systemd[1]: session-3.scope: Deactivated successfully.
Aug 21 14:16:06 ip-172-31-21-130 systemd-logind[664]: Session 3 logged out. Waiting for processes to exit.
Aug 21 14:16:06 ip-172-31-21-130 systemd-logind[664]: Removed session 3.
Aug 21 14:16:16 ip-172-31-21-130 systemd[1]: Stopping user@1000.service - User Manager for UID 1000...
Aug 21 14:16:16 ip-172-31-21-130 systemd[998]: Activating special unit exit.target...
Aug 21 14:16:16 ip-172-31-21-130 systemd[998]: Stopped target default.target - Main User Target.
Aug 21 14:16:16 ip-172-31-21-130 systemd[998]: Stopped target basic.target - Basic System.
Aug 21 14:16:16 ip-172-31-21-130 systemd[998]: Stopped target paths.target - Paths.
Aug 21 14:16:16 ip-172-31-21-130 systemd[998]: Stopped target sockets.target - Sockets.
Aug 21 14:16:16 ip-172-31-21-130 systemd[998]: Stopped target timers.target - Timers.
Aug 21 14:16:16 ip-172-31-21-130 systemd[998]: Stopped launchpadlib-cache-clean.timer - Clean up old files in the Launchpadlib cache.
Aug 21 14:16:16 ip-172-31-21-130 systemd[998]: Closed dbus.socket - D-Bus User Message Bus Socket.
Aug 21 14:16:16 ip-172-31-21-130 systemd[998]: Closed dirmngr.socket - GnuPG network certificate management daemon.
Aug 21 14:16:16 ip-172-31-21-130 systemd[998]: Closed gpg-agent-browser.socket - GnuPG cryptographic agent and passphrase cache (access for web browsers).
Aug 21 14:16:16 ip-172-31-21-130 systemd[998]: Closed gpg-agent-extra.socket - GnuPG cryptographic agent and passphrase cache (restricted).
Aug 21 14:16:16 ip-172-31-21-130 systemd[998]: Stopping gpg-agent-ssh.socket - GnuPG cryptographic agent (ssh-agent emulation)...
Aug 21 14:16:16 ip-172-31-21-130 systemd[998]: Closed gpg-agent.socket - GnuPG cryptographic agent and passphrase cache.
Aug 21 14:16:16 ip-172-31-21-130 systemd[998]: Closed keyboxd.socket - GnuPG public key management service.
Aug 21 14:16:16 ip-172-31-21-130 systemd[998]: Closed pk-debconf-helper.socket - debconf communication socket.
Aug 21 14:16:16 ip-172-31-21-130 systemd[998]: Closed snapd.session-agent.socket - REST API socket for snapd user session agent.
Aug 21 14:16:16 ip-172-31-21-130 systemd[998]: Closed gpg-agent-ssh.socket - GnuPG cryptographic agent (ssh-agent emulation).
Aug 21 14:16:16 ip-172-31-21-130 systemd[998]: Removed slice app.slice - User Application Slice.
Aug 21 14:16:16 ip-172-31-21-130 systemd[998]: Reached target shutdown.target - Shutdown.
Aug 21 14:16:16 ip-172-31-21-130 systemd[998]: Finished systemd-exit.service - Exit the Session.
Aug 21 14:16:16 ip-172-31-21-130 systemd[998]: Reached target exit.target - Exit the Session.
Aug 21 14:16:16 ip-172-31-21-130 systemd[1]: user@1000.service: Deactivated successfully.
Aug 21 14:16:16 ip-172-31-21-130 systemd[1]: Stopped user@1000.service - User Manager for UID 1000.
Aug 21 14:16:16 ip-172-31-21-130 systemd[1]: Stopping user-runtime-dir@1000.service - User Runtime Directory /run/user/1000...
Aug 21 14:16:16 ip-172-31-21-130 systemd[1]: run-user-1000.mount: Deactivated successfully.
Aug 21 14:16:16 ip-172-31-21-130 systemd[1]: user-runtime-dir@1000.service: Deactivated successfully.
Aug 21 14:16:16 ip-172-31-21-130 systemd[1]: Stopped user-runtime-dir@1000.service - User Runtime Directory /run/user/1000.
Aug 21 14:16:16 ip-172-31-21-130 systemd[1]: Removed slice user-1000.slice - User Slice of UID 1000.
Aug 21 14:16:16 ip-172-31-21-130 systemd[1]: user-1000.slice: Consumed 9.037s CPU time.
Aug 21 14:17:01 ip-172-31-21-130 CRON[1894]: pam_unix(cron:session): session opened for user root(uid=0) by root(uid=0)
Aug 21 14:17:01 ip-172-31-21-130 CRON[1895]: (root) CMD (cd / && run-parts --report /etc/cron.hourly)
Aug 21 14:17:01 ip-172-31-21-130 CRON[1894]: pam_unix(cron:session): session closed for user root
Aug 21 14:19:22 ip-172-31-21-130 sshd[1899]: Connection closed by 181.94.232.248 port 37083
Aug 21 14:19:41 ip-172-31-21-130 sshd[1900]: Connection closed by 181.94.232.248 port 40515
Aug 21 14:20:00 ip-172-31-21-130 systemd[1]: Starting sysstat-collect.service - system activity accounting tool...
Aug 21 14:20:00 ip-172-31-21-130 systemd[1]: sysstat-collect.service: Deactivated successfully.
Aug 21 14:20:00 ip-172-31-21-130 systemd[1]: Finished sysstat-collect.service - system activity accounting tool.
Aug 21 14:25:01 ip-172-31-21-130 CRON[1907]: pam_unix(cron:session): session opened for user root(uid=0) by root(uid=0)
Aug 21 14:25:01 ip-172-31-21-130 CRON[1908]: (root) CMD (command -v debian-sa1 > /dev/null && debian-sa1 1 1)
Aug 21 14:25:01 ip-172-31-21-130 CRON[1907]: pam_unix(cron:session): session closed for user root
Aug 21 14:25:14 ip-172-31-21-130 amazon-ssm-agent.amazon-ssm-agent[653]: 2026-08-21 14:25:14.2492 WARN EC2RoleProvider Failed to connect to Systems Manager with instance profile role credentials. Err: retrieved credentials failed to report to ssm. Error: EC2RoleRequestError: no EC2 instance role found
Aug 21 14:25:14 ip-172-31-21-130 amazon-ssm-agent.amazon-ssm-agent[653]: caused by: EC2MetadataError: failed to make EC2Metadata request
Aug 21 14:25:14 ip-172-31-21-130 amazon-ssm-agent.amazon-ssm-agent[653]: <?xml version="1.0" encoding="iso-8859-1"?>
Aug 21 14:25:14 ip-172-31-21-130 amazon-ssm-agent.amazon-ssm-agent[653]: <!DOCTYPE html PUBLIC "-//W3C//DTD XHTML 1.0 Transitional//EN"
Aug 21 14:25:14 ip-172-31-21-130 amazon-ssm-agent.amazon-ssm-agent[653]:                  "http://www.w3.org/TR/xhtml1/DTD/xhtml1-transitional.dtd">
Aug 21 14:25:14 ip-172-31-21-130 amazon-ssm-agent.amazon-ssm-agent[653]: <html xmlns="http://www.w3.org/1999/xhtml" xml:lang="en" lang="en">
Aug 21 14:25:14 ip-172-31-21-130 amazon-ssm-agent.amazon-ssm-agent[653]:  <head>
Aug 21 14:25:14 ip-172-31-21-130 amazon-ssm-agent.amazon-ssm-agent[653]:   <title>404 - Not Found</title>
Aug 21 14:25:14 ip-172-31-21-130 amazon-ssm-agent.amazon-ssm-agent[653]:  </head>
Aug 21 14:25:14 ip-172-31-21-130 amazon-ssm-agent.amazon-ssm-agent[653]:  <body>
Aug 21 14:25:14 ip-172-31-21-130 amazon-ssm-agent.amazon-ssm-agent[653]:   <h1>404 - Not Found</h1>
Aug 21 14:25:14 ip-172-31-21-130 amazon-ssm-agent.amazon-ssm-agent[653]:  </body>
Aug 21 14:25:14 ip-172-31-21-130 amazon-ssm-agent.amazon-ssm-agent[653]: </html>
Aug 21 14:25:14 ip-172-31-21-130 amazon-ssm-agent.amazon-ssm-agent[653]:         status code: 404, request id:
Aug 21 14:25:14 ip-172-31-21-130 amazon-ssm-agent.amazon-ssm-agent[653]: 2026-08-21 14:25:14.2948 ERROR EC2RoleProvider Failed to connect to Systems Manager with SSM role credentials. error calling RequestManagedInstanceRoleToken: AccessDeniedException: Systems Manager's instance management role is not configured for account: 756418066642
Aug 21 14:25:14 ip-172-31-21-130 amazon-ssm-agent.amazon-ssm-agent[653]:         status code: 400, request id: 51059838-8c74-4421-a245-08a8ed3ef847
Aug 21 14:28:48 ip-172-31-21-130 sshd[1911]: Connection closed by 187.249.159.198 port 39548
Aug 21 14:29:38 ip-172-31-21-130 sshd[1913]: Connection closed by 187.249.159.198 port 41524
Aug 21 14:30:00 ip-172-31-21-130 systemd[1]: Starting sysstat-collect.service - system activity accounting tool...
Aug 21 14:30:00 ip-172-31-21-130 systemd[1]: sysstat-collect.service: Deactivated successfully.
Aug 21 14:30:00 ip-172-31-21-130 systemd[1]: Finished sysstat-collect.service - system activity accounting tool.
Aug 21 14:35:01 ip-172-31-21-130 CRON[1919]: pam_unix(cron:session): session opened for user root(uid=0) by root(uid=0)
Aug 21 14:35:01 ip-172-31-21-130 CRON[1920]: (root) CMD (command -v debian-sa1 > /dev/null && debian-sa1 1 1)
Aug 21 14:35:01 ip-172-31-21-130 CRON[1919]: pam_unix(cron:session): session closed for user root
Aug 21 14:40:00 ip-172-31-21-130 systemd[1]: Starting sysstat-collect.service - system activity accounting tool...
Aug 21 14:40:00 ip-172-31-21-130 systemd[1]: sysstat-collect.service: Deactivated successfully.
Aug 21 14:40:00 ip-172-31-21-130 systemd[1]: Finished sysstat-collect.service - system activity accounting tool.
Aug 21 14:44:14 ip-172-31-21-130 snapd[659]: storehelpers.go:919: cannot refresh: snap has no updates available: "amazon-ssm-agent", "core22", "snapd"
Aug 21 14:45:01 ip-172-31-21-130 CRON[1932]: pam_unix(cron:session): session opened for user root(uid=0) by root(uid=0)
Aug 21 14:45:01 ip-172-31-21-130 CRON[1933]: (root) CMD (command -v debian-sa1 > /dev/null && debian-sa1 1 1)
Aug 21 14:45:01 ip-172-31-21-130 CRON[1932]: pam_unix(cron:session): session closed for user root
Aug 21 14:50:00 ip-172-31-21-130 systemd[1]: Starting sysstat-collect.service - system activity accounting tool...
Aug 21 14:50:00 ip-172-31-21-130 systemd[1]: sysstat-collect.service: Deactivated successfully.
Aug 21 14:50:00 ip-172-31-21-130 systemd[1]: Finished sysstat-collect.service - system activity accounting tool.
Aug 21 14:53:42 ip-172-31-21-130 amazon-ssm-agent.amazon-ssm-agent[653]: 2026-08-21 14:53:42.3015 WARN EC2RoleProvider Failed to connect to Systems Manager with instance profile role credentials. Err: retrieved credentials failed to report to ssm. Error: EC2RoleRequestError: no EC2 instance role found
Aug 21 14:53:42 ip-172-31-21-130 amazon-ssm-agent.amazon-ssm-agent[653]: caused by: EC2MetadataError: failed to make EC2Metadata request
Aug 21 14:53:42 ip-172-31-21-130 amazon-ssm-agent.amazon-ssm-agent[653]: <?xml version="1.0" encoding="iso-8859-1"?>
Aug 21 14:53:42 ip-172-31-21-130 amazon-ssm-agent.amazon-ssm-agent[653]: <!DOCTYPE html PUBLIC "-//W3C//DTD XHTML 1.0 Transitional//EN"
Aug 21 14:53:42 ip-172-31-21-130 amazon-ssm-agent.amazon-ssm-agent[653]:                  "http://www.w3.org/TR/xhtml1/DTD/xhtml1-transitional.dtd">
Aug 21 14:53:42 ip-172-31-21-130 amazon-ssm-agent.amazon-ssm-agent[653]: <html xmlns="http://www.w3.org/1999/xhtml" xml:lang="en" lang="en">
Aug 21 14:53:42 ip-172-31-21-130 amazon-ssm-agent.amazon-ssm-agent[653]:  <head>
Aug 21 14:53:42 ip-172-31-21-130 amazon-ssm-agent.amazon-ssm-agent[653]:   <title>404 - Not Found</title>
Aug 21 14:53:42 ip-172-31-21-130 amazon-ssm-agent.amazon-ssm-agent[653]:  </head>
Aug 21 14:53:42 ip-172-31-21-130 amazon-ssm-agent.amazon-ssm-agent[653]:  <body>
Aug 21 14:53:42 ip-172-31-21-130 amazon-ssm-agent.amazon-ssm-agent[653]:   <h1>404 - Not Found</h1>
Aug 21 14:53:42 ip-172-31-21-130 amazon-ssm-agent.amazon-ssm-agent[653]:  </body>
Aug 21 14:53:42 ip-172-31-21-130 amazon-ssm-agent.amazon-ssm-agent[653]: </html>
Aug 21 14:53:42 ip-172-31-21-130 amazon-ssm-agent.amazon-ssm-agent[653]:         status code: 404, request id:
Aug 21 14:53:42 ip-172-31-21-130 amazon-ssm-agent.amazon-ssm-agent[653]: 2026-08-21 14:53:42.3397 ERROR EC2RoleProvider Failed to connect to Systems Manager with SSM role credentials. error calling RequestManagedInstanceRoleToken: AccessDeniedException: Systems Manager's instance management role is not configured for account: 756418066642
Aug 21 14:53:42 ip-172-31-21-130 amazon-ssm-agent.amazon-ssm-agent[653]:         status code: 400, request id: 637bda6b-0319-42c9-b01a-bf3c47cf4a8c
Aug 21 14:54:40 ip-172-31-21-130 systemd[1]: Starting fwupd-refresh.service - Refresh fwupd metadata and update motd...
Aug 21 14:54:40 ip-172-31-21-130 dbus-daemon[641]: [system] Activating via systemd: service name='org.freedesktop.fwupd' unit='fwupd.service' requested by ':1.38' (uid=990 pid=1943 comm="/usr/bin/fwupdmgr refresh" label="unconfined")
Aug 21 14:54:40 ip-172-31-21-130 systemd[1]: Starting modprobe@sd_mod.service - Load Kernel Module sd_mod...
Aug 21 14:54:40 ip-172-31-21-130 systemd[1]: modprobe@sd_mod.service: Deactivated successfully.
Aug 21 14:54:40 ip-172-31-21-130 systemd[1]: Finished modprobe@sd_mod.service - Load Kernel Module sd_mod.
Aug 21 14:54:40 ip-172-31-21-130 systemd[1]: Starting fwupd.service - Firmware update daemon...
Aug 21 14:54:40 ip-172-31-21-130 fwupd[1950]: 14:54:40.916 FuMain               fwupd 2.0.20 ready for requests (locale C.UTF-8)
Aug 21 14:54:40 ip-172-31-21-130 dbus-daemon[641]: [system] Successfully activated service 'org.freedesktop.fwupd'
Aug 21 14:54:40 ip-172-31-21-130 systemd[1]: Started fwupd.service - Firmware update daemon.
Aug 21 14:54:40 ip-172-31-21-130 fwupd[1950]: 14:54:40.919 FuPluginLinuxSleep   could not open /sys/power/mem_sleep: Error opening file /sys/power/mem_sleep: No such file or directory
Aug 21 14:54:40 ip-172-31-21-130 systemd[1]: fwupd-refresh.service: Deactivated successfully.
Aug 21 14:54:40 ip-172-31-21-130 systemd[1]: Finished fwupd-refresh.service - Refresh fwupd metadata and update motd.
Aug 21 14:55:01 ip-172-31-21-130 CRON[1962]: pam_unix(cron:session): session opened for user root(uid=0) by root(uid=0)
Aug 21 14:55:01 ip-172-31-21-130 CRON[1963]: (root) CMD (command -v debian-sa1 > /dev/null && debian-sa1 1 1)
Aug 21 14:55:01 ip-172-31-21-130 CRON[1962]: pam_unix(cron:session): session closed for user root
Aug 21 14:59:41 ip-172-31-21-130 systemd[1]: fwupd.service: Deactivated successfully.
Aug 21 15:00:00 ip-172-31-21-130 systemd[1]: Starting sysstat-collect.service - system activity accounting tool...
Aug 21 15:00:00 ip-172-31-21-130 systemd[1]: sysstat-collect.service: Deactivated successfully.
Aug 21 15:00:00 ip-172-31-21-130 systemd[1]: Finished sysstat-collect.service - system activity accounting tool.
Aug 21 15:04:44 ip-172-31-21-130 sshd[1976]: Connection closed by 37.52.197.124 port 33696
Aug 21 15:05:01 ip-172-31-21-130 CRON[1977]: pam_unix(cron:session): session opened for user root(uid=0) by root(uid=0)
Aug 21 15:05:01 ip-172-31-21-130 CRON[1978]: (root) CMD (command -v debian-sa1 > /dev/null && debian-sa1 1 1)
Aug 21 15:05:01 ip-172-31-21-130 CRON[1977]: pam_unix(cron:session): session closed for user root
Aug 21 15:07:58 ip-172-31-21-130 systemd[1]: Starting fwupd-refresh.service - Refresh fwupd metadata and update motd...
Aug 21 15:07:58 ip-172-31-21-130 dbus-daemon[641]: [system] Activating via systemd: service name='org.freedesktop.fwupd' unit='fwupd.service' requested by ':1.41' (uid=990 pid=1981 comm="/usr/bin/fwupdmgr refresh" label="unconfined")
Aug 21 15:07:58 ip-172-31-21-130 systemd[1]: Starting modprobe@sd_mod.service - Load Kernel Module sd_mod...
Aug 21 15:07:58 ip-172-31-21-130 systemd[1]: modprobe@sd_mod.service: Deactivated successfully.
Aug 21 15:07:58 ip-172-31-21-130 systemd[1]: Finished modprobe@sd_mod.service - Load Kernel Module sd_mod.
Aug 21 15:07:58 ip-172-31-21-130 systemd[1]: Starting fwupd.service - Firmware update daemon...
Aug 21 15:07:58 ip-172-31-21-130 fwupd[1988]: 15:07:58.824 FuMain               fwupd 2.0.20 ready for requests (locale C.UTF-8)
Aug 21 15:07:58 ip-172-31-21-130 dbus-daemon[641]: [system] Successfully activated service 'org.freedesktop.fwupd'
Aug 21 15:07:58 ip-172-31-21-130 systemd[1]: Started fwupd.service - Firmware update daemon.
Aug 21 15:07:58 ip-172-31-21-130 fwupd[1988]: 15:07:58.828 FuPluginLinuxSleep   could not open /sys/power/mem_sleep: Error opening file /sys/power/mem_sleep: No such file or directory
Aug 21 15:07:58 ip-172-31-21-130 systemd[1]: fwupd-refresh.service: Deactivated successfully.
Aug 21 15:07:58 ip-172-31-21-130 systemd[1]: Finished fwupd-refresh.service - Refresh fwupd metadata and update motd.
Aug 21 15:10:00 ip-172-31-21-130 systemd[1]: Starting sysstat-collect.service - system activity accounting tool...
Aug 21 15:10:00 ip-172-31-21-130 systemd[1]: sysstat-collect.service: Deactivated successfully.
Aug 21 15:10:00 ip-172-31-21-130 systemd[1]: Finished sysstat-collect.service - system activity accounting tool.
Aug 21 15:12:59 ip-172-31-21-130 systemd[1]: fwupd.service: Deactivated successfully.
Aug 21 15:13:28 ip-172-31-21-130 sshd[2009]: Connection closed by 102.219.24.43 port 42413
Aug 21 15:14:03 ip-172-31-21-130 sshd[2010]: Connection closed by 102.219.24.43 port 14313
Aug 21 15:15:01 ip-172-31-21-130 CRON[2012]: pam_unix(cron:session): session opened for user root(uid=0) by root(uid=0)
Aug 21 15:15:01 ip-172-31-21-130 CRON[2013]: (root) CMD (command -v debian-sa1 > /dev/null && debian-sa1 1 1)
Aug 21 15:15:01 ip-172-31-21-130 CRON[2012]: pam_unix(cron:session): session closed for user root
Aug 21 15:15:08 ip-172-31-21-130 sshd[2015]: Connection closed by 94.19.17.111 port 49816
Aug 21 15:15:08 ip-172-31-21-130 sshd[2016]: Connection closed by 94.19.17.111 port 50436
Aug 21 15:17:01 ip-172-31-21-130 CRON[2017]: pam_unix(cron:session): session opened for user root(uid=0) by root(uid=0)
Aug 21 15:17:01 ip-172-31-21-130 CRON[2018]: (root) CMD (cd / && run-parts --report /etc/cron.hourly)
Aug 21 15:17:01 ip-172-31-21-130 CRON[2017]: pam_unix(cron:session): session closed for user root
Aug 21 15:20:00 ip-172-31-21-130 systemd[1]: Starting sysstat-collect.service - system activity accounting tool...
Aug 21 15:20:00 ip-172-31-21-130 systemd[1]: sysstat-collect.service: Deactivated successfully.
Aug 21 15:20:00 ip-172-31-21-130 systemd[1]: Finished sysstat-collect.service - system activity accounting tool.
Aug 21 15:23:17 ip-172-31-21-130 amazon-ssm-agent.amazon-ssm-agent[653]: 2026-08-21 15:23:17.3413 WARN EC2RoleProvider Failed to connect to Systems Manager with instance profile role credentials. Err: retrieved credentials failed to report to ssm. Error: EC2RoleRequestError: no EC2 instance role found
Aug 21 15:23:17 ip-172-31-21-130 amazon-ssm-agent.amazon-ssm-agent[653]: caused by: EC2MetadataError: failed to make EC2Metadata request
Aug 21 15:23:17 ip-172-31-21-130 amazon-ssm-agent.amazon-ssm-agent[653]: <?xml version="1.0" encoding="iso-8859-1"?>
Aug 21 15:23:17 ip-172-31-21-130 amazon-ssm-agent.amazon-ssm-agent[653]: <!DOCTYPE html PUBLIC "-//W3C//DTD XHTML 1.0 Transitional//EN"
Aug 21 15:23:17 ip-172-31-21-130 amazon-ssm-agent.amazon-ssm-agent[653]:                  "http://www.w3.org/TR/xhtml1/DTD/xhtml1-transitional.dtd">
Aug 21 15:23:17 ip-172-31-21-130 amazon-ssm-agent.amazon-ssm-agent[653]: <html xmlns="http://www.w3.org/1999/xhtml" xml:lang="en" lang="en">
Aug 21 15:23:17 ip-172-31-21-130 amazon-ssm-agent.amazon-ssm-agent[653]:  <head>
Aug 21 15:23:17 ip-172-31-21-130 amazon-ssm-agent.amazon-ssm-agent[653]:   <title>404 - Not Found</title>
Aug 21 15:23:17 ip-172-31-21-130 amazon-ssm-agent.amazon-ssm-agent[653]:  </head>
Aug 21 15:23:17 ip-172-31-21-130 amazon-ssm-agent.amazon-ssm-agent[653]:  <body>
Aug 21 15:23:17 ip-172-31-21-130 amazon-ssm-agent.amazon-ssm-agent[653]:   <h1>404 - Not Found</h1>
Aug 21 15:23:17 ip-172-31-21-130 amazon-ssm-agent.amazon-ssm-agent[653]:  </body>
Aug 21 15:23:17 ip-172-31-21-130 amazon-ssm-agent.amazon-ssm-agent[653]: </html>
Aug 21 15:23:17 ip-172-31-21-130 amazon-ssm-agent.amazon-ssm-agent[653]:         status code: 404, request id:
Aug 21 15:23:17 ip-172-31-21-130 amazon-ssm-agent.amazon-ssm-agent[653]: 2026-08-21 15:23:17.3813 ERROR EC2RoleProvider Failed to connect to Systems Manager with SSM role credentials. error calling RequestManagedInstanceRoleToken: AccessDeniedException: Systems Manager's instance management role is not configured for account: 756418066642
Aug 21 15:23:17 ip-172-31-21-130 amazon-ssm-agent.amazon-ssm-agent[653]:         status code: 400, request id: 737d428a-80e0-4d44-86d8-5984e9c0743c
Aug 21 15:25:01 ip-172-31-21-130 CRON[2028]: pam_unix(cron:session): session opened for user root(uid=0) by root(uid=0)
Aug 21 15:25:01 ip-172-31-21-130 CRON[2029]: (root) CMD (command -v debian-sa1 > /dev/null && debian-sa1 1 1)
Aug 21 15:25:01 ip-172-31-21-130 CRON[2028]: pam_unix(cron:session): session closed for user root
Aug 21 15:25:02 ip-172-31-21-130 sshd[2031]: Connection closed by 157.15.187.3 port 36058
Aug 21 15:27:30 ip-172-31-21-130 sshd[2032]: Connection closed by 157.15.187.3 port 44352
Aug 21 15:30:00 ip-172-31-21-130 systemd[1]: Starting sysstat-collect.service - system activity accounting tool...
Aug 21 15:30:00 ip-172-31-21-130 systemd[1]: sysstat-collect.service: Deactivated successfully.
Aug 21 15:30:00 ip-172-31-21-130 systemd[1]: Finished sysstat-collect.service - system activity accounting tool.
Aug 21 15:35:01 ip-172-31-21-130 CRON[2043]: pam_unix(cron:session): session opened for user root(uid=0) by root(uid=0)
Aug 21 15:35:01 ip-172-31-21-130 CRON[2044]: (root) CMD (command -v debian-sa1 > /dev/null && debian-sa1 1 1)
Aug 21 15:35:01 ip-172-31-21-130 CRON[2043]: pam_unix(cron:session): session closed for user root
Aug 21 15:40:00 ip-172-31-21-130 systemd[1]: Starting sysstat-collect.service - system activity accounting tool...
Aug 21 15:40:00 ip-172-31-21-130 systemd[1]: sysstat-collect.service: Deactivated successfully.
Aug 21 15:40:00 ip-172-31-21-130 systemd[1]: Finished sysstat-collect.service - system activity accounting tool.
Aug 21 15:40:55 ip-172-31-21-130 sshd[2053]: Connection closed by 103.139.152.10 port 28281
Aug 21 15:41:44 ip-172-31-21-130 sshd[2055]: Connection closed by 103.139.152.10 port 33306
Aug 21 15:45:01 ip-172-31-21-130 CRON[2056]: pam_unix(cron:session): session opened for user root(uid=0) by root(uid=0)
Aug 21 15:45:01 ip-172-31-21-130 CRON[2057]: (root) CMD (command -v debian-sa1 > /dev/null && debian-sa1 1 1)
Aug 21 15:45:01 ip-172-31-21-130 CRON[2056]: pam_unix(cron:session): session closed for user root
Aug 21 15:50:00 ip-172-31-21-130 systemd[1]: Starting sysstat-collect.service - system activity accounting tool...
Aug 21 15:50:00 ip-172-31-21-130 systemd[1]: sysstat-collect.service: Deactivated successfully.
Aug 21 15:50:00 ip-172-31-21-130 systemd[1]: Finished sysstat-collect.service - system activity accounting tool.
Aug 21 15:51:27 ip-172-31-21-130 amazon-ssm-agent.amazon-ssm-agent[653]: 2026-08-21 15:51:27.3835 WARN EC2RoleProvider Failed to connect to Systems Manager with instance profile role credentials. Err: retrieved credentials failed to report to ssm. Error: EC2RoleRequestError: no EC2 instance role found
Aug 21 15:51:27 ip-172-31-21-130 amazon-ssm-agent.amazon-ssm-agent[653]: caused by: EC2MetadataError: failed to make EC2Metadata request
Aug 21 15:51:27 ip-172-31-21-130 amazon-ssm-agent.amazon-ssm-agent[653]: <?xml version="1.0" encoding="iso-8859-1"?>
Aug 21 15:51:27 ip-172-31-21-130 amazon-ssm-agent.amazon-ssm-agent[653]: <!DOCTYPE html PUBLIC "-//W3C//DTD XHTML 1.0 Transitional//EN"
Aug 21 15:51:27 ip-172-31-21-130 amazon-ssm-agent.amazon-ssm-agent[653]:                  "http://www.w3.org/TR/xhtml1/DTD/xhtml1-transitional.dtd">
Aug 21 15:51:27 ip-172-31-21-130 amazon-ssm-agent.amazon-ssm-agent[653]: <html xmlns="http://www.w3.org/1999/xhtml" xml:lang="en" lang="en">
Aug 21 15:51:27 ip-172-31-21-130 amazon-ssm-agent.amazon-ssm-agent[653]:  <head>
Aug 21 15:51:27 ip-172-31-21-130 amazon-ssm-agent.amazon-ssm-agent[653]:   <title>404 - Not Found</title>
Aug 21 15:51:27 ip-172-31-21-130 amazon-ssm-agent.amazon-ssm-agent[653]:  </head>
Aug 21 15:51:27 ip-172-31-21-130 amazon-ssm-agent.amazon-ssm-agent[653]:  <body>
Aug 21 15:51:27 ip-172-31-21-130 amazon-ssm-agent.amazon-ssm-agent[653]:   <h1>404 - Not Found</h1>
Aug 21 15:51:27 ip-172-31-21-130 amazon-ssm-agent.amazon-ssm-agent[653]:  </body>
Aug 21 15:51:27 ip-172-31-21-130 amazon-ssm-agent.amazon-ssm-agent[653]: </html>
Aug 21 15:51:27 ip-172-31-21-130 amazon-ssm-agent.amazon-ssm-agent[653]:         status code: 404, request id:
Aug 21 15:51:27 ip-172-31-21-130 amazon-ssm-agent.amazon-ssm-agent[653]: 2026-08-21 15:51:27.4179 ERROR EC2RoleProvider Failed to connect to Systems Manager with SSM role credentials. error calling RequestManagedInstanceRoleToken: AccessDeniedException: Systems Manager's instance management role is not configured for account: 756418066642
Aug 21 15:51:27 ip-172-31-21-130 amazon-ssm-agent.amazon-ssm-agent[653]:         status code: 400, request id: 86b97029-b6b9-42f1-8edb-0c2f70de1441
Aug 21 15:55:01 ip-172-31-21-130 CRON[2068]: pam_unix(cron:session): session opened for user root(uid=0) by root(uid=0)
Aug 21 15:55:01 ip-172-31-21-130 CRON[2069]: (root) CMD (command -v debian-sa1 > /dev/null && debian-sa1 1 1)
Aug 21 15:55:01 ip-172-31-21-130 CRON[2068]: pam_unix(cron:session): session closed for user root
Aug 21 16:00:00 ip-172-31-21-130 systemd[1]: Starting sysstat-collect.service - system activity accounting tool...
Aug 21 16:00:00 ip-172-31-21-130 systemd[1]: sysstat-collect.service: Deactivated successfully.
Aug 21 16:00:00 ip-172-31-21-130 systemd[1]: Finished sysstat-collect.service - system activity accounting tool.
Aug 21 16:01:54 ip-172-31-21-130 sshd[2077]: Accepted publickey for ubuntu from 106.200.30.86 port 24296 ssh2: RSA SHA256:DmOUWSHsD4VR48RhKsonEQz1PorfIIIakzZbjEz+27M
Aug 21 16:01:54 ip-172-31-21-130 sshd[2077]: pam_unix(sshd:session): session opened for user ubuntu(uid=1000) by ubuntu(uid=0)
Aug 21 16:01:54 ip-172-31-21-130 systemd[1]: Created slice user-1000.slice - User Slice of UID 1000.
Aug 21 16:01:54 ip-172-31-21-130 systemd[1]: Starting user-runtime-dir@1000.service - User Runtime Directory /run/user/1000...
Aug 21 16:01:54 ip-172-31-21-130 systemd-logind[664]: New session 38 of user ubuntu.
Aug 21 16:01:54 ip-172-31-21-130 systemd[1]: Finished user-runtime-dir@1000.service - User Runtime Directory /run/user/1000.
Aug 21 16:01:54 ip-172-31-21-130 systemd[1]: Starting user@1000.service - User Manager for UID 1000...
Aug 21 16:01:54 ip-172-31-21-130 (systemd)[2084]: pam_unix(systemd-user:session): session opened for user ubuntu(uid=1000) by ubuntu(uid=0)
Aug 21 16:01:54 ip-172-31-21-130 systemd[2084]: Queued start job for default target default.target.
Aug 21 16:01:54 ip-172-31-21-130 systemd[2084]: Created slice app.slice - User Application Slice.
Aug 21 16:01:54 ip-172-31-21-130 systemd[2084]: Started launchpadlib-cache-clean.timer - Clean up old files in the Launchpadlib cache.
Aug 21 16:01:54 ip-172-31-21-130 systemd[2084]: Reached target paths.target - Paths.
Aug 21 16:01:54 ip-172-31-21-130 systemd[2084]: Reached target timers.target - Timers.
Aug 21 16:01:54 ip-172-31-21-130 systemd[2084]: Starting dbus.socket - D-Bus User Message Bus Socket...
Aug 21 16:01:54 ip-172-31-21-130 systemd[2084]: Listening on dirmngr.socket - GnuPG network certificate management daemon.
Aug 21 16:01:54 ip-172-31-21-130 systemd[2084]: Listening on gpg-agent-browser.socket - GnuPG cryptographic agent and passphrase cache (access for web browsers).
Aug 21 16:01:54 ip-172-31-21-130 systemd[2084]: Listening on gpg-agent-extra.socket - GnuPG cryptographic agent and passphrase cache (restricted).
Aug 21 16:01:54 ip-172-31-21-130 systemd[2084]: Starting gpg-agent-ssh.socket - GnuPG cryptographic agent (ssh-agent emulation)...
Aug 21 16:01:54 ip-172-31-21-130 systemd[2084]: Listening on gpg-agent.socket - GnuPG cryptographic agent and passphrase cache.
Aug 21 16:01:54 ip-172-31-21-130 systemd[2084]: Listening on keyboxd.socket - GnuPG public key management service.
Aug 21 16:01:54 ip-172-31-21-130 systemd[2084]: Listening on pk-debconf-helper.socket - debconf communication socket.
Aug 21 16:01:54 ip-172-31-21-130 systemd[2084]: Listening on snapd.session-agent.socket - REST API socket for snapd user session agent.
Aug 21 16:01:54 ip-172-31-21-130 systemd[2084]: Listening on dbus.socket - D-Bus User Message Bus Socket.
Aug 21 16:01:54 ip-172-31-21-130 systemd[2084]: Listening on gpg-agent-ssh.socket - GnuPG cryptographic agent (ssh-agent emulation).
Aug 21 16:01:54 ip-172-31-21-130 systemd[2084]: Reached target sockets.target - Sockets.
Aug 21 16:01:54 ip-172-31-21-130 systemd[2084]: Reached target basic.target - Basic System.
Aug 21 16:01:54 ip-172-31-21-130 systemd[1]: Started user@1000.service - User Manager for UID 1000.
Aug 21 16:01:54 ip-172-31-21-130 systemd[2084]: Reached target default.target - Main User Target.
Aug 21 16:01:54 ip-172-31-21-130 systemd[2084]: Startup finished in 85ms.
Aug 21 16:01:54 ip-172-31-21-130 systemd[1]: Started session-38.scope - Session 38 of User ubuntu.
Aug 21 16:02:00 ip-172-31-21-130 sshd[2080]: Accepted publickey for ubuntu from 106.200.30.86 port 31761 ssh2: RSA SHA256:DmOUWSHsD4VR48RhKsonEQz1PorfIIIakzZbjEz+27M
Aug 21 16:02:00 ip-172-31-21-130 sshd[2080]: pam_unix(sshd:session): session opened for user ubuntu(uid=1000) by ubuntu(uid=0)
Aug 21 16:02:00 ip-172-31-21-130 systemd-logind[664]: New session 40 of user ubuntu.
Aug 21 16:02:00 ip-172-31-21-130 systemd[1]: Started session-40.scope - Session 40 of User ubuntu.
Aug 21 16:05:01 ip-172-31-21-130 CRON[2286]: pam_unix(cron:session): session opened for user root(uid=0) by root(uid=0)
Aug 21 16:05:01 ip-172-31-21-130 CRON[2287]: (root) CMD (command -v debian-sa1 > /dev/null && debian-sa1 1 1)
Aug 21 16:05:01 ip-172-31-21-130 CRON[2286]: pam_unix(cron:session): session closed for user root
Aug 21 16:06:48 ip-172-31-21-130 sshd[2289]: error: kex_exchange_identification: read: Connection reset by peer
Aug 21 16:06:48 ip-172-31-21-130 sshd[2289]: Connection reset by 103.135.219.26 port 19209
Aug 21 16:07:00 ip-172-31-21-130 systemd[2084]: launchpadlib-cache-clean.service - Clean up old files in the Launchpadlib cache was skipped because of an unmet condition check (ConditionPathExists=/home/ubuntu/.launchpadlib/api.launchpad.net/cache).
Aug 21 16:10:00 ip-172-31-21-130 systemd[1]: Starting sysstat-collect.service - system activity accounting tool...
Aug 21 16:10:00 ip-172-31-21-130 systemd[1]: sysstat-collect.service: Deactivated successfully.
Aug 21 16:10:00 ip-172-31-21-130 systemd[1]: Finished sysstat-collect.service - system activity accounting tool.
Aug 21 16:10:41 ip-172-31-21-130 systemd-logind[664]: The system will power off now!
Aug 21 16:10:41 ip-172-31-21-130 systemd-logind[664]: System is powering down.
Aug 21 16:10:41 ip-172-31-21-130 systemd[1]: unattended-upgrades.service: Deactivated successfully.
Aug 21 16:10:41 ip-172-31-21-130 systemd[1]: Stopping session-38.scope - Session 38 of User ubuntu...
Aug 21 16:10:41 ip-172-31-21-130 sshd[2077]: pam_unix(sshd:session): session closed for user ubuntu
Aug 21 16:10:41 ip-172-31-21-130 systemd[1]: Stopping session-40.scope - Session 40 of User ubuntu...
Aug 21 16:10:41 ip-172-31-21-130 systemd[1]: Removed slice system-modprobe.slice - Slice /system/modprobe.
Aug 21 16:10:41 ip-172-31-21-130 systemd[1]: Stopped target cloud-init.target - Cloud-init target.
Aug 21 16:10:41 ip-172-31-21-130 systemd[1]: Stopped target graphical.target - Graphical Interface.
Aug 21 16:10:41 ip-172-31-21-130 systemd[1]: Stopped target nss-lookup.target - Host and Network Name Lookups.
Aug 21 16:10:41 ip-172-31-21-130 systemd[1]: Stopped target timers.target - Timer Units.
Aug 21 16:10:41 ip-172-31-21-130 systemd[1]: apt-daily-upgrade.timer: Deactivated successfully.
Aug 21 16:10:41 ip-172-31-21-130 systemd[1]: Stopped apt-daily-upgrade.timer - Daily apt upgrade and clean activities.
Aug 21 16:10:41 ip-172-31-21-130 systemd[1]: apt-daily.timer: Deactivated successfully.
Aug 21 16:10:41 ip-172-31-21-130 systemd[1]: Stopped apt-daily.timer - Daily apt download activities.
Aug 21 16:10:41 ip-172-31-21-130 systemd[1]: dpkg-db-backup.timer: Deactivated successfully.
Aug 21 16:10:41 ip-172-31-21-130 systemd[1]: Stopped dpkg-db-backup.timer - Daily dpkg database backup timer.
Aug 21 16:10:41 ip-172-31-21-130 systemd[1]: e2scrub_all.timer: Deactivated successfully.
Aug 21 16:10:41 ip-172-31-21-130 systemd[1]: Stopped e2scrub_all.timer - Periodic ext4 Online Metadata Check for All Filesystems.
Aug 21 16:10:41 ip-172-31-21-130 systemd[1]: fstrim.timer: Deactivated successfully.
Aug 21 16:10:41 ip-172-31-21-130 systemd[1]: Stopped fstrim.timer - Discard unused filesystem blocks once a week.
Aug 21 16:10:41 ip-172-31-21-130 systemd[1]: fwupd-refresh.timer: Deactivated successfully.
Aug 21 16:10:41 ip-172-31-21-130 systemd[1]: Stopped fwupd-refresh.timer - Refresh fwupd metadata regularly.
Aug 21 16:10:41 ip-172-31-21-130 systemd[1]: logrotate.timer: Deactivated successfully.
Aug 21 16:10:41 ip-172-31-21-130 systemd[1]: Stopped logrotate.timer - Daily rotation of log files.
Aug 21 16:10:41 ip-172-31-21-130 systemd[1]: man-db.timer: Deactivated successfully.
Aug 21 16:10:41 ip-172-31-21-130 systemd[1]: Stopped man-db.timer - Daily man-db regeneration.
Aug 21 16:10:41 ip-172-31-21-130 systemd[1]: motd-news.timer: Deactivated successfully.
Aug 21 16:10:41 ip-172-31-21-130 systemd[1]: Stopped motd-news.timer - Message of the Day.
Aug 21 16:10:41 ip-172-31-21-130 systemd[1]: sysstat-collect.timer: Deactivated successfully.
Aug 21 16:10:41 ip-172-31-21-130 systemd[1]: Stopped sysstat-collect.timer - Run system activity accounting tool every 10 minutes.
Aug 21 16:10:41 ip-172-31-21-130 systemd[1]: sysstat-summary.timer: Deactivated successfully.
Aug 21 16:10:41 ip-172-31-21-130 systemd[1]: Stopped sysstat-summary.timer - Generate summary of yesterday's process accounting.
Aug 21 16:10:41 ip-172-31-21-130 systemd[1]: systemd-tmpfiles-clean.timer: Deactivated successfully.
Aug 21 16:10:41 ip-172-31-21-130 systemd[1]: Stopped systemd-tmpfiles-clean.timer - Daily Cleanup of Temporary Directories.
Aug 21 16:10:41 ip-172-31-21-130 systemd[1]: update-notifier-download.timer: Deactivated successfully.
Aug 21 16:10:41 ip-172-31-21-130 systemd[1]: Stopped update-notifier-download.timer - Download data for packages that failed at package install time.
Aug 21 16:10:41 ip-172-31-21-130 systemd[1]: update-notifier-motd.timer: Deactivated successfully.
Aug 21 16:10:41 ip-172-31-21-130 systemd[1]: Stopped update-notifier-motd.timer - Check to see whether there is a new version of Ubuntu available.
Aug 21 16:10:41 ip-172-31-21-130 systemd[1]: cloud-init-hotplugd.socket: Deactivated successfully.
Aug 21 16:10:41 ip-172-31-21-130 systemd[1]: Closed cloud-init-hotplugd.socket - cloud-init hotplug hook socket.
Aug 21 16:10:41 ip-172-31-21-130 systemd[1]: lvm2-lvmpolld.socket: Deactivated successfully.
Aug 21 16:10:41 ip-172-31-21-130 systemd[1]: Closed lvm2-lvmpolld.socket - LVM2 poll daemon socket.
Aug 21 16:10:41 ip-172-31-21-130 systemd[1]: systemd-rfkill.socket: Deactivated successfully.
Aug 21 16:10:41 ip-172-31-21-130 systemd[1]: Closed systemd-rfkill.socket - Load/Save RF Kill Switch Status /dev/rfkill Watch.
Aug 21 16:10:41 ip-172-31-21-130 systemd[1]: Stopping acpid.service - ACPI event daemon...
Aug 21 16:10:41 ip-172-31-21-130 sshd[2080]: pam_unix(sshd:session): session closed for user ubuntu
Aug 21 16:10:41 ip-172-31-21-130 systemd[1]: Stopping blk-availability.service - Availability of block devices...
Aug 21 16:10:41 ip-172-31-21-130 systemd[1]: cloud-final.service: Deactivated successfully.
Aug 21 16:10:41 ip-172-31-21-130 systemd[1]: Stopped cloud-final.service - Cloud-init: Final Stage.
Aug 21 16:10:41 ip-172-31-21-130 systemd[1]: Stopped target multi-user.target - Multi-User System.
Aug 21 16:10:41 ip-172-31-21-130 systemd[1]: Stopped target getty.target - Login Prompts.
Aug 21 16:10:41 ip-172-31-21-130 systemd[1]: Stopped target time-sync.target - System Time Synchronized.
Aug 21 16:10:41 ip-172-31-21-130 systemd[1]: Stopping ModemManager.service - Modem Manager...
Aug 21 16:10:41 ip-172-31-21-130 ModemManager[832]: <msg> caught signal, shutting down...
Aug 21 16:10:41 ip-172-31-21-130 systemd[1]: Stopping apport.service - automatic crash report generation...
Aug 21 16:10:41 ip-172-31-21-130 chronyd[736]: chronyd exiting
Aug 21 16:10:41 ip-172-31-21-130 systemd[1]: Stopping chrony.service - chrony, an NTP client/server...
Aug 21 16:10:41 ip-172-31-21-130 systemd[1]: cloud-config.service: Deactivated successfully.
Aug 21 16:10:41 ip-172-31-21-130 systemd[1]: Stopped cloud-config.service - Cloud-init: Config Stage.
Aug 21 16:10:41 ip-172-31-21-130 ModemManager[832]: <msg> ModemManager is shut down
Aug 21 16:10:41 ip-172-31-21-130 systemd[1]: Stopped target cloud-config.target - Cloud-config availability.
Aug 21 16:10:41 ip-172-31-21-130 systemd[1]: Stopped target network-online.target - Network is Online.
Aug 21 16:10:41 ip-172-31-21-130 systemd[1]: Stopping cron.service - Regular background program processing daemon...
Aug 21 16:10:41 ip-172-31-21-130 blkdeactivate[2302]: Deactivating block devices:
Aug 21 16:10:41 ip-172-31-21-130 systemd[1]: Stopping finalrd.service - Create final runtime dir for shutdown pivot root...
Aug 21 16:10:41 ip-172-31-21-130 systemd[1]: Stopping getty@tty1.service - Getty on tty1...
Aug 21 16:10:41 ip-172-31-21-130 systemd[1]: Stopping irqbalance.service - irqbalance daemon...
Aug 21 16:10:41 ip-172-31-21-130 systemd[1]: Stopping networkd-dispatcher.service - Dispatcher daemon for systemd-networkd...
Aug 21 16:10:41 ip-172-31-21-130 systemd[1]: plymouth-quit.service: Deactivated successfully.
Aug 21 16:10:41 ip-172-31-21-130 systemd[1]: Stopped plymouth-quit.service - Terminate Plymouth Boot Screen.
Aug 21 16:10:41 ip-172-31-21-130 systemd[1]: Stopping rsyslog.service - System Logging Service...
Aug 21 16:10:41 ip-172-31-21-130 systemd[1]: Stopping serial-getty@ttyS0.service - Serial Getty on ttyS0...
Aug 21 16:10:41 ip-172-31-21-130 systemd[1]: Stopping snap.amazon-ssm-agent.amazon-ssm-agent.service - Service for snap application amazon-ssm-agent.amazon-ssm-agent...
Aug 21 16:10:41 ip-172-31-21-130 systemd[1]: snapd.seeded.service: Deactivated successfully.
Aug 21 16:10:41 ip-172-31-21-130 systemd[1]: Stopped snapd.seeded.service - Wait until snapd is fully seeded.
Aug 21 16:10:41 ip-172-31-21-130 systemd[1]: Stopping snapd.service - Snap Daemon...
Aug 21 16:10:41 ip-172-31-21-130 systemd[1]: snapd.system-shutdown.service - Ubuntu core (all-snaps) system shutdown helper setup service was skipped because of an unmet condition check (ConditionPathExists=!/usr/bin/finalrd).
Aug 21 16:10:41 ip-172-31-21-130 systemd[1]: Stopping ssh.service - OpenBSD Secure Shell server...
Aug 21 16:10:41 ip-172-31-21-130 sshd[962]: Received signal 15; terminating.
Aug 21 16:10:41 ip-172-31-21-130 systemd[1]: sysstat.service: Deactivated successfully.
Aug 21 16:10:41 ip-172-31-21-130 systemd[1]: Stopped sysstat.service - Resets System Activity Logs.
Aug 21 16:10:41 ip-172-31-21-130 amazon-ssm-agent.amazon-ssm-agent[653]: 2026-08-21 16:10:41.6020 INFO [amazon-ssm-agent] amazon-ssm-agent got signal:terminated value:0x7567d65810c0
Aug 21 16:10:41 ip-172-31-21-130 amazon-ssm-agent.amazon-ssm-agent[653]: 2026-08-21 16:10:41.6025 INFO [amazon-ssm-agent] Received stop/termination signal from main routine
Aug 21 16:10:41 ip-172-31-21-130 amazon-ssm-agent.amazon-ssm-agent[653]: 2026-08-21 16:10:41.6025 INFO [amazon-ssm-agent] Stopping Core Agent
Aug 21 16:10:41 ip-172-31-21-130 snapd[659]: main.go:197: Exiting on terminated signal.
Aug 21 16:10:41 ip-172-31-21-130 systemd[1]: Stopping systemd-random-seed.service - Load/Save OS Random Seed...
Aug 21 16:10:41 ip-172-31-21-130 systemd[1]: Stopping udisks2.service - Disk Manager...
Aug 21 16:10:41 ip-172-31-21-130 systemd[1]: acpid.service: Deactivated successfully.
Aug 21 16:10:41 ip-172-31-21-130 systemd[1]: Stopped acpid.service - ACPI event daemon.
Aug 21 16:10:41 ip-172-31-21-130 systemd[1]: cron.service: Deactivated successfully.
Aug 21 16:10:41 ip-172-31-21-130 systemd[1]: Stopped cron.service - Regular background program processing daemon.
Aug 21 16:10:41 ip-172-31-21-130 systemd[1]: irqbalance.service: Deactivated successfully.
Aug 21 16:10:41 ip-172-31-21-130 rsyslogd[727]: [origin software="rsyslogd" swVersion="8.2312.0" x-pid="727" x-info="https://www.rsyslog.com"] exiting on signal 15.
Aug 21 16:10:41 ip-172-31-21-130 systemd[1]: Stopped irqbalance.service - irqbalance daemon.
Aug 21 16:10:41 ip-172-31-21-130 systemd[1]: networkd-dispatcher.service: Deactivated successfully.
Aug 21 16:10:41 ip-172-31-21-130 systemd[1]: Stopped networkd-dispatcher.service - Dispatcher daemon for systemd-networkd.
Aug 21 16:10:41 ip-172-31-21-130 systemd[1]: rsyslog.service: Deactivated successfully.
Aug 21 16:10:41 ip-172-31-21-130 systemd[1]: Stopped rsyslog.service - System Logging Service.
Aug 21 16:10:41 ip-172-31-21-130 systemd[1]: chrony.service: Deactivated successfully.
Aug 21 16:10:41 ip-172-31-21-130 systemd[1]: Stopped chrony.service - chrony, an NTP client/server.
Aug 21 16:10:41 ip-172-31-21-130 systemd[1]: serial-getty@ttyS0.service: Deactivated successfully.
Aug 21 16:10:41 ip-172-31-21-130 systemd[1]: Stopped serial-getty@ttyS0.service - Serial Getty on ttyS0.
Aug 21 16:10:41 ip-172-31-21-130 systemd[1]: ModemManager.service: Deactivated successfully.
Aug 21 16:10:41 ip-172-31-21-130 systemd[1]: Stopped ModemManager.service - Modem Manager.
Aug 21 16:10:41 ip-172-31-21-130 systemd[1]: getty@tty1.service: Deactivated successfully.
Aug 21 16:10:41 ip-172-31-21-130 systemd[1]: Stopped getty@tty1.service - Getty on tty1.
Aug 21 16:10:41 ip-172-31-21-130 udisksd[687]: udisks daemon version 2.10.1 exiting
Aug 21 16:10:41 ip-172-31-21-130 systemd[1]: udisks2.service: Deactivated successfully.
Aug 21 16:10:41 ip-172-31-21-130 systemd[1]: Stopped udisks2.service - Disk Manager.
Aug 21 16:10:41 ip-172-31-21-130 systemd[1]: ssh.service: Deactivated successfully.
Aug 21 16:10:41 ip-172-31-21-130 systemd[1]: Stopped ssh.service - OpenBSD Secure Shell server.
Aug 21 16:10:41 ip-172-31-21-130 systemd[1]: blk-availability.service: Deactivated successfully.
Aug 21 16:10:41 ip-172-31-21-130 systemd[1]: Stopped blk-availability.service - Availability of block devices.
Aug 21 16:10:41 ip-172-31-21-130 systemd[1]: systemd-random-seed.service: Deactivated successfully.
Aug 21 16:10:41 ip-172-31-21-130 systemd[1]: Stopped systemd-random-seed.service - Load/Save OS Random Seed.
Aug 21 16:10:41 ip-172-31-21-130 systemd[1]: session-38.scope: Deactivated successfully.
Aug 21 16:10:41 ip-172-31-21-130 systemd[1]: Stopped session-38.scope - Session 38 of User ubuntu.
Aug 21 16:10:41 ip-172-31-21-130 systemd[1]: session-38.scope: Consumed 1.585s CPU time.
Aug 21 16:10:41 ip-172-31-21-130 systemd[1]: session-40.scope: Deactivated successfully.
Aug 21 16:10:41 ip-172-31-21-130 systemd[1]: Stopped session-40.scope - Session 40 of User ubuntu.
Aug 21 16:10:41 ip-172-31-21-130 systemd-logind[664]: Session 40 logged out. Waiting for processes to exit.
Aug 21 16:10:41 ip-172-31-21-130 systemd-logind[664]: Session 38 logged out. Waiting for processes to exit.
Aug 21 16:10:41 ip-172-31-21-130 systemd[1]: Removed slice system-getty.slice - Slice /system/getty.
Aug 21 16:10:41 ip-172-31-21-130 systemd[1]: Removed slice system-serial\x2dgetty.slice - Slice /system/serial-getty.
Aug 21 16:10:41 ip-172-31-21-130 systemd[1]: Stopped target getty-pre.target - Preparation for Logins.
Aug 21 16:10:41 ip-172-31-21-130 systemd[1]: plymouth-poweroff.service - Show Plymouth Power Off Screen was skipped because of an unmet condition check (ConditionKernelCommandLine=splash).
Aug 21 16:10:41 ip-172-31-21-130 systemd[1]: plymouth-quit-wait.service: Deactivated successfully.
Aug 21 16:10:41 ip-172-31-21-130 systemd[1]: Stopped plymouth-quit-wait.service - Hold until boot process finishes up.
Aug 21 16:10:41 ip-172-31-21-130 systemd[1]: plymouth-switch-root-initramfs.service - Tell Plymouth To Jump To initramfs was skipped because no trigger condition checks were met.
Aug 21 16:10:41 ip-172-31-21-130 systemd[1]: Stopping polkit.service - Authorization Manager...
Aug 21 16:10:41 ip-172-31-21-130 systemd[1]: Stopping systemd-logind.service - User Login Management...
Aug 21 16:10:41 ip-172-31-21-130 systemd[2084]: Activating special unit exit.target...
Aug 21 16:10:41 ip-172-31-21-130 systemd[2084]: Stopped target default.target - Main User Target.
Aug 21 16:10:41 ip-172-31-21-130 systemd[2084]: Stopped target basic.target - Basic System.
Aug 21 16:10:41 ip-172-31-21-130 systemd[2084]: Stopped target paths.target - Paths.
Aug 21 16:10:41 ip-172-31-21-130 systemd[2084]: Stopped target sockets.target - Sockets.
Aug 21 16:10:41 ip-172-31-21-130 systemd[2084]: Stopped target timers.target - Timers.
Aug 21 16:10:41 ip-172-31-21-130 systemd[2084]: Stopped launchpadlib-cache-clean.timer - Clean up old files in the Launchpadlib cache.
Aug 21 16:10:41 ip-172-31-21-130 systemd[2084]: Closed dbus.socket - D-Bus User Message Bus Socket.
Aug 21 16:10:41 ip-172-31-21-130 systemd[2084]: Closed dirmngr.socket - GnuPG network certificate management daemon.
Aug 21 16:10:41 ip-172-31-21-130 systemd[2084]: Closed gpg-agent-browser.socket - GnuPG cryptographic agent and passphrase cache (access for web browsers).
Aug 21 16:10:41 ip-172-31-21-130 systemd[2084]: Closed gpg-agent-extra.socket - GnuPG cryptographic agent and passphrase cache (restricted).
Aug 21 16:10:41 ip-172-31-21-130 systemd[1]: Stopping user@1000.service - User Manager for UID 1000...
Aug 21 16:10:41 ip-172-31-21-130 systemd-logind[664]: Removed session 40.
Aug 21 16:10:41 ip-172-31-21-130 systemd[1]: polkit.service: Deactivated successfully.
Aug 21 16:10:41 ip-172-31-21-130 systemd[1]: Stopped polkit.service - Authorization Manager.
Aug 21 16:10:41 ip-172-31-21-130 systemd[2084]: Stopping gpg-agent-ssh.socket - GnuPG cryptographic agent (ssh-agent emulation)...
Aug 21 16:10:41 ip-172-31-21-130 systemd[2084]: Closed gpg-agent.socket - GnuPG cryptographic agent and passphrase cache.
Aug 21 16:10:41 ip-172-31-21-130 systemd[2084]: Closed keyboxd.socket - GnuPG public key management service.
Aug 21 16:10:41 ip-172-31-21-130 systemd[2084]: Closed pk-debconf-helper.socket - debconf communication socket.
Aug 21 16:10:41 ip-172-31-21-130 systemd[2084]: Closed snapd.session-agent.socket - REST API socket for snapd user session agent.
Aug 21 16:10:41 ip-172-31-21-130 systemd[1]: systemd-logind.service: Deactivated successfully.
Aug 21 16:10:41 ip-172-31-21-130 systemd[1]: Stopped systemd-logind.service - User Login Management.
Aug 21 16:10:41 ip-172-31-21-130 systemd[2084]: Closed gpg-agent-ssh.socket - GnuPG cryptographic agent (ssh-agent emulation).
Aug 21 16:10:41 ip-172-31-21-130 systemd[2084]: Removed slice app.slice - User Application Slice.
Aug 21 16:10:41 ip-172-31-21-130 systemd[2084]: Reached target shutdown.target - Shutdown.
Aug 21 16:10:41 ip-172-31-21-130 systemd[2084]: Finished systemd-exit.service - Exit the Session.
Aug 21 16:10:41 ip-172-31-21-130 systemd[2084]: Reached target exit.target - Exit the Session.
Aug 21 16:10:41 ip-172-31-21-130 (sd-pam)[2085]: pam_unix(systemd-user:session): session closed for user ubuntu
Aug 21 16:10:41 ip-172-31-21-130 systemd[1]: user@1000.service: Deactivated successfully.
Aug 21 16:10:41 ip-172-31-21-130 systemd[1]: Stopped user@1000.service - User Manager for UID 1000.
Aug 21 16:10:41 ip-172-31-21-130 systemd[1]: Stopping systemd-user-sessions.service - Permit User Sessions...
Aug 21 16:10:41 ip-172-31-21-130 systemd[1]: Stopping user-runtime-dir@1000.service - User Runtime Directory /run/user/1000...
Aug 21 16:10:41 ip-172-31-21-130 systemd[1]: systemd-user-sessions.service: Deactivated successfully.
Aug 21 16:10:41 ip-172-31-21-130 systemd[1]: Stopped systemd-user-sessions.service - Permit User Sessions.
Aug 21 16:10:41 ip-172-31-21-130 systemd[1]: run-user-1000.mount: Deactivated successfully.
Aug 21 16:10:41 ip-172-31-21-130 systemd[1]: Unmounted run-user-1000.mount - /run/user/1000.
Aug 21 16:10:41 ip-172-31-21-130 systemd[1]: user-runtime-dir@1000.service: Deactivated successfully.
Aug 21 16:10:41 ip-172-31-21-130 systemd[1]: Stopped user-runtime-dir@1000.service - User Runtime Directory /run/user/1000.
Aug 21 16:10:41 ip-172-31-21-130 systemd[1]: Removed slice user-1000.slice - User Slice of UID 1000.
Aug 21 16:10:41 ip-172-31-21-130 systemd[1]: user-1000.slice: Consumed 1.776s CPU time.
Aug 21 16:10:41 ip-172-31-21-130 systemd-tmpfiles[2447]: /run/finalrd-libs.conf:47: Duplicate line for path "/run/initramfs/lib64", ignoring.
Aug 21 16:10:41 ip-172-31-21-130 finalrd[2449]: run-parts: executing /usr/share/finalrd/kexec-tools.finalrd setup
Aug 21 16:10:41 ip-172-31-21-130 systemd[1]: apport.service: Deactivated successfully.
Aug 21 16:10:41 ip-172-31-21-130 systemd[1]: Stopped apport.service - automatic crash report generation.
Aug 21 16:10:41 ip-172-31-21-130 systemd[1]: Stopped target remote-fs.target - Remote File Systems.
Aug 21 16:10:41 ip-172-31-21-130 systemd[1]: Stopped target remote-fs-pre.target - Preparation for Remote File Systems.
Aug 21 16:10:41 ip-172-31-21-130 finalrd[2449]: run-parts: executing /usr/share/finalrd/mdadm.finalrd setup
Aug 21 16:10:41 ip-172-31-21-130 finalrd[2449]: run-parts: executing /usr/share/finalrd/open-iscsi.finalrd setup
Aug 21 16:10:42 ip-172-31-21-130 systemd[1]: finalrd.service: Deactivated successfully.
Aug 21 16:10:42 ip-172-31-21-130 systemd[1]: Stopped finalrd.service - Create final runtime dir for shutdown pivot root.
Aug 21 16:10:44 ip-172-31-21-130 snapd[659]: standby.go:121: standby monitoring stop requested
Aug 21 16:10:44 ip-172-31-21-130 snapd[659]: overlord.go:568: Released state lock file
Aug 21 16:10:44 ip-172-31-21-130 snapd[659]: seclog.go:189: security logger disabled
Aug 21 16:10:44 ip-172-31-21-130 systemd[1]: snapd.service: Deactivated successfully.
Aug 21 16:10:44 ip-172-31-21-130 systemd[1]: Stopped snapd.service - Snap Daemon.
Aug 21 16:10:44 ip-172-31-21-130 systemd[1]: snapd.service: Consumed 2.105s CPU time.
Aug 21 16:10:44 ip-172-31-21-130 systemd[1]: Stopped target time-set.target - System Time Set.
Aug 21 16:10:48 ip-172-31-21-130 amazon-ssm-agent.amazon-ssm-agent[653]: 2026-08-21 16:10:48.6057 INFO [CredentialRefresher] Sending credential refresher stop signal
Aug 21 16:10:48 ip-172-31-21-130 amazon-ssm-agent.amazon-ssm-agent[653]: 2026-08-21 16:10:48.6057 INFO [Registrar] Registrar is already stopped
Aug 21 16:10:48 ip-172-31-21-130 amazon-ssm-agent.amazon-ssm-agent[653]: 2026-08-21 16:10:48.6062 INFO [amazon-ssm-agent] Bye.
Aug 21 16:10:48 ip-172-31-21-130 systemd[1]: snap.amazon-ssm-agent.amazon-ssm-agent.service: Deactivated successfully.
Aug 21 16:10:48 ip-172-31-21-130 systemd[1]: Stopped snap.amazon-ssm-agent.amazon-ssm-agent.service - Service for snap application amazon-ssm-agent.amazon-ssm-agent.
Aug 21 16:10:48 ip-172-31-21-130 systemd[1]: snap.amazon-ssm-agent.amazon-ssm-agent.service: Consumed 1.821s CPU time.
Aug 21 16:10:48 ip-172-31-21-130 systemd[1]: Stopped target basic.target - Basic System.
Aug 21 16:10:48 ip-172-31-21-130 systemd[1]: Stopped target network.target - Network.
Aug 21 16:10:48 ip-172-31-21-130 systemd[1]: Stopped target paths.target - Path Units.
Aug 21 16:10:48 ip-172-31-21-130 systemd[1]: acpid.path: Deactivated successfully.
Aug 21 16:10:48 ip-172-31-21-130 systemd[1]: Stopped acpid.path - ACPI Events Check.
Aug 21 16:10:48 ip-172-31-21-130 systemd[1]: Stopped target slices.target - Slice Units.
Aug 21 16:10:48 ip-172-31-21-130 systemd[1]: Removed slice user.slice - User and Session Slice.
Aug 21 16:10:48 ip-172-31-21-130 systemd[1]: user.slice: Consumed 10.814s CPU time.
Aug 21 16:10:48 ip-172-31-21-130 systemd[1]: Stopped target sockets.target - Socket Units.
Aug 21 16:10:48 ip-172-31-21-130 systemd[1]: acpid.socket: Deactivated successfully.
Aug 21 16:10:48 ip-172-31-21-130 systemd[1]: Closed acpid.socket - ACPID Listen Socket.
Aug 21 16:10:48 ip-172-31-21-130 systemd[1]: iscsid.socket: Deactivated successfully.
Aug 21 16:10:48 ip-172-31-21-130 systemd[1]: Closed iscsid.socket - Open-iSCSI iscsid Socket.
Aug 21 16:10:48 ip-172-31-21-130 systemd[1]: lxd-installer.socket: Deactivated successfully.
Aug 21 16:10:48 ip-172-31-21-130 systemd[1]: Closed lxd-installer.socket - Helper to install lxd snap on demand.
Aug 21 16:10:48 ip-172-31-21-130 systemd[1]: snapd.socket: Deactivated successfully.
Aug 21 16:10:48 ip-172-31-21-130 systemd[1]: Closed snapd.socket - Socket activation for snappy daemon.
Aug 21 16:10:48 ip-172-31-21-130 systemd[1]: ssh.socket: Deactivated successfully.
Aug 21 16:10:48 ip-172-31-21-130 systemd[1]: Closed ssh.socket - OpenBSD Secure Shell server socket.
Aug 21 16:10:48 ip-172-31-21-130 systemd[1]: syslog.socket: Deactivated successfully.
Aug 21 16:10:48 ip-172-31-21-130 systemd[1]: Closed syslog.socket - Syslog Socket.
Aug 21 16:10:48 ip-172-31-21-130 systemd[1]: uuidd.socket: Deactivated successfully.
Aug 21 16:10:48 ip-172-31-21-130 systemd[1]: Closed uuidd.socket - UUID daemon activation socket.
Aug 21 16:10:48 ip-172-31-21-130 systemd[1]: Stopped target sysinit.target - System Initialization.
Aug 21 16:10:48 ip-172-31-21-130 systemd[1]: Stopped target cryptsetup.target - Local Encrypted Volumes.
Aug 21 16:10:48 ip-172-31-21-130 systemd[1]: systemd-ask-password-console.path: Deactivated successfully.
Aug 21 16:10:48 ip-172-31-21-130 systemd[1]: Stopped systemd-ask-password-console.path - Dispatch Password Requests to Console Directory Watch.
Aug 21 16:10:48 ip-172-31-21-130 systemd[1]: systemd-ask-password-wall.path: Deactivated successfully.
Aug 21 16:10:48 ip-172-31-21-130 systemd[1]: Stopped systemd-ask-password-wall.path - Forward Password Requests to Wall Directory Watch.
Aug 21 16:10:48 ip-172-31-21-130 systemd[1]: Stopped target integritysetup.target - Local Integrity Protected Volumes.
Aug 21 16:10:48 ip-172-31-21-130 systemd[1]: Stopped target swap.target - Swaps.
Aug 21 16:10:48 ip-172-31-21-130 systemd[1]: Stopped target veritysetup.target - Local Verity Protected Volumes.
Aug 21 16:10:48 ip-172-31-21-130 systemd[1]: cloud-init.service: Deactivated successfully.
Aug 21 16:10:48 ip-172-31-21-130 systemd[1]: Stopped cloud-init.service - Cloud-init: Network Stage.
Aug 21 16:10:48 ip-172-31-21-130 systemd[1]: Stopping systemd-binfmt.service - Set Up Additional Binary Formats...
Aug 21 16:10:48 ip-172-31-21-130 systemd[1]: systemd-networkd-wait-online.service: Deactivated successfully.
Aug 21 16:10:48 ip-172-31-21-130 systemd[1]: Stopped systemd-networkd-wait-online.service - Wait for Network to be Configured.
Aug 21 16:10:48 ip-172-31-21-130 systemd[1]: Stopping systemd-networkd.service - Network Configuration...
Aug 21 16:10:48 ip-172-31-21-130 systemd-networkd[593]: enX0: DHCP lease lost
Aug 21 16:10:48 ip-172-31-21-130 systemd[1]: Stopping systemd-resolved.service - Network Name Resolution...
Aug 21 16:10:48 ip-172-31-21-130 systemd-networkd[593]: enX0: DHCPv6 lease lost
Aug 21 16:10:48 ip-172-31-21-130 systemd[1]: Stopping systemd-update-utmp.service - Record System Boot/Shutdown in UTMP...
Aug 21 16:10:48 ip-172-31-21-130 systemd[1]: systemd-binfmt.service: Deactivated successfully.
Aug 21 16:10:48 ip-172-31-21-130 systemd[1]: Stopped systemd-binfmt.service - Set Up Additional Binary Formats.
Aug 21 16:10:48 ip-172-31-21-130 systemd[1]: proc-sys-fs-binfmt_misc.automount: Deactivated successfully.
Aug 21 16:10:48 ip-172-31-21-130 systemd[1]: Unset automount proc-sys-fs-binfmt_misc.automount - Arbitrary Executable File Formats File System Automount Point.
Aug 21 16:10:48 ip-172-31-21-130 systemd[1]: proc-sys-fs-binfmt_misc.mount: Deactivated successfully.
Aug 21 16:10:48 ip-172-31-21-130 systemd[1]: systemd-resolved.service: Deactivated successfully.
Aug 21 16:10:48 ip-172-31-21-130 systemd[1]: Stopped systemd-resolved.service - Network Name Resolution.
Aug 21 16:10:48 ip-172-31-21-130 systemd[1]: systemd-networkd.service: Deactivated successfully.
Aug 21 16:10:48 ip-172-31-21-130 systemd[1]: Stopped systemd-networkd.service - Network Configuration.
Aug 21 16:10:48 ip-172-31-21-130 systemd[1]: Stopped target network-pre.target - Preparation for Network.
Aug 21 16:10:48 ip-172-31-21-130 systemd[1]: systemd-networkd.socket: Deactivated successfully.
Aug 21 16:10:48 ip-172-31-21-130 systemd[1]: Closed systemd-networkd.socket - Network Service Netlink Socket.
Aug 21 16:10:48 ip-172-31-21-130 systemd[1]: cloud-init-local.service: Deactivated successfully.
Aug 21 16:10:48 ip-172-31-21-130 systemd[1]: Stopped cloud-init-local.service - Cloud-init: Local Stage (pre-network).
Aug 21 16:10:48 ip-172-31-21-130 systemd[1]: systemd-sysctl.service: Deactivated successfully.
Aug 21 16:10:48 ip-172-31-21-130 systemd[1]: Stopped systemd-sysctl.service - Apply Kernel Variables.
Aug 21 16:10:48 ip-172-31-21-130 systemd[1]: systemd-modules-load.service: Deactivated successfully.
Aug 21 16:10:48 ip-172-31-21-130 systemd[1]: Stopped systemd-modules-load.service - Load Kernel Modules.
Aug 21 16:10:48 ip-172-31-21-130 systemd[1]: systemd-update-utmp.service: Deactivated successfully.
Aug 21 16:10:48 ip-172-31-21-130 systemd[1]: Stopped systemd-update-utmp.service - Record System Boot/Shutdown in UTMP.
Aug 21 16:10:48 ip-172-31-21-130 systemd[1]: systemd-tmpfiles-setup.service: Deactivated successfully.
Aug 21 16:10:48 ip-172-31-21-130 systemd[1]: Stopped systemd-tmpfiles-setup.service - Create Volatile Files and Directories.
Aug 21 16:10:48 ip-172-31-21-130 systemd[1]: Stopped target local-fs.target - Local File Systems.
Aug 21 16:10:48 ip-172-31-21-130 systemd[1]: Stopped target snapd.mounts.target - Mounted snaps.
Aug 21 16:10:48 ip-172-31-21-130 systemd[1]: Unmounting boot-efi.mount - /boot/efi...
Aug 21 16:10:48 ip-172-31-21-130 systemd[1]: Unmounting snap-amazon\x2dssm\x2dagent-13009.mount - Mount unit for amazon-ssm-agent, revision 13009...
Aug 21 16:10:48 ip-172-31-21-130 systemd[1]: Unmounting snap-amazon\x2dssm\x2dagent-13349.mount - Mount unit for amazon-ssm-agent, revision 13349...
Aug 21 16:10:48 ip-172-31-21-130 systemd[1]: Unmounting snap-core22-2411.mount - Mount unit for core22, revision 2411...
Aug 21 16:10:48 ip-172-31-21-130 systemd[1]: Unmounting snap-core22-2437.mount - Mount unit for core22, revision 2437...
Aug 21 16:10:48 ip-172-31-21-130 systemd[1]: Unmounting snap-snapd-26865.mount - Mount unit for snapd, revision 26865...
Aug 21 16:10:48 ip-172-31-21-130 systemd[1]: Unmounting snap-snapd-27710.mount - Mount unit for snapd, revision 27710...
Aug 21 16:10:48 ip-172-31-21-130 systemd[1]: boot-efi.mount: Deactivated successfully.
Aug 21 16:10:48 ip-172-31-21-130 systemd[1]: Unmounted boot-efi.mount - /boot/efi.
Aug 21 16:10:48 ip-172-31-21-130 systemd[1]: Unmounting boot.mount - /boot...
Aug 21 16:10:48 ip-172-31-21-130 systemd[1]: systemd-fsck@dev-disk-by\x2dlabel-UEFI.service: Deactivated successfully.
Aug 21 16:10:48 ip-172-31-21-130 systemd[1]: Stopped systemd-fsck@dev-disk-by\x2dlabel-UEFI.service - File System Check on /dev/disk/by-label/UEFI.
Aug 21 16:10:48 ip-172-31-21-130 systemd[1]: snap-amazon\x2dssm\x2dagent-13009.mount: Deactivated successfully.
Aug 21 16:10:48 ip-172-31-21-130 systemd[1]: Unmounted snap-amazon\x2dssm\x2dagent-13009.mount - Mount unit for amazon-ssm-agent, revision 13009.
Aug 21 16:10:48 ip-172-31-21-130 systemd[1]: snap-amazon\x2dssm\x2dagent-13349.mount: Deactivated successfully.
Aug 21 16:10:48 ip-172-31-21-130 systemd[1]: Unmounted snap-amazon\x2dssm\x2dagent-13349.mount - Mount unit for amazon-ssm-agent, revision 13349.
Aug 21 16:10:48 ip-172-31-21-130 systemd[1]: snap-core22-2411.mount: Deactivated successfully.
Aug 21 16:10:48 ip-172-31-21-130 systemd[1]: Unmounted snap-core22-2411.mount - Mount unit for core22, revision 2411.
Aug 21 16:10:48 ip-172-31-21-130 systemd[1]: snap-core22-2437.mount: Deactivated successfully.
Aug 21 16:10:48 ip-172-31-21-130 systemd[1]: Unmounted snap-core22-2437.mount - Mount unit for core22, revision 2437.
Aug 21 16:10:48 ip-172-31-21-130 systemd[1]: snap-snapd-26865.mount: Deactivated successfully.
Aug 21 16:10:48 ip-172-31-21-130 systemd[1]: Unmounted snap-snapd-26865.mount - Mount unit for snapd, revision 26865.
Aug 21 16:10:48 ip-172-31-21-130 systemd[1]: snap-snapd-27710.mount: Deactivated successfully.
Aug 21 16:10:48 ip-172-31-21-130 systemd[1]: Unmounted snap-snapd-27710.mount - Mount unit for snapd, revision 27710.
Aug 21 16:10:48 ip-172-31-21-130 systemd[1]: Stopped target snapd.mounts-pre.target - Mounting snaps.
Aug 21 16:10:48 ip-172-31-21-130 kernel: EXT4-fs (xvda16): unmounting filesystem 8fb95cef-95fc-48ca-aaab-3f1b1df59748.
Aug 21 16:10:48 ip-172-31-21-130 systemd[1]: boot.mount: Deactivated successfully.
Aug 21 16:10:48 ip-172-31-21-130 systemd[1]: Unmounted boot.mount - /boot.
Aug 21 16:10:48 ip-172-31-21-130 systemd[1]: Reached target umount.target - Unmount All Filesystems.
Aug 21 16:10:48 ip-172-31-21-130 systemd[1]: systemd-fsck@dev-disk-by\x2dlabel-BOOT.service: Deactivated successfully.
Aug 21 16:10:48 ip-172-31-21-130 systemd[1]: Stopped systemd-fsck@dev-disk-by\x2dlabel-BOOT.service - File System Check on /dev/disk/by-label/BOOT.
Aug 21 16:10:48 ip-172-31-21-130 systemd[1]: Removed slice system-systemd\x2dfsck.slice - Slice /system/systemd-fsck.
Aug 21 16:10:48 ip-172-31-21-130 systemd[1]: Stopped target local-fs-pre.target - Preparation for Local File Systems.
Aug 21 16:10:48 ip-172-31-21-130 systemd[1]: Stopping lvm2-monitor.service - Monitoring of LVM2 mirrors, snapshots etc. using dmeventd or progress polling...
Aug 21 16:10:48 ip-172-31-21-130 multipathd[189]: multipathd: shut down
Aug 21 16:10:48 ip-172-31-21-130 systemd[1]: Stopping multipathd.service - Device-Mapper Multipath Device Controller...
Aug 21 16:10:48 ip-172-31-21-130 systemd[1]: systemd-tmpfiles-setup-dev.service: Deactivated successfully.
Aug 21 16:10:48 ip-172-31-21-130 systemd[1]: Stopped systemd-tmpfiles-setup-dev.service - Create Static Device Nodes in /dev.
Aug 21 16:10:48 ip-172-31-21-130 systemd[1]: systemd-tmpfiles-setup-dev-early.service: Deactivated successfully.
Aug 21 16:10:48 ip-172-31-21-130 systemd[1]: Stopped systemd-tmpfiles-setup-dev-early.service - Create Static Device Nodes in /dev gracefully.
Aug 21 16:10:48 ip-172-31-21-130 systemd[1]: multipathd.service: Deactivated successfully.
Aug 21 16:10:48 ip-172-31-21-130 systemd[1]: Stopped multipathd.service - Device-Mapper Multipath Device Controller.
Aug 21 16:10:48 ip-172-31-21-130 systemd[1]: multipathd.service: Consumed 1.542s CPU time.
Aug 21 16:10:48 ip-172-31-21-130 systemd[1]: systemd-remount-fs.service: Deactivated successfully.
Aug 21 16:10:48 ip-172-31-21-130 systemd[1]: Stopped systemd-remount-fs.service - Remount Root and Kernel File Systems.
Aug 21 16:10:48 ip-172-31-21-130 systemd[1]: systemd-fsck-root.service: Deactivated successfully.
Aug 21 16:10:48 ip-172-31-21-130 systemd[1]: Stopped systemd-fsck-root.service - File System Check on Root Device.
Aug 21 16:10:48 ip-172-31-21-130 systemd[1]: lvm2-monitor.service: Deactivated successfully.
Aug 21 16:10:48 ip-172-31-21-130 systemd[1]: Stopped lvm2-monitor.service - Monitoring of LVM2 mirrors, snapshots etc. using dmeventd or progress polling.
Aug 21 16:10:48 ip-172-31-21-130 systemd[1]: Reached target shutdown.target - System Shutdown.
Aug 21 16:10:48 ip-172-31-21-130 systemd[1]: Reached target final.target - Late Shutdown Services.
Aug 21 16:10:48 ip-172-31-21-130 systemd[1]: systemd-poweroff.service: Deactivated successfully.
Aug 21 16:10:48 ip-172-31-21-130 systemd[1]: Finished systemd-poweroff.service - System Power Off.
Aug 21 16:10:48 ip-172-31-21-130 systemd[1]: Reached target poweroff.target - System Power Off.
Aug 21 16:10:48 ip-172-31-21-130 systemd[1]: Shutting down.
Aug 21 16:10:48 ip-172-31-21-130 systemd-shutdown[1]: Syncing filesystems and block devices.
Aug 21 16:10:48 ip-172-31-21-130 systemd-shutdown[1]: Sending SIGTERM to remaining processes...
Aug 21 16:10:48 ip-172-31-21-130 systemd-journald[129]: Received SIGTERM from PID 1 (systemd-shutdow).
Aug 21 16:10:48 ip-172-31-21-130 systemd-journald[129]: Journal stopped